case_id,parameter,level,parameter_value,n_functions,median_function_error,mean_function_error,q25_function_error,q75_function_error,min_function_error,max_function_error
Delta0_frac__lower,Delta0_frac,lower,0.025,30,352.0964220519529,223427.96347500305,35.49200580658447,10931.979288163035,0.3244320396602234,5686836.620680642
Delta0_frac__upper,Delta0_frac,upper,0.1,30,344.271441178088,285603.8460534809,34.70321261015144,15658.76502885625,0.3256112647218288,7540061.646277099
baseline,baseline,baseline,,30,344.7502985237994,297823.8698668873,36.23896748590863,11218.165997379894,0.3129456414847027,8005216.044871672
c_minus__stronger_contraction,c_minus,stronger_contraction,0.5856620185738528,30,337.2641078848161,284372.8217655792,37.04701360858044,17565.349795387756,0.2985391185145545,7554450.838824847
c_minus__weaker_contraction,c_minus,weaker_contraction,0.8366600265340756,30,333.55445275491115,152255.12691180265,34.68528947898716,15518.400287408636,0.1456908102330771,3822395.01070657
delta0_frac__lower,delta0_frac,lower,0.0025,30,353.89793793050194,124510.99159492628,32.41660874936434,8268.841382744564,0.062785981261527,3164768.4627760337
delta0_frac__upper,delta0_frac,upper,0.01,30,351.2621461819749,421772.95550588204,39.447523083527784,34895.87691691074,0.3167051559216816,9493134.505272243
gate_stag_scale__lower,gate_stag_scale,lower,40.0,30,346.4348350249031,251095.8202093753,34.666106960483916,14191.622446451853,0.1912176910913103,6550511.091195358
gate_stag_scale__upper,gate_stag_scale,upper,160.0,30,345.2225282010346,188183.05559994932,36.78698240932764,9151.677053572344,0.3350407181392256,4505559.377834237
mem_pull__lower,mem_pull,lower,0.175,30,363.5976334024697,131727.3647463753,35.47014739534205,12476.934096359966,0.2947566659354379,2936026.1924339994
mem_pull__upper,mem_pull,upper,0.525,30,328.9150993620508,195391.69942214777,34.28375002187255,9804.573154319036,0.2424668934097553,4804517.83354958
mem_push__lower,mem_push,lower,0.125,30,320.19832125546714,305873.9004172176,31.830525803720835,16742.016615282908,0.2900603787518321,7700392.185988564
mem_push__upper,mem_push,upper,0.375,30,370.7043612056448,258892.3788851617,35.863349210458956,13534.328049282918,0.2858142400079941,6371615.358381411
s0_frac__lower,s0_frac,lower,0.01,30,351.8617769472787,133003.4425858114,33.918329658004865,15508.88849525854,0.3024780467683285,2502291.251536529
s0_frac__upper,s0_frac,upper,0.04,30,303.7483156656177,166223.80361814576,32.889785946274856,17347.16586898301,0.2766600810655291,3883319.7260393775
stag_trigger__lower,stag_trigger,lower,30.0,30,344.9794989022457,178880.29438533532,35.23416791270469,14198.555989016017,0.2824500286474176,4418397.595748012
stag_trigger__upper,stag_trigger,upper,120.0,30,359.31359164363244,248943.13737935896,36.49333003038279,9283.18423531221,0.3642074025237889,6388965.705558855
