case_id,parameter,level,parameter_value,comparison,n_functions,wilcoxon_statistic,p_raw,p_holm,significant_holm_0.05,rank_biserial_perturbation_minus_baseline,median_paired_difference_perturbation_minus_baseline,bootstrap95_median_diff_low,bootstrap95_median_diff_high,wins_perturbation_better,ties,losses_perturbation_worse
Delta0_frac__lower,Delta0_frac,lower,0.025,Delta0_frac__lower vs baseline,30,222.0,0.8393927440047264,1.0,False,0.04516129032258064,0.09379376642436821,-0.26500518109685345,2.3098997342257226,14,0,16
Delta0_frac__upper,Delta0_frac,upper,0.1,Delta0_frac__upper vs baseline,30,166.0,0.17719271034002304,1.0,False,0.2860215053763441,0.012388086282371091,-0.10935903068366315,306.0965111258479,14,0,16
c_minus__stronger_contraction,c_minus,stronger_contraction,0.5856620185738528,c_minus__stronger_contraction vs baseline,30,163.0,0.15794767439365387,1.0,False,0.2989247311827957,0.09405030732796063,-0.024254372992572826,3.0127954475206167,12,0,18
c_minus__weaker_contraction,c_minus,weaker_contraction,0.8366600265340756,c_minus__weaker_contraction vs baseline,30,228.0,0.935398668050766,1.0,False,0.01935483870967742,-0.003017489927046313,-0.30191225841713276,1.3397808038483987,16,0,14
delta0_frac__lower,delta0_frac,lower,0.0025,delta0_frac__lower vs baseline,30,133.0,0.04048972204327583,0.5263663865625858,False,-0.42795698924731185,-0.555991185195893,-6.127053789402454,-0.012898794517923307,22,0,8
delta0_frac__upper,delta0_frac,upper,0.01,delta0_frac__upper vs baseline,30,18.0,4.7124922275543213e-07,7.539987564086914e-06,True,0.9225806451612903,8.311764628938704,1.9644823721773434,209.21884369589543,4,0,26
gate_stag_scale__lower,gate_stag_scale,lower,40.0,gate_stag_scale__lower vs baseline,30,205.0,0.583757072687149,1.0,False,-0.11827956989247312,-0.018523607544921994,-0.21332029346228953,0.10159467619808993,17,0,13
gate_stag_scale__upper,gate_stag_scale,upper,160.0,gate_stag_scale__upper vs baseline,30,177.0,0.2621222734451294,1.0,False,0.23870967741935484,0.02156707855837678,-0.043442458057825206,0.912558663728646,12,0,18
mem_pull__lower,mem_pull,lower,0.175,mem_pull__lower vs baseline,30,125.0,0.026228994131088257,0.39343491196632385,False,0.46236559139784944,1.8301382908382493,-0.005905901749542863,52.75542625021137,10,0,20
mem_pull__upper,mem_pull,upper,0.525,mem_pull__upper vs baseline,30,186.0,0.3492113798856735,1.0,False,-0.2,-0.04791804708077055,-3.056919690749851,0.0794203476244899,16,0,14
mem_push__lower,mem_push,lower,0.125,mem_push__lower vs baseline,30,216.0,0.7456546742469072,1.0,False,0.07096774193548387,0.002328567618576527,-0.149125658286124,0.9049474876561732,15,0,15
mem_push__upper,mem_push,upper,0.375,mem_push__upper vs baseline,30,127.0,0.029325857758522034,0.41056200861930847,False,0.45376344086021503,1.1833106319580784,-0.015331532604946602,56.71857341060843,11,0,19
s0_frac__lower,s0_frac,lower,0.01,s0_frac__lower vs baseline,30,170.0,0.20540969260036945,1.0,False,0.26881720430107525,0.12899630267463646,-0.029319598457448137,2.9177382632033755,13,0,17
s0_frac__upper,s0_frac,upper,0.04,s0_frac__upper vs baseline,30,169.0,0.19807579927146435,1.0,False,-0.2731182795698925,-0.24208135867917058,-2.5695814503683323,0.008054570329150607,19,0,11
stag_trigger__lower,stag_trigger,lower,30.0,stag_trigger__lower vs baseline,30,172.0,0.22064675763249397,1.0,False,-0.26021505376344084,-0.033410880305041274,-0.5679718157107345,8.204417679283371e-05,20,0,10
stag_trigger__upper,stag_trigger,upper,120.0,stag_trigger__upper vs baseline,30,162.0,0.15188691951334476,1.0,False,0.3032258064516129,0.04786670625379941,-8.63352875057899e-06,2.1061381382793343,11,0,19
