suite,cocoex_version,function_id,instance_id,dimension,problem_id,f_opt
bbob,2.8.2,1,1,2,bbob_f001_i01_d02,79.48
bbob,2.8.2,1,2,2,bbob_f001_i02_d02,394.48
bbob,2.8.2,1,3,2,bbob_f001_i03_d02,-247.11
bbob,2.8.2,1,4,2,bbob_f001_i04_d02,-152.04
bbob,2.8.2,1,5,2,bbob_f001_i05_d02,-25.25
bbob,2.8.2,1,71,2,bbob_f001_i71_d02,183.01
bbob,2.8.2,1,72,2,bbob_f001_i72_d02,183.52
bbob,2.8.2,1,73,2,bbob_f001_i73_d02,-593.84
bbob,2.8.2,1,74,2,bbob_f001_i74_d02,-1000.0
bbob,2.8.2,1,75,2,bbob_f001_i75_d02,-25.31
bbob,2.8.2,1,76,2,bbob_f001_i76_d02,22.28
bbob,2.8.2,1,77,2,bbob_f001_i77_d02,356.14
bbob,2.8.2,1,78,2,bbob_f001_i78_d02,-475.7
bbob,2.8.2,1,79,2,bbob_f001_i79_d02,-1000.0
bbob,2.8.2,1,80,2,bbob_f001_i80_d02,-41.58
bbob,2.8.2,2,1,2,bbob_f002_i01_d02,-209.88
bbob,2.8.2,2,2,2,bbob_f002_i02_d02,-92.09
bbob,2.8.2,2,3,2,bbob_f002_i03_d02,-87.89
bbob,2.8.2,2,4,2,bbob_f002_i04_d02,320.19
bbob,2.8.2,2,5,2,bbob_f002_i05_d02,-104.24
bbob,2.8.2,2,71,2,bbob_f002_i71_d02,-67.85
bbob,2.8.2,2,72,2,bbob_f002_i72_d02,-363.98
bbob,2.8.2,2,73,2,bbob_f002_i73_d02,-18.65
bbob,2.8.2,2,74,2,bbob_f002_i74_d02,174.92
bbob,2.8.2,2,75,2,bbob_f002_i75_d02,-565.96
bbob,2.8.2,2,76,2,bbob_f002_i76_d02,70.95
bbob,2.8.2,2,77,2,bbob_f002_i77_d02,47.28
bbob,2.8.2,2,78,2,bbob_f002_i78_d02,-568.88
bbob,2.8.2,2,79,2,bbob_f002_i79_d02,20.69
bbob,2.8.2,2,80,2,bbob_f002_i80_d02,561.67
bbob,2.8.2,3,1,2,bbob_f003_i01_d02,-462.09
bbob,2.8.2,3,2,2,bbob_f003_i02_d02,77.66
bbob,2.8.2,3,3,2,bbob_f003_i03_d02,115.68
bbob,2.8.2,3,4,2,bbob_f003_i04_d02,-3.71
bbob,2.8.2,3,5,2,bbob_f003_i05_d02,132.18
bbob,2.8.2,3,71,2,bbob_f003_i71_d02,-39.3
bbob,2.8.2,3,72,2,bbob_f003_i72_d02,42.96
bbob,2.8.2,3,73,2,bbob_f003_i73_d02,284.22
bbob,2.8.2,3,74,2,bbob_f003_i74_d02,-32.17
bbob,2.8.2,3,75,2,bbob_f003_i75_d02,-58.58
bbob,2.8.2,3,76,2,bbob_f003_i76_d02,-604.92
bbob,2.8.2,3,77,2,bbob_f003_i77_d02,133.7
bbob,2.8.2,3,78,2,bbob_f003_i78_d02,-20.98
bbob,2.8.2,3,79,2,bbob_f003_i79_d02,135.33
bbob,2.8.2,3,80,2,bbob_f003_i80_d02,40.66
bbob,2.8.2,4,1,2,bbob_f004_i01_d02,-462.09
bbob,2.8.2,4,2,2,bbob_f004_i02_d02,77.66
bbob,2.8.2,4,3,2,bbob_f004_i03_d02,115.68
bbob,2.8.2,4,4,2,bbob_f004_i04_d02,-3.71
bbob,2.8.2,4,5,2,bbob_f004_i05_d02,132.18
bbob,2.8.2,4,71,2,bbob_f004_i71_d02,-39.3
bbob,2.8.2,4,72,2,bbob_f004_i72_d02,42.96
bbob,2.8.2,4,73,2,bbob_f004_i73_d02,284.22
bbob,2.8.2,4,74,2,bbob_f004_i74_d02,-32.17
bbob,2.8.2,4,75,2,bbob_f004_i75_d02,-58.58
bbob,2.8.2,4,76,2,bbob_f004_i76_d02,-604.92
bbob,2.8.2,4,77,2,bbob_f004_i77_d02,133.7
bbob,2.8.2,4,78,2,bbob_f004_i78_d02,-20.98
bbob,2.8.2,4,79,2,bbob_f004_i79_d02,135.33
bbob,2.8.2,4,80,2,bbob_f004_i80_d02,40.66
bbob,2.8.2,5,1,2,bbob_f005_i01_d02,-9.21
bbob,2.8.2,5,2,2,bbob_f005_i02_d02,655.99
bbob,2.8.2,5,3,2,bbob_f005_i03_d02,66.71
bbob,2.8.2,5,4,2,bbob_f005_i04_d02,941.67
bbob,2.8.2,5,5,2,bbob_f005_i05_d02,-37.45
bbob,2.8.2,5,71,2,bbob_f005_i71_d02,-66.39
bbob,2.8.2,5,72,2,bbob_f005_i72_d02,-226.01
bbob,2.8.2,5,73,2,bbob_f005_i73_d02,1000.0
bbob,2.8.2,5,74,2,bbob_f005_i74_d02,-183.02
bbob,2.8.2,5,75,2,bbob_f005_i75_d02,-102.62
bbob,2.8.2,5,76,2,bbob_f005_i76_d02,99.53
bbob,2.8.2,5,77,2,bbob_f005_i77_d02,149.59
bbob,2.8.2,5,78,2,bbob_f005_i78_d02,-1000.0
bbob,2.8.2,5,79,2,bbob_f005_i79_d02,-29.22
bbob,2.8.2,5,80,2,bbob_f005_i80_d02,-40.96
bbob,2.8.2,6,1,2,bbob_f006_i01_d02,35.9
bbob,2.8.2,6,2,2,bbob_f006_i02_d02,31.37
bbob,2.8.2,6,3,2,bbob_f006_i03_d02,-1000.0
bbob,2.8.2,6,4,2,bbob_f006_i04_d02,131.92
bbob,2.8.2,6,5,2,bbob_f006_i05_d02,590.84
bbob,2.8.2,6,71,2,bbob_f006_i71_d02,67.49
bbob,2.8.2,6,72,2,bbob_f006_i72_d02,30.85
bbob,2.8.2,6,73,2,bbob_f006_i73_d02,-12.55
bbob,2.8.2,6,74,2,bbob_f006_i74_d02,538.39
bbob,2.8.2,6,75,2,bbob_f006_i75_d02,-105.56
bbob,2.8.2,6,76,2,bbob_f006_i76_d02,98.03
bbob,2.8.2,6,77,2,bbob_f006_i77_d02,1000.0
bbob,2.8.2,6,78,2,bbob_f006_i78_d02,1.49
bbob,2.8.2,6,79,2,bbob_f006_i79_d02,596.35
bbob,2.8.2,6,80,2,bbob_f006_i80_d02,-118.97
bbob,2.8.2,7,1,2,bbob_f007_i01_d02,92.94
bbob,2.8.2,7,2,2,bbob_f007_i02_d02,35.35
bbob,2.8.2,7,3,2,bbob_f007_i03_d02,3.82
bbob,2.8.2,7,4,2,bbob_f007_i04_d02,21.75
bbob,2.8.2,7,5,2,bbob_f007_i05_d02,64.79
bbob,2.8.2,7,71,2,bbob_f007_i71_d02,-1000.0
bbob,2.8.2,7,72,2,bbob_f007_i72_d02,164.07
bbob,2.8.2,7,73,2,bbob_f007_i73_d02,-165.68
bbob,2.8.2,7,74,2,bbob_f007_i74_d02,92.84
bbob,2.8.2,7,75,2,bbob_f007_i75_d02,-367.92
bbob,2.8.2,7,76,2,bbob_f007_i76_d02,49.5
bbob,2.8.2,7,77,2,bbob_f007_i77_d02,-12.77
bbob,2.8.2,7,78,2,bbob_f007_i78_d02,63.65
bbob,2.8.2,7,79,2,bbob_f007_i79_d02,699.19
bbob,2.8.2,7,80,2,bbob_f007_i80_d02,1000.0
bbob,2.8.2,8,1,2,bbob_f008_i01_d02,149.15
bbob,2.8.2,8,2,2,bbob_f008_i02_d02,-1000.0
bbob,2.8.2,8,3,2,bbob_f008_i03_d02,98.62
bbob,2.8.2,8,4,2,bbob_f008_i04_d02,-47.15
bbob,2.8.2,8,5,2,bbob_f008_i05_d02,37.52
bbob,2.8.2,8,71,2,bbob_f008_i71_d02,6.74
bbob,2.8.2,8,72,2,bbob_f008_i72_d02,-189.79
bbob,2.8.2,8,73,2,bbob_f008_i73_d02,-27.74
bbob,2.8.2,8,74,2,bbob_f008_i74_d02,6.93
bbob,2.8.2,8,75,2,bbob_f008_i75_d02,-44.56
bbob,2.8.2,8,76,2,bbob_f008_i76_d02,1000.0
bbob,2.8.2,8,77,2,bbob_f008_i77_d02,-679.71
bbob,2.8.2,8,78,2,bbob_f008_i78_d02,1000.0
bbob,2.8.2,8,79,2,bbob_f008_i79_d02,10.07
bbob,2.8.2,8,80,2,bbob_f008_i80_d02,-7.54
bbob,2.8.2,9,1,2,bbob_f009_i01_d02,123.83
bbob,2.8.2,9,2,2,bbob_f009_i02_d02,47.51
bbob,2.8.2,9,3,2,bbob_f009_i03_d02,55.34
bbob,2.8.2,9,4,2,bbob_f009_i04_d02,-90.33
bbob,2.8.2,9,5,2,bbob_f009_i05_d02,65.61
bbob,2.8.2,9,71,2,bbob_f009_i71_d02,934.82
bbob,2.8.2,9,72,2,bbob_f009_i72_d02,-63.71
bbob,2.8.2,9,73,2,bbob_f009_i73_d02,1000.0
bbob,2.8.2,9,74,2,bbob_f009_i74_d02,31.97
bbob,2.8.2,9,75,2,bbob_f009_i75_d02,58.19
bbob,2.8.2,9,76,2,bbob_f009_i76_d02,-4.84
bbob,2.8.2,9,77,2,bbob_f009_i77_d02,-63.37
bbob,2.8.2,9,78,2,bbob_f009_i78_d02,2.75
bbob,2.8.2,9,79,2,bbob_f009_i79_d02,-46.81
bbob,2.8.2,9,80,2,bbob_f009_i80_d02,61.34
bbob,2.8.2,10,1,2,bbob_f010_i01_d02,-54.94
bbob,2.8.2,10,2,2,bbob_f010_i02_d02,59.13
bbob,2.8.2,10,3,2,bbob_f010_i03_d02,-491.53
bbob,2.8.2,10,4,2,bbob_f010_i04_d02,-170.2
bbob,2.8.2,10,5,2,bbob_f010_i05_d02,-469.75
bbob,2.8.2,10,71,2,bbob_f010_i71_d02,-51.91
bbob,2.8.2,10,72,2,bbob_f010_i72_d02,48.08
bbob,2.8.2,10,73,2,bbob_f010_i73_d02,30.58
bbob,2.8.2,10,74,2,bbob_f010_i74_d02,1000.0
bbob,2.8.2,10,75,2,bbob_f010_i75_d02,-42.36
bbob,2.8.2,10,76,2,bbob_f010_i76_d02,-71.87
bbob,2.8.2,10,77,2,bbob_f010_i77_d02,-16.5
bbob,2.8.2,10,78,2,bbob_f010_i78_d02,1000.0
bbob,2.8.2,10,79,2,bbob_f010_i79_d02,-1000.0
bbob,2.8.2,10,80,2,bbob_f010_i80_d02,-152.74
bbob,2.8.2,11,1,2,bbob_f011_i01_d02,76.27
bbob,2.8.2,11,2,2,bbob_f011_i02_d02,-22.55
bbob,2.8.2,11,3,2,bbob_f011_i03_d02,13.66
bbob,2.8.2,11,4,2,bbob_f011_i04_d02,937.84
bbob,2.8.2,11,5,2,bbob_f011_i05_d02,-78.72
bbob,2.8.2,11,71,2,bbob_f011_i71_d02,-41.51
bbob,2.8.2,11,72,2,bbob_f011_i72_d02,132.07
bbob,2.8.2,11,73,2,bbob_f011_i73_d02,97.25
bbob,2.8.2,11,74,2,bbob_f011_i74_d02,-20.33
bbob,2.8.2,11,75,2,bbob_f011_i75_d02,94.31
bbob,2.8.2,11,76,2,bbob_f011_i76_d02,-143.69
bbob,2.8.2,11,77,2,bbob_f011_i77_d02,-353.38
bbob,2.8.2,11,78,2,bbob_f011_i78_d02,-2.91
bbob,2.8.2,11,79,2,bbob_f011_i79_d02,-2.97
bbob,2.8.2,11,80,2,bbob_f011_i80_d02,299.63
bbob,2.8.2,12,1,2,bbob_f012_i01_d02,-621.11
bbob,2.8.2,12,2,2,bbob_f012_i02_d02,-254.82
bbob,2.8.2,12,3,2,bbob_f012_i03_d02,56.61
bbob,2.8.2,12,4,2,bbob_f012_i04_d02,-18.1
bbob,2.8.2,12,5,2,bbob_f012_i05_d02,37.77
bbob,2.8.2,12,71,2,bbob_f012_i71_d02,-632.55
bbob,2.8.2,12,72,2,bbob_f012_i72_d02,-85.3
bbob,2.8.2,12,73,2,bbob_f012_i73_d02,171.95
bbob,2.8.2,12,74,2,bbob_f012_i74_d02,68.16
bbob,2.8.2,12,75,2,bbob_f012_i75_d02,1000.0
bbob,2.8.2,12,76,2,bbob_f012_i76_d02,-68.37
bbob,2.8.2,12,77,2,bbob_f012_i77_d02,-55.48
bbob,2.8.2,12,78,2,bbob_f012_i78_d02,-53.49
bbob,2.8.2,12,79,2,bbob_f012_i79_d02,117.27
bbob,2.8.2,12,80,2,bbob_f012_i80_d02,77.89
bbob,2.8.2,13,1,2,bbob_f013_i01_d02,29.97
bbob,2.8.2,13,2,2,bbob_f013_i02_d02,-51.71
bbob,2.8.2,13,3,2,bbob_f013_i03_d02,-279.95
bbob,2.8.2,13,4,2,bbob_f013_i04_d02,931.99
bbob,2.8.2,13,5,2,bbob_f013_i05_d02,113.31
bbob,2.8.2,13,71,2,bbob_f013_i71_d02,28.49
bbob,2.8.2,13,72,2,bbob_f013_i72_d02,-740.58
bbob,2.8.2,13,73,2,bbob_f013_i73_d02,-51.77
bbob,2.8.2,13,74,2,bbob_f013_i74_d02,-222.98
bbob,2.8.2,13,75,2,bbob_f013_i75_d02,5.86
bbob,2.8.2,13,76,2,bbob_f013_i76_d02,204.86
bbob,2.8.2,13,77,2,bbob_f013_i77_d02,115.49
bbob,2.8.2,13,78,2,bbob_f013_i78_d02,195.05
bbob,2.8.2,13,79,2,bbob_f013_i79_d02,-214.48
bbob,2.8.2,13,80,2,bbob_f013_i80_d02,-45.9
bbob,2.8.2,14,1,2,bbob_f014_i01_d02,-52.35
bbob,2.8.2,14,2,2,bbob_f014_i02_d02,-179.54
bbob,2.8.2,14,3,2,bbob_f014_i03_d02,77.31
bbob,2.8.2,14,4,2,bbob_f014_i04_d02,39.92
bbob,2.8.2,14,5,2,bbob_f014_i05_d02,-56.61
bbob,2.8.2,14,71,2,bbob_f014_i71_d02,32.7
bbob,2.8.2,14,72,2,bbob_f014_i72_d02,-39.43
bbob,2.8.2,14,73,2,bbob_f014_i73_d02,419.72
bbob,2.8.2,14,74,2,bbob_f014_i74_d02,7.64
bbob,2.8.2,14,75,2,bbob_f014_i75_d02,-127.68
bbob,2.8.2,14,76,2,bbob_f014_i76_d02,-36.5
bbob,2.8.2,14,77,2,bbob_f014_i77_d02,172.87
bbob,2.8.2,14,78,2,bbob_f014_i78_d02,157.72
bbob,2.8.2,14,79,2,bbob_f014_i79_d02,28.19
bbob,2.8.2,14,80,2,bbob_f014_i80_d02,-99.25
bbob,2.8.2,15,1,2,bbob_f015_i01_d02,1000.0
bbob,2.8.2,15,2,2,bbob_f015_i02_d02,70.03
bbob,2.8.2,15,3,2,bbob_f015_i03_d02,-48.22
bbob,2.8.2,15,4,2,bbob_f015_i04_d02,25.47
bbob,2.8.2,15,5,2,bbob_f015_i05_d02,-100.81
bbob,2.8.2,15,71,2,bbob_f015_i71_d02,-353.13
bbob,2.8.2,15,72,2,bbob_f015_i72_d02,87.16
bbob,2.8.2,15,73,2,bbob_f015_i73_d02,-34.75
bbob,2.8.2,15,74,2,bbob_f015_i74_d02,-1000.0
bbob,2.8.2,15,75,2,bbob_f015_i75_d02,-92.47
bbob,2.8.2,15,76,2,bbob_f015_i76_d02,-215.3
bbob,2.8.2,15,77,2,bbob_f015_i77_d02,-54.49
bbob,2.8.2,15,78,2,bbob_f015_i78_d02,50.49
bbob,2.8.2,15,79,2,bbob_f015_i79_d02,-364.13
bbob,2.8.2,15,80,2,bbob_f015_i80_d02,159.27
bbob,2.8.2,16,1,2,bbob_f016_i01_d02,71.35
bbob,2.8.2,16,2,2,bbob_f016_i02_d02,-355.22
bbob,2.8.2,16,3,2,bbob_f016_i03_d02,99.17
bbob,2.8.2,16,4,2,bbob_f016_i04_d02,-517.91
bbob,2.8.2,16,5,2,bbob_f016_i05_d02,-57.21
bbob,2.8.2,16,71,2,bbob_f016_i71_d02,66.26
bbob,2.8.2,16,72,2,bbob_f016_i72_d02,-138.62
bbob,2.8.2,16,73,2,bbob_f016_i73_d02,731.39
bbob,2.8.2,16,74,2,bbob_f016_i74_d02,75.26
bbob,2.8.2,16,75,2,bbob_f016_i75_d02,-49.13
bbob,2.8.2,16,76,2,bbob_f016_i76_d02,-141.89
bbob,2.8.2,16,77,2,bbob_f016_i77_d02,109.57
bbob,2.8.2,16,78,2,bbob_f016_i78_d02,78.36
bbob,2.8.2,16,79,2,bbob_f016_i79_d02,114.09
bbob,2.8.2,16,80,2,bbob_f016_i80_d02,-544.59
bbob,2.8.2,17,1,2,bbob_f017_i01_d02,-16.94
bbob,2.8.2,17,2,2,bbob_f017_i02_d02,18.81
bbob,2.8.2,17,3,2,bbob_f017_i03_d02,273.15
bbob,2.8.2,17,4,2,bbob_f017_i04_d02,37.18
bbob,2.8.2,17,5,2,bbob_f017_i05_d02,-147.9
bbob,2.8.2,17,71,2,bbob_f017_i71_d02,481.71
bbob,2.8.2,17,72,2,bbob_f017_i72_d02,-36.46
bbob,2.8.2,17,73,2,bbob_f017_i73_d02,39.2
bbob,2.8.2,17,74,2,bbob_f017_i74_d02,-32.25
bbob,2.8.2,17,75,2,bbob_f017_i75_d02,368.12
bbob,2.8.2,17,76,2,bbob_f017_i76_d02,47.39
bbob,2.8.2,17,77,2,bbob_f017_i77_d02,-342.89
bbob,2.8.2,17,78,2,bbob_f017_i78_d02,91.02
bbob,2.8.2,17,79,2,bbob_f017_i79_d02,732.42
bbob,2.8.2,17,80,2,bbob_f017_i80_d02,35.42
bbob,2.8.2,18,1,2,bbob_f018_i01_d02,-16.94
bbob,2.8.2,18,2,2,bbob_f018_i02_d02,18.81
bbob,2.8.2,18,3,2,bbob_f018_i03_d02,273.15
bbob,2.8.2,18,4,2,bbob_f018_i04_d02,37.18
bbob,2.8.2,18,5,2,bbob_f018_i05_d02,-147.9
bbob,2.8.2,18,71,2,bbob_f018_i71_d02,481.71
bbob,2.8.2,18,72,2,bbob_f018_i72_d02,-36.46
bbob,2.8.2,18,73,2,bbob_f018_i73_d02,39.2
bbob,2.8.2,18,74,2,bbob_f018_i74_d02,-32.25
bbob,2.8.2,18,75,2,bbob_f018_i75_d02,368.12
bbob,2.8.2,18,76,2,bbob_f018_i76_d02,47.39
bbob,2.8.2,18,77,2,bbob_f018_i77_d02,-342.89
bbob,2.8.2,18,78,2,bbob_f018_i78_d02,91.02
bbob,2.8.2,18,79,2,bbob_f018_i79_d02,732.42
bbob,2.8.2,18,80,2,bbob_f018_i80_d02,35.42
bbob,2.8.2,19,1,2,bbob_f019_i01_d02,-102.55
bbob,2.8.2,19,2,2,bbob_f019_i02_d02,71.69
bbob,2.8.2,19,3,2,bbob_f019_i03_d02,214.01
bbob,2.8.2,19,4,2,bbob_f019_i04_d02,-58.48
bbob,2.8.2,19,5,2,bbob_f019_i05_d02,-613.08
bbob,2.8.2,19,71,2,bbob_f019_i71_d02,61.89
bbob,2.8.2,19,72,2,bbob_f019_i72_d02,-84.56
bbob,2.8.2,19,73,2,bbob_f019_i73_d02,-26.02
bbob,2.8.2,19,74,2,bbob_f019_i74_d02,-30.15
bbob,2.8.2,19,75,2,bbob_f019_i75_d02,-1000.0
bbob,2.8.2,19,76,2,bbob_f019_i76_d02,-924.3
bbob,2.8.2,19,77,2,bbob_f019_i77_d02,-10.35
bbob,2.8.2,19,78,2,bbob_f019_i78_d02,-1000.0
bbob,2.8.2,19,79,2,bbob_f019_i79_d02,28.8
bbob,2.8.2,19,80,2,bbob_f019_i80_d02,35.34
bbob,2.8.2,20,1,2,bbob_f020_i01_d02,-546.5
bbob,2.8.2,20,2,2,bbob_f020_i02_d02,1000.0
bbob,2.8.2,20,3,2,bbob_f020_i03_d02,208.38
bbob,2.8.2,20,4,2,bbob_f020_i04_d02,-144.96
bbob,2.8.2,20,5,2,bbob_f020_i05_d02,-6.3
bbob,2.8.2,20,71,2,bbob_f020_i71_d02,-136.76
bbob,2.8.2,20,72,2,bbob_f020_i72_d02,366.75
bbob,2.8.2,20,73,2,bbob_f020_i73_d02,-248.69
bbob,2.8.2,20,74,2,bbob_f020_i74_d02,-67.86
bbob,2.8.2,20,75,2,bbob_f020_i75_d02,-23.29
bbob,2.8.2,20,76,2,bbob_f020_i76_d02,-10.28
bbob,2.8.2,20,77,2,bbob_f020_i77_d02,179.97
bbob,2.8.2,20,78,2,bbob_f020_i78_d02,83.76
bbob,2.8.2,20,79,2,bbob_f020_i79_d02,-389.01
bbob,2.8.2,20,80,2,bbob_f020_i80_d02,-145.58
bbob,2.8.2,21,1,2,bbob_f021_i01_d02,40.78
bbob,2.8.2,21,2,2,bbob_f021_i02_d02,-1.6
bbob,2.8.2,21,3,2,bbob_f021_i03_d02,-370.84
bbob,2.8.2,21,4,2,bbob_f021_i04_d02,-32.56
bbob,2.8.2,21,5,2,bbob_f021_i05_d02,515.4
bbob,2.8.2,21,71,2,bbob_f021_i71_d02,-86.28
bbob,2.8.2,21,72,2,bbob_f021_i72_d02,22.24
bbob,2.8.2,21,73,2,bbob_f021_i73_d02,-23.01
bbob,2.8.2,21,74,2,bbob_f021_i74_d02,-332.37
bbob,2.8.2,21,75,2,bbob_f021_i75_d02,-123.13
bbob,2.8.2,21,76,2,bbob_f021_i76_d02,-153.79
bbob,2.8.2,21,77,2,bbob_f021_i77_d02,-48.6
bbob,2.8.2,21,78,2,bbob_f021_i78_d02,27.7
bbob,2.8.2,21,79,2,bbob_f021_i79_d02,29.93
bbob,2.8.2,21,80,2,bbob_f021_i80_d02,-19.83
bbob,2.8.2,22,1,2,bbob_f022_i01_d02,-1000.0
bbob,2.8.2,22,2,2,bbob_f022_i02_d02,1000.0
bbob,2.8.2,22,3,2,bbob_f022_i03_d02,-49.13
bbob,2.8.2,22,4,2,bbob_f022_i04_d02,297.73
bbob,2.8.2,22,5,2,bbob_f022_i05_d02,51.57
bbob,2.8.2,22,71,2,bbob_f022_i71_d02,152.71
bbob,2.8.2,22,72,2,bbob_f022_i72_d02,99.8
bbob,2.8.2,22,73,2,bbob_f022_i73_d02,-119.41
bbob,2.8.2,22,74,2,bbob_f022_i74_d02,10.77
bbob,2.8.2,22,75,2,bbob_f022_i75_d02,21.37
bbob,2.8.2,22,76,2,bbob_f022_i76_d02,16.73
bbob,2.8.2,22,77,2,bbob_f022_i77_d02,1000.0
bbob,2.8.2,22,78,2,bbob_f022_i78_d02,-107.96
bbob,2.8.2,22,79,2,bbob_f022_i79_d02,-302.59
bbob,2.8.2,22,80,2,bbob_f022_i80_d02,-306.55
bbob,2.8.2,23,1,2,bbob_f023_i01_d02,6.87
bbob,2.8.2,23,2,2,bbob_f023_i02_d02,0.01
bbob,2.8.2,23,3,2,bbob_f023_i03_d02,-130.61
bbob,2.8.2,23,4,2,bbob_f023_i04_d02,-223.12
bbob,2.8.2,23,5,2,bbob_f023_i05_d02,-44.43
bbob,2.8.2,23,71,2,bbob_f023_i71_d02,255.78
bbob,2.8.2,23,72,2,bbob_f023_i72_d02,1000.0
bbob,2.8.2,23,73,2,bbob_f023_i73_d02,-186.95
bbob,2.8.2,23,74,2,bbob_f023_i74_d02,585.95
bbob,2.8.2,23,75,2,bbob_f023_i75_d02,287.16
bbob,2.8.2,23,76,2,bbob_f023_i76_d02,-394.38
bbob,2.8.2,23,77,2,bbob_f023_i77_d02,54.43
bbob,2.8.2,23,78,2,bbob_f023_i78_d02,139.69
bbob,2.8.2,23,79,2,bbob_f023_i79_d02,-57.94
bbob,2.8.2,23,80,2,bbob_f023_i80_d02,125.39
bbob,2.8.2,24,1,2,bbob_f024_i01_d02,102.61
bbob,2.8.2,24,2,2,bbob_f024_i02_d02,93.3
bbob,2.8.2,24,3,2,bbob_f024_i03_d02,13.64
bbob,2.8.2,24,4,2,bbob_f024_i04_d02,194.8
bbob,2.8.2,24,5,2,bbob_f024_i05_d02,-133.59
bbob,2.8.2,24,71,2,bbob_f024_i71_d02,-30.85
bbob,2.8.2,24,72,2,bbob_f024_i72_d02,-9.2
bbob,2.8.2,24,73,2,bbob_f024_i73_d02,-203.76
bbob,2.8.2,24,74,2,bbob_f024_i74_d02,33.99
bbob,2.8.2,24,75,2,bbob_f024_i75_d02,-1000.0
bbob,2.8.2,24,76,2,bbob_f024_i76_d02,-1000.0
bbob,2.8.2,24,77,2,bbob_f024_i77_d02,-12.72
bbob,2.8.2,24,78,2,bbob_f024_i78_d02,-59.54
bbob,2.8.2,24,79,2,bbob_f024_i79_d02,-1000.0
bbob,2.8.2,24,80,2,bbob_f024_i80_d02,43.03
bbob,2.8.2,1,1,5,bbob_f001_i01_d05,79.48
bbob,2.8.2,1,2,5,bbob_f001_i02_d05,394.48
bbob,2.8.2,1,3,5,bbob_f001_i03_d05,-247.11
bbob,2.8.2,1,4,5,bbob_f001_i04_d05,-152.04
bbob,2.8.2,1,5,5,bbob_f001_i05_d05,-25.25
bbob,2.8.2,1,71,5,bbob_f001_i71_d05,183.01
bbob,2.8.2,1,72,5,bbob_f001_i72_d05,183.52
bbob,2.8.2,1,73,5,bbob_f001_i73_d05,-593.84
bbob,2.8.2,1,74,5,bbob_f001_i74_d05,-1000.0
bbob,2.8.2,1,75,5,bbob_f001_i75_d05,-25.31
bbob,2.8.2,1,76,5,bbob_f001_i76_d05,22.28
bbob,2.8.2,1,77,5,bbob_f001_i77_d05,356.14
bbob,2.8.2,1,78,5,bbob_f001_i78_d05,-475.7
bbob,2.8.2,1,79,5,bbob_f001_i79_d05,-1000.0
bbob,2.8.2,1,80,5,bbob_f001_i80_d05,-41.58
bbob,2.8.2,2,1,5,bbob_f002_i01_d05,-209.88
bbob,2.8.2,2,2,5,bbob_f002_i02_d05,-92.09
bbob,2.8.2,2,3,5,bbob_f002_i03_d05,-87.89
bbob,2.8.2,2,4,5,bbob_f002_i04_d05,320.19
bbob,2.8.2,2,5,5,bbob_f002_i05_d05,-104.24
bbob,2.8.2,2,71,5,bbob_f002_i71_d05,-67.85
bbob,2.8.2,2,72,5,bbob_f002_i72_d05,-363.98
bbob,2.8.2,2,73,5,bbob_f002_i73_d05,-18.65
bbob,2.8.2,2,74,5,bbob_f002_i74_d05,174.92
bbob,2.8.2,2,75,5,bbob_f002_i75_d05,-565.96
bbob,2.8.2,2,76,5,bbob_f002_i76_d05,70.95
bbob,2.8.2,2,77,5,bbob_f002_i77_d05,47.28
bbob,2.8.2,2,78,5,bbob_f002_i78_d05,-568.88
bbob,2.8.2,2,79,5,bbob_f002_i79_d05,20.69
bbob,2.8.2,2,80,5,bbob_f002_i80_d05,561.67
bbob,2.8.2,3,1,5,bbob_f003_i01_d05,-462.09
bbob,2.8.2,3,2,5,bbob_f003_i02_d05,77.66
bbob,2.8.2,3,3,5,bbob_f003_i03_d05,115.68
bbob,2.8.2,3,4,5,bbob_f003_i04_d05,-3.71
bbob,2.8.2,3,5,5,bbob_f003_i05_d05,132.18
bbob,2.8.2,3,71,5,bbob_f003_i71_d05,-39.3
bbob,2.8.2,3,72,5,bbob_f003_i72_d05,42.96
bbob,2.8.2,3,73,5,bbob_f003_i73_d05,284.22
bbob,2.8.2,3,74,5,bbob_f003_i74_d05,-32.17
bbob,2.8.2,3,75,5,bbob_f003_i75_d05,-58.58
bbob,2.8.2,3,76,5,bbob_f003_i76_d05,-604.92
bbob,2.8.2,3,77,5,bbob_f003_i77_d05,133.7
bbob,2.8.2,3,78,5,bbob_f003_i78_d05,-20.98
bbob,2.8.2,3,79,5,bbob_f003_i79_d05,135.33
bbob,2.8.2,3,80,5,bbob_f003_i80_d05,40.66
bbob,2.8.2,4,1,5,bbob_f004_i01_d05,-462.09
bbob,2.8.2,4,2,5,bbob_f004_i02_d05,77.66
bbob,2.8.2,4,3,5,bbob_f004_i03_d05,115.68
bbob,2.8.2,4,4,5,bbob_f004_i04_d05,-3.71
bbob,2.8.2,4,5,5,bbob_f004_i05_d05,132.18
bbob,2.8.2,4,71,5,bbob_f004_i71_d05,-39.3
bbob,2.8.2,4,72,5,bbob_f004_i72_d05,42.96
bbob,2.8.2,4,73,5,bbob_f004_i73_d05,284.22
bbob,2.8.2,4,74,5,bbob_f004_i74_d05,-32.17
bbob,2.8.2,4,75,5,bbob_f004_i75_d05,-58.58
bbob,2.8.2,4,76,5,bbob_f004_i76_d05,-604.92
bbob,2.8.2,4,77,5,bbob_f004_i77_d05,133.7
bbob,2.8.2,4,78,5,bbob_f004_i78_d05,-20.98
bbob,2.8.2,4,79,5,bbob_f004_i79_d05,135.33
bbob,2.8.2,4,80,5,bbob_f004_i80_d05,40.66
bbob,2.8.2,5,1,5,bbob_f005_i01_d05,-9.21
bbob,2.8.2,5,2,5,bbob_f005_i02_d05,655.99
bbob,2.8.2,5,3,5,bbob_f005_i03_d05,66.71
bbob,2.8.2,5,4,5,bbob_f005_i04_d05,941.67
bbob,2.8.2,5,5,5,bbob_f005_i05_d05,-37.45
bbob,2.8.2,5,71,5,bbob_f005_i71_d05,-66.39
bbob,2.8.2,5,72,5,bbob_f005_i72_d05,-226.01
bbob,2.8.2,5,73,5,bbob_f005_i73_d05,1000.0
bbob,2.8.2,5,74,5,bbob_f005_i74_d05,-183.02
bbob,2.8.2,5,75,5,bbob_f005_i75_d05,-102.62
bbob,2.8.2,5,76,5,bbob_f005_i76_d05,99.53
bbob,2.8.2,5,77,5,bbob_f005_i77_d05,149.59
bbob,2.8.2,5,78,5,bbob_f005_i78_d05,-1000.0
bbob,2.8.2,5,79,5,bbob_f005_i79_d05,-29.22
bbob,2.8.2,5,80,5,bbob_f005_i80_d05,-40.96
bbob,2.8.2,6,1,5,bbob_f006_i01_d05,35.9
bbob,2.8.2,6,2,5,bbob_f006_i02_d05,31.37
bbob,2.8.2,6,3,5,bbob_f006_i03_d05,-1000.0
bbob,2.8.2,6,4,5,bbob_f006_i04_d05,131.92
bbob,2.8.2,6,5,5,bbob_f006_i05_d05,590.84
bbob,2.8.2,6,71,5,bbob_f006_i71_d05,67.49
bbob,2.8.2,6,72,5,bbob_f006_i72_d05,30.85
bbob,2.8.2,6,73,5,bbob_f006_i73_d05,-12.55
bbob,2.8.2,6,74,5,bbob_f006_i74_d05,538.39
bbob,2.8.2,6,75,5,bbob_f006_i75_d05,-105.56
bbob,2.8.2,6,76,5,bbob_f006_i76_d05,98.03
bbob,2.8.2,6,77,5,bbob_f006_i77_d05,1000.0
bbob,2.8.2,6,78,5,bbob_f006_i78_d05,1.49
bbob,2.8.2,6,79,5,bbob_f006_i79_d05,596.35
bbob,2.8.2,6,80,5,bbob_f006_i80_d05,-118.97
bbob,2.8.2,7,1,5,bbob_f007_i01_d05,92.94
bbob,2.8.2,7,2,5,bbob_f007_i02_d05,35.35
bbob,2.8.2,7,3,5,bbob_f007_i03_d05,3.82
bbob,2.8.2,7,4,5,bbob_f007_i04_d05,21.75
bbob,2.8.2,7,5,5,bbob_f007_i05_d05,64.79
bbob,2.8.2,7,71,5,bbob_f007_i71_d05,-1000.0
bbob,2.8.2,7,72,5,bbob_f007_i72_d05,164.07
bbob,2.8.2,7,73,5,bbob_f007_i73_d05,-165.68
bbob,2.8.2,7,74,5,bbob_f007_i74_d05,92.84
bbob,2.8.2,7,75,5,bbob_f007_i75_d05,-367.92
bbob,2.8.2,7,76,5,bbob_f007_i76_d05,49.5
bbob,2.8.2,7,77,5,bbob_f007_i77_d05,-12.77
bbob,2.8.2,7,78,5,bbob_f007_i78_d05,63.65
bbob,2.8.2,7,79,5,bbob_f007_i79_d05,699.19
bbob,2.8.2,7,80,5,bbob_f007_i80_d05,1000.0
bbob,2.8.2,8,1,5,bbob_f008_i01_d05,149.15
bbob,2.8.2,8,2,5,bbob_f008_i02_d05,-1000.0
bbob,2.8.2,8,3,5,bbob_f008_i03_d05,98.62
bbob,2.8.2,8,4,5,bbob_f008_i04_d05,-47.15
bbob,2.8.2,8,5,5,bbob_f008_i05_d05,37.52
bbob,2.8.2,8,71,5,bbob_f008_i71_d05,6.74
bbob,2.8.2,8,72,5,bbob_f008_i72_d05,-189.79
bbob,2.8.2,8,73,5,bbob_f008_i73_d05,-27.74
bbob,2.8.2,8,74,5,bbob_f008_i74_d05,6.93
bbob,2.8.2,8,75,5,bbob_f008_i75_d05,-44.56
bbob,2.8.2,8,76,5,bbob_f008_i76_d05,1000.0
bbob,2.8.2,8,77,5,bbob_f008_i77_d05,-679.71
bbob,2.8.2,8,78,5,bbob_f008_i78_d05,1000.0
bbob,2.8.2,8,79,5,bbob_f008_i79_d05,10.07
bbob,2.8.2,8,80,5,bbob_f008_i80_d05,-7.54
bbob,2.8.2,9,1,5,bbob_f009_i01_d05,123.83
bbob,2.8.2,9,2,5,bbob_f009_i02_d05,47.51
bbob,2.8.2,9,3,5,bbob_f009_i03_d05,55.34
bbob,2.8.2,9,4,5,bbob_f009_i04_d05,-90.33
bbob,2.8.2,9,5,5,bbob_f009_i05_d05,65.61
bbob,2.8.2,9,71,5,bbob_f009_i71_d05,934.82
bbob,2.8.2,9,72,5,bbob_f009_i72_d05,-63.71
bbob,2.8.2,9,73,5,bbob_f009_i73_d05,1000.0
bbob,2.8.2,9,74,5,bbob_f009_i74_d05,31.97
bbob,2.8.2,9,75,5,bbob_f009_i75_d05,58.19
bbob,2.8.2,9,76,5,bbob_f009_i76_d05,-4.84
bbob,2.8.2,9,77,5,bbob_f009_i77_d05,-63.37
bbob,2.8.2,9,78,5,bbob_f009_i78_d05,2.75
bbob,2.8.2,9,79,5,bbob_f009_i79_d05,-46.81
bbob,2.8.2,9,80,5,bbob_f009_i80_d05,61.34
bbob,2.8.2,10,1,5,bbob_f010_i01_d05,-54.94
bbob,2.8.2,10,2,5,bbob_f010_i02_d05,59.13
bbob,2.8.2,10,3,5,bbob_f010_i03_d05,-491.53
bbob,2.8.2,10,4,5,bbob_f010_i04_d05,-170.2
bbob,2.8.2,10,5,5,bbob_f010_i05_d05,-469.75
bbob,2.8.2,10,71,5,bbob_f010_i71_d05,-51.91
bbob,2.8.2,10,72,5,bbob_f010_i72_d05,48.08
bbob,2.8.2,10,73,5,bbob_f010_i73_d05,30.58
bbob,2.8.2,10,74,5,bbob_f010_i74_d05,1000.0
bbob,2.8.2,10,75,5,bbob_f010_i75_d05,-42.36
bbob,2.8.2,10,76,5,bbob_f010_i76_d05,-71.87
bbob,2.8.2,10,77,5,bbob_f010_i77_d05,-16.5
bbob,2.8.2,10,78,5,bbob_f010_i78_d05,1000.0
bbob,2.8.2,10,79,5,bbob_f010_i79_d05,-1000.0
bbob,2.8.2,10,80,5,bbob_f010_i80_d05,-152.74
bbob,2.8.2,11,1,5,bbob_f011_i01_d05,76.27
bbob,2.8.2,11,2,5,bbob_f011_i02_d05,-22.55
bbob,2.8.2,11,3,5,bbob_f011_i03_d05,13.66
bbob,2.8.2,11,4,5,bbob_f011_i04_d05,937.84
bbob,2.8.2,11,5,5,bbob_f011_i05_d05,-78.72
bbob,2.8.2,11,71,5,bbob_f011_i71_d05,-41.51
bbob,2.8.2,11,72,5,bbob_f011_i72_d05,132.07
bbob,2.8.2,11,73,5,bbob_f011_i73_d05,97.25
bbob,2.8.2,11,74,5,bbob_f011_i74_d05,-20.33
bbob,2.8.2,11,75,5,bbob_f011_i75_d05,94.31
bbob,2.8.2,11,76,5,bbob_f011_i76_d05,-143.69
bbob,2.8.2,11,77,5,bbob_f011_i77_d05,-353.38
bbob,2.8.2,11,78,5,bbob_f011_i78_d05,-2.91
bbob,2.8.2,11,79,5,bbob_f011_i79_d05,-2.97
bbob,2.8.2,11,80,5,bbob_f011_i80_d05,299.63
bbob,2.8.2,12,1,5,bbob_f012_i01_d05,-621.11
bbob,2.8.2,12,2,5,bbob_f012_i02_d05,-254.82
bbob,2.8.2,12,3,5,bbob_f012_i03_d05,56.61
bbob,2.8.2,12,4,5,bbob_f012_i04_d05,-18.1
bbob,2.8.2,12,5,5,bbob_f012_i05_d05,37.77
bbob,2.8.2,12,71,5,bbob_f012_i71_d05,-632.55
bbob,2.8.2,12,72,5,bbob_f012_i72_d05,-85.3
bbob,2.8.2,12,73,5,bbob_f012_i73_d05,171.95
bbob,2.8.2,12,74,5,bbob_f012_i74_d05,68.16
bbob,2.8.2,12,75,5,bbob_f012_i75_d05,1000.0
bbob,2.8.2,12,76,5,bbob_f012_i76_d05,-68.37
bbob,2.8.2,12,77,5,bbob_f012_i77_d05,-55.48
bbob,2.8.2,12,78,5,bbob_f012_i78_d05,-53.49
bbob,2.8.2,12,79,5,bbob_f012_i79_d05,117.27
bbob,2.8.2,12,80,5,bbob_f012_i80_d05,77.89
bbob,2.8.2,13,1,5,bbob_f013_i01_d05,29.97
bbob,2.8.2,13,2,5,bbob_f013_i02_d05,-51.71
bbob,2.8.2,13,3,5,bbob_f013_i03_d05,-279.95
bbob,2.8.2,13,4,5,bbob_f013_i04_d05,931.99
bbob,2.8.2,13,5,5,bbob_f013_i05_d05,113.31
bbob,2.8.2,13,71,5,bbob_f013_i71_d05,28.49
bbob,2.8.2,13,72,5,bbob_f013_i72_d05,-740.58
bbob,2.8.2,13,73,5,bbob_f013_i73_d05,-51.77
bbob,2.8.2,13,74,5,bbob_f013_i74_d05,-222.98
bbob,2.8.2,13,75,5,bbob_f013_i75_d05,5.86
bbob,2.8.2,13,76,5,bbob_f013_i76_d05,204.86
bbob,2.8.2,13,77,5,bbob_f013_i77_d05,115.49
bbob,2.8.2,13,78,5,bbob_f013_i78_d05,195.05
bbob,2.8.2,13,79,5,bbob_f013_i79_d05,-214.48
bbob,2.8.2,13,80,5,bbob_f013_i80_d05,-45.9
bbob,2.8.2,14,1,5,bbob_f014_i01_d05,-52.35
bbob,2.8.2,14,2,5,bbob_f014_i02_d05,-179.54
bbob,2.8.2,14,3,5,bbob_f014_i03_d05,77.31
bbob,2.8.2,14,4,5,bbob_f014_i04_d05,39.92
bbob,2.8.2,14,5,5,bbob_f014_i05_d05,-56.61
bbob,2.8.2,14,71,5,bbob_f014_i71_d05,32.7
bbob,2.8.2,14,72,5,bbob_f014_i72_d05,-39.43
bbob,2.8.2,14,73,5,bbob_f014_i73_d05,419.72
bbob,2.8.2,14,74,5,bbob_f014_i74_d05,7.64
bbob,2.8.2,14,75,5,bbob_f014_i75_d05,-127.68
bbob,2.8.2,14,76,5,bbob_f014_i76_d05,-36.5
bbob,2.8.2,14,77,5,bbob_f014_i77_d05,172.87
bbob,2.8.2,14,78,5,bbob_f014_i78_d05,157.72
bbob,2.8.2,14,79,5,bbob_f014_i79_d05,28.19
bbob,2.8.2,14,80,5,bbob_f014_i80_d05,-99.25
bbob,2.8.2,15,1,5,bbob_f015_i01_d05,1000.0
bbob,2.8.2,15,2,5,bbob_f015_i02_d05,70.03
bbob,2.8.2,15,3,5,bbob_f015_i03_d05,-48.22
bbob,2.8.2,15,4,5,bbob_f015_i04_d05,25.47
bbob,2.8.2,15,5,5,bbob_f015_i05_d05,-100.81
bbob,2.8.2,15,71,5,bbob_f015_i71_d05,-353.13
bbob,2.8.2,15,72,5,bbob_f015_i72_d05,87.16
bbob,2.8.2,15,73,5,bbob_f015_i73_d05,-34.75
bbob,2.8.2,15,74,5,bbob_f015_i74_d05,-1000.0
bbob,2.8.2,15,75,5,bbob_f015_i75_d05,-92.47
bbob,2.8.2,15,76,5,bbob_f015_i76_d05,-215.3
bbob,2.8.2,15,77,5,bbob_f015_i77_d05,-54.49
bbob,2.8.2,15,78,5,bbob_f015_i78_d05,50.49
bbob,2.8.2,15,79,5,bbob_f015_i79_d05,-364.13
bbob,2.8.2,15,80,5,bbob_f015_i80_d05,159.27
bbob,2.8.2,16,1,5,bbob_f016_i01_d05,71.35
bbob,2.8.2,16,2,5,bbob_f016_i02_d05,-355.22
bbob,2.8.2,16,3,5,bbob_f016_i03_d05,99.17
bbob,2.8.2,16,4,5,bbob_f016_i04_d05,-517.91
bbob,2.8.2,16,5,5,bbob_f016_i05_d05,-57.21
bbob,2.8.2,16,71,5,bbob_f016_i71_d05,66.26
bbob,2.8.2,16,72,5,bbob_f016_i72_d05,-138.62
bbob,2.8.2,16,73,5,bbob_f016_i73_d05,731.39
bbob,2.8.2,16,74,5,bbob_f016_i74_d05,75.26
bbob,2.8.2,16,75,5,bbob_f016_i75_d05,-49.13
bbob,2.8.2,16,76,5,bbob_f016_i76_d05,-141.89
bbob,2.8.2,16,77,5,bbob_f016_i77_d05,109.57
bbob,2.8.2,16,78,5,bbob_f016_i78_d05,78.36
bbob,2.8.2,16,79,5,bbob_f016_i79_d05,114.09
bbob,2.8.2,16,80,5,bbob_f016_i80_d05,-544.59
bbob,2.8.2,17,1,5,bbob_f017_i01_d05,-16.94
bbob,2.8.2,17,2,5,bbob_f017_i02_d05,18.81
bbob,2.8.2,17,3,5,bbob_f017_i03_d05,273.15
bbob,2.8.2,17,4,5,bbob_f017_i04_d05,37.18
bbob,2.8.2,17,5,5,bbob_f017_i05_d05,-147.9
bbob,2.8.2,17,71,5,bbob_f017_i71_d05,481.71
bbob,2.8.2,17,72,5,bbob_f017_i72_d05,-36.46
bbob,2.8.2,17,73,5,bbob_f017_i73_d05,39.2
bbob,2.8.2,17,74,5,bbob_f017_i74_d05,-32.25
bbob,2.8.2,17,75,5,bbob_f017_i75_d05,368.12
bbob,2.8.2,17,76,5,bbob_f017_i76_d05,47.39
bbob,2.8.2,17,77,5,bbob_f017_i77_d05,-342.89
bbob,2.8.2,17,78,5,bbob_f017_i78_d05,91.02
bbob,2.8.2,17,79,5,bbob_f017_i79_d05,732.42
bbob,2.8.2,17,80,5,bbob_f017_i80_d05,35.42
bbob,2.8.2,18,1,5,bbob_f018_i01_d05,-16.94
bbob,2.8.2,18,2,5,bbob_f018_i02_d05,18.81
bbob,2.8.2,18,3,5,bbob_f018_i03_d05,273.15
bbob,2.8.2,18,4,5,bbob_f018_i04_d05,37.18
bbob,2.8.2,18,5,5,bbob_f018_i05_d05,-147.9
bbob,2.8.2,18,71,5,bbob_f018_i71_d05,481.71
bbob,2.8.2,18,72,5,bbob_f018_i72_d05,-36.46
bbob,2.8.2,18,73,5,bbob_f018_i73_d05,39.2
bbob,2.8.2,18,74,5,bbob_f018_i74_d05,-32.25
bbob,2.8.2,18,75,5,bbob_f018_i75_d05,368.12
bbob,2.8.2,18,76,5,bbob_f018_i76_d05,47.39
bbob,2.8.2,18,77,5,bbob_f018_i77_d05,-342.89
bbob,2.8.2,18,78,5,bbob_f018_i78_d05,91.02
bbob,2.8.2,18,79,5,bbob_f018_i79_d05,732.42
bbob,2.8.2,18,80,5,bbob_f018_i80_d05,35.42
bbob,2.8.2,19,1,5,bbob_f019_i01_d05,-102.55
bbob,2.8.2,19,2,5,bbob_f019_i02_d05,71.69
bbob,2.8.2,19,3,5,bbob_f019_i03_d05,214.01
bbob,2.8.2,19,4,5,bbob_f019_i04_d05,-58.48
bbob,2.8.2,19,5,5,bbob_f019_i05_d05,-613.08
bbob,2.8.2,19,71,5,bbob_f019_i71_d05,61.89
bbob,2.8.2,19,72,5,bbob_f019_i72_d05,-84.56
bbob,2.8.2,19,73,5,bbob_f019_i73_d05,-26.02
bbob,2.8.2,19,74,5,bbob_f019_i74_d05,-30.15
bbob,2.8.2,19,75,5,bbob_f019_i75_d05,-1000.0
bbob,2.8.2,19,76,5,bbob_f019_i76_d05,-924.3
bbob,2.8.2,19,77,5,bbob_f019_i77_d05,-10.35
bbob,2.8.2,19,78,5,bbob_f019_i78_d05,-1000.0
bbob,2.8.2,19,79,5,bbob_f019_i79_d05,28.8
bbob,2.8.2,19,80,5,bbob_f019_i80_d05,35.34
bbob,2.8.2,20,1,5,bbob_f020_i01_d05,-546.5
bbob,2.8.2,20,2,5,bbob_f020_i02_d05,1000.0
bbob,2.8.2,20,3,5,bbob_f020_i03_d05,208.38
bbob,2.8.2,20,4,5,bbob_f020_i04_d05,-144.96
bbob,2.8.2,20,5,5,bbob_f020_i05_d05,-6.3
bbob,2.8.2,20,71,5,bbob_f020_i71_d05,-136.76
bbob,2.8.2,20,72,5,bbob_f020_i72_d05,366.75
bbob,2.8.2,20,73,5,bbob_f020_i73_d05,-248.69
bbob,2.8.2,20,74,5,bbob_f020_i74_d05,-67.86
bbob,2.8.2,20,75,5,bbob_f020_i75_d05,-23.29
bbob,2.8.2,20,76,5,bbob_f020_i76_d05,-10.28
bbob,2.8.2,20,77,5,bbob_f020_i77_d05,179.97
bbob,2.8.2,20,78,5,bbob_f020_i78_d05,83.76
bbob,2.8.2,20,79,5,bbob_f020_i79_d05,-389.01
bbob,2.8.2,20,80,5,bbob_f020_i80_d05,-145.58
bbob,2.8.2,21,1,5,bbob_f021_i01_d05,40.78
bbob,2.8.2,21,2,5,bbob_f021_i02_d05,-1.6
bbob,2.8.2,21,3,5,bbob_f021_i03_d05,-370.84
bbob,2.8.2,21,4,5,bbob_f021_i04_d05,-32.56
bbob,2.8.2,21,5,5,bbob_f021_i05_d05,515.4
bbob,2.8.2,21,71,5,bbob_f021_i71_d05,-86.28
bbob,2.8.2,21,72,5,bbob_f021_i72_d05,22.24
bbob,2.8.2,21,73,5,bbob_f021_i73_d05,-23.01
bbob,2.8.2,21,74,5,bbob_f021_i74_d05,-332.37
bbob,2.8.2,21,75,5,bbob_f021_i75_d05,-123.13
bbob,2.8.2,21,76,5,bbob_f021_i76_d05,-153.79
bbob,2.8.2,21,77,5,bbob_f021_i77_d05,-48.6
bbob,2.8.2,21,78,5,bbob_f021_i78_d05,27.7
bbob,2.8.2,21,79,5,bbob_f021_i79_d05,29.93
bbob,2.8.2,21,80,5,bbob_f021_i80_d05,-19.83
bbob,2.8.2,22,1,5,bbob_f022_i01_d05,-1000.0
bbob,2.8.2,22,2,5,bbob_f022_i02_d05,1000.0
bbob,2.8.2,22,3,5,bbob_f022_i03_d05,-49.13
bbob,2.8.2,22,4,5,bbob_f022_i04_d05,297.73
bbob,2.8.2,22,5,5,bbob_f022_i05_d05,51.57
bbob,2.8.2,22,71,5,bbob_f022_i71_d05,152.71
bbob,2.8.2,22,72,5,bbob_f022_i72_d05,99.8
bbob,2.8.2,22,73,5,bbob_f022_i73_d05,-119.41
bbob,2.8.2,22,74,5,bbob_f022_i74_d05,10.77
bbob,2.8.2,22,75,5,bbob_f022_i75_d05,21.37
bbob,2.8.2,22,76,5,bbob_f022_i76_d05,16.73
bbob,2.8.2,22,77,5,bbob_f022_i77_d05,1000.0
bbob,2.8.2,22,78,5,bbob_f022_i78_d05,-107.96
bbob,2.8.2,22,79,5,bbob_f022_i79_d05,-302.59
bbob,2.8.2,22,80,5,bbob_f022_i80_d05,-306.55
bbob,2.8.2,23,1,5,bbob_f023_i01_d05,6.87
bbob,2.8.2,23,2,5,bbob_f023_i02_d05,0.01
bbob,2.8.2,23,3,5,bbob_f023_i03_d05,-130.61
bbob,2.8.2,23,4,5,bbob_f023_i04_d05,-223.12
bbob,2.8.2,23,5,5,bbob_f023_i05_d05,-44.43
bbob,2.8.2,23,71,5,bbob_f023_i71_d05,255.78
bbob,2.8.2,23,72,5,bbob_f023_i72_d05,1000.0
bbob,2.8.2,23,73,5,bbob_f023_i73_d05,-186.95
bbob,2.8.2,23,74,5,bbob_f023_i74_d05,585.95
bbob,2.8.2,23,75,5,bbob_f023_i75_d05,287.16
bbob,2.8.2,23,76,5,bbob_f023_i76_d05,-394.38
bbob,2.8.2,23,77,5,bbob_f023_i77_d05,54.43
bbob,2.8.2,23,78,5,bbob_f023_i78_d05,139.69
bbob,2.8.2,23,79,5,bbob_f023_i79_d05,-57.94
bbob,2.8.2,23,80,5,bbob_f023_i80_d05,125.39
bbob,2.8.2,24,1,5,bbob_f024_i01_d05,102.61
bbob,2.8.2,24,2,5,bbob_f024_i02_d05,93.3
bbob,2.8.2,24,3,5,bbob_f024_i03_d05,13.64
bbob,2.8.2,24,4,5,bbob_f024_i04_d05,194.8
bbob,2.8.2,24,5,5,bbob_f024_i05_d05,-133.59
bbob,2.8.2,24,71,5,bbob_f024_i71_d05,-30.85
bbob,2.8.2,24,72,5,bbob_f024_i72_d05,-9.2
bbob,2.8.2,24,73,5,bbob_f024_i73_d05,-203.76
bbob,2.8.2,24,74,5,bbob_f024_i74_d05,33.99
bbob,2.8.2,24,75,5,bbob_f024_i75_d05,-1000.0
bbob,2.8.2,24,76,5,bbob_f024_i76_d05,-1000.0
bbob,2.8.2,24,77,5,bbob_f024_i77_d05,-12.72
bbob,2.8.2,24,78,5,bbob_f024_i78_d05,-59.54
bbob,2.8.2,24,79,5,bbob_f024_i79_d05,-1000.0
bbob,2.8.2,24,80,5,bbob_f024_i80_d05,43.03
bbob,2.8.2,1,1,10,bbob_f001_i01_d10,79.48
bbob,2.8.2,1,2,10,bbob_f001_i02_d10,394.48
bbob,2.8.2,1,3,10,bbob_f001_i03_d10,-247.11
bbob,2.8.2,1,4,10,bbob_f001_i04_d10,-152.04
bbob,2.8.2,1,5,10,bbob_f001_i05_d10,-25.25
bbob,2.8.2,1,71,10,bbob_f001_i71_d10,183.01
bbob,2.8.2,1,72,10,bbob_f001_i72_d10,183.52
bbob,2.8.2,1,73,10,bbob_f001_i73_d10,-593.84
bbob,2.8.2,1,74,10,bbob_f001_i74_d10,-1000.0
bbob,2.8.2,1,75,10,bbob_f001_i75_d10,-25.31
bbob,2.8.2,1,76,10,bbob_f001_i76_d10,22.28
bbob,2.8.2,1,77,10,bbob_f001_i77_d10,356.14
bbob,2.8.2,1,78,10,bbob_f001_i78_d10,-475.7
bbob,2.8.2,1,79,10,bbob_f001_i79_d10,-1000.0
bbob,2.8.2,1,80,10,bbob_f001_i80_d10,-41.58
bbob,2.8.2,2,1,10,bbob_f002_i01_d10,-209.88
bbob,2.8.2,2,2,10,bbob_f002_i02_d10,-92.09
bbob,2.8.2,2,3,10,bbob_f002_i03_d10,-87.89
bbob,2.8.2,2,4,10,bbob_f002_i04_d10,320.19
bbob,2.8.2,2,5,10,bbob_f002_i05_d10,-104.24
bbob,2.8.2,2,71,10,bbob_f002_i71_d10,-67.85
bbob,2.8.2,2,72,10,bbob_f002_i72_d10,-363.98
bbob,2.8.2,2,73,10,bbob_f002_i73_d10,-18.65
bbob,2.8.2,2,74,10,bbob_f002_i74_d10,174.92
bbob,2.8.2,2,75,10,bbob_f002_i75_d10,-565.96
bbob,2.8.2,2,76,10,bbob_f002_i76_d10,70.95
bbob,2.8.2,2,77,10,bbob_f002_i77_d10,47.28
bbob,2.8.2,2,78,10,bbob_f002_i78_d10,-568.88
bbob,2.8.2,2,79,10,bbob_f002_i79_d10,20.69
bbob,2.8.2,2,80,10,bbob_f002_i80_d10,561.67
bbob,2.8.2,3,1,10,bbob_f003_i01_d10,-462.09
bbob,2.8.2,3,2,10,bbob_f003_i02_d10,77.66
bbob,2.8.2,3,3,10,bbob_f003_i03_d10,115.68
bbob,2.8.2,3,4,10,bbob_f003_i04_d10,-3.71
bbob,2.8.2,3,5,10,bbob_f003_i05_d10,132.18
bbob,2.8.2,3,71,10,bbob_f003_i71_d10,-39.3
bbob,2.8.2,3,72,10,bbob_f003_i72_d10,42.96
bbob,2.8.2,3,73,10,bbob_f003_i73_d10,284.22
bbob,2.8.2,3,74,10,bbob_f003_i74_d10,-32.17
bbob,2.8.2,3,75,10,bbob_f003_i75_d10,-58.58
bbob,2.8.2,3,76,10,bbob_f003_i76_d10,-604.92
bbob,2.8.2,3,77,10,bbob_f003_i77_d10,133.7
bbob,2.8.2,3,78,10,bbob_f003_i78_d10,-20.98
bbob,2.8.2,3,79,10,bbob_f003_i79_d10,135.33
bbob,2.8.2,3,80,10,bbob_f003_i80_d10,40.66
bbob,2.8.2,4,1,10,bbob_f004_i01_d10,-462.09
bbob,2.8.2,4,2,10,bbob_f004_i02_d10,77.66
bbob,2.8.2,4,3,10,bbob_f004_i03_d10,115.68
bbob,2.8.2,4,4,10,bbob_f004_i04_d10,-3.71
bbob,2.8.2,4,5,10,bbob_f004_i05_d10,132.18
bbob,2.8.2,4,71,10,bbob_f004_i71_d10,-39.3
bbob,2.8.2,4,72,10,bbob_f004_i72_d10,42.96
bbob,2.8.2,4,73,10,bbob_f004_i73_d10,284.22
bbob,2.8.2,4,74,10,bbob_f004_i74_d10,-32.17
bbob,2.8.2,4,75,10,bbob_f004_i75_d10,-58.58
bbob,2.8.2,4,76,10,bbob_f004_i76_d10,-604.92
bbob,2.8.2,4,77,10,bbob_f004_i77_d10,133.7
bbob,2.8.2,4,78,10,bbob_f004_i78_d10,-20.98
bbob,2.8.2,4,79,10,bbob_f004_i79_d10,135.33
bbob,2.8.2,4,80,10,bbob_f004_i80_d10,40.66
bbob,2.8.2,5,1,10,bbob_f005_i01_d10,-9.21
bbob,2.8.2,5,2,10,bbob_f005_i02_d10,655.99
bbob,2.8.2,5,3,10,bbob_f005_i03_d10,66.71
bbob,2.8.2,5,4,10,bbob_f005_i04_d10,941.67
bbob,2.8.2,5,5,10,bbob_f005_i05_d10,-37.45
bbob,2.8.2,5,71,10,bbob_f005_i71_d10,-66.39
bbob,2.8.2,5,72,10,bbob_f005_i72_d10,-226.01
bbob,2.8.2,5,73,10,bbob_f005_i73_d10,1000.0
bbob,2.8.2,5,74,10,bbob_f005_i74_d10,-183.02
bbob,2.8.2,5,75,10,bbob_f005_i75_d10,-102.62
bbob,2.8.2,5,76,10,bbob_f005_i76_d10,99.53
bbob,2.8.2,5,77,10,bbob_f005_i77_d10,149.59
bbob,2.8.2,5,78,10,bbob_f005_i78_d10,-1000.0
bbob,2.8.2,5,79,10,bbob_f005_i79_d10,-29.22
bbob,2.8.2,5,80,10,bbob_f005_i80_d10,-40.96
bbob,2.8.2,6,1,10,bbob_f006_i01_d10,35.9
bbob,2.8.2,6,2,10,bbob_f006_i02_d10,31.37
bbob,2.8.2,6,3,10,bbob_f006_i03_d10,-1000.0
bbob,2.8.2,6,4,10,bbob_f006_i04_d10,131.92
bbob,2.8.2,6,5,10,bbob_f006_i05_d10,590.84
bbob,2.8.2,6,71,10,bbob_f006_i71_d10,67.49
bbob,2.8.2,6,72,10,bbob_f006_i72_d10,30.85
bbob,2.8.2,6,73,10,bbob_f006_i73_d10,-12.55
bbob,2.8.2,6,74,10,bbob_f006_i74_d10,538.39
bbob,2.8.2,6,75,10,bbob_f006_i75_d10,-105.56
bbob,2.8.2,6,76,10,bbob_f006_i76_d10,98.03
bbob,2.8.2,6,77,10,bbob_f006_i77_d10,1000.0
bbob,2.8.2,6,78,10,bbob_f006_i78_d10,1.49
bbob,2.8.2,6,79,10,bbob_f006_i79_d10,596.35
bbob,2.8.2,6,80,10,bbob_f006_i80_d10,-118.97
bbob,2.8.2,7,1,10,bbob_f007_i01_d10,92.94
bbob,2.8.2,7,2,10,bbob_f007_i02_d10,35.35
bbob,2.8.2,7,3,10,bbob_f007_i03_d10,3.82
bbob,2.8.2,7,4,10,bbob_f007_i04_d10,21.75
bbob,2.8.2,7,5,10,bbob_f007_i05_d10,64.79
bbob,2.8.2,7,71,10,bbob_f007_i71_d10,-1000.0
bbob,2.8.2,7,72,10,bbob_f007_i72_d10,164.07
bbob,2.8.2,7,73,10,bbob_f007_i73_d10,-165.68
bbob,2.8.2,7,74,10,bbob_f007_i74_d10,92.84
bbob,2.8.2,7,75,10,bbob_f007_i75_d10,-367.92
bbob,2.8.2,7,76,10,bbob_f007_i76_d10,49.5
bbob,2.8.2,7,77,10,bbob_f007_i77_d10,-12.77
bbob,2.8.2,7,78,10,bbob_f007_i78_d10,63.65
bbob,2.8.2,7,79,10,bbob_f007_i79_d10,699.19
bbob,2.8.2,7,80,10,bbob_f007_i80_d10,1000.0
bbob,2.8.2,8,1,10,bbob_f008_i01_d10,149.15
bbob,2.8.2,8,2,10,bbob_f008_i02_d10,-1000.0
bbob,2.8.2,8,3,10,bbob_f008_i03_d10,98.62
bbob,2.8.2,8,4,10,bbob_f008_i04_d10,-47.15
bbob,2.8.2,8,5,10,bbob_f008_i05_d10,37.52
bbob,2.8.2,8,71,10,bbob_f008_i71_d10,6.74
bbob,2.8.2,8,72,10,bbob_f008_i72_d10,-189.79
bbob,2.8.2,8,73,10,bbob_f008_i73_d10,-27.74
bbob,2.8.2,8,74,10,bbob_f008_i74_d10,6.93
bbob,2.8.2,8,75,10,bbob_f008_i75_d10,-44.56
bbob,2.8.2,8,76,10,bbob_f008_i76_d10,1000.0
bbob,2.8.2,8,77,10,bbob_f008_i77_d10,-679.71
bbob,2.8.2,8,78,10,bbob_f008_i78_d10,1000.0
bbob,2.8.2,8,79,10,bbob_f008_i79_d10,10.07
bbob,2.8.2,8,80,10,bbob_f008_i80_d10,-7.54
bbob,2.8.2,9,1,10,bbob_f009_i01_d10,123.83
bbob,2.8.2,9,2,10,bbob_f009_i02_d10,47.51
bbob,2.8.2,9,3,10,bbob_f009_i03_d10,55.34
bbob,2.8.2,9,4,10,bbob_f009_i04_d10,-90.33
bbob,2.8.2,9,5,10,bbob_f009_i05_d10,65.61
bbob,2.8.2,9,71,10,bbob_f009_i71_d10,934.82
bbob,2.8.2,9,72,10,bbob_f009_i72_d10,-63.71
bbob,2.8.2,9,73,10,bbob_f009_i73_d10,1000.0
bbob,2.8.2,9,74,10,bbob_f009_i74_d10,31.97
bbob,2.8.2,9,75,10,bbob_f009_i75_d10,58.19
bbob,2.8.2,9,76,10,bbob_f009_i76_d10,-4.84
bbob,2.8.2,9,77,10,bbob_f009_i77_d10,-63.37
bbob,2.8.2,9,78,10,bbob_f009_i78_d10,2.75
bbob,2.8.2,9,79,10,bbob_f009_i79_d10,-46.81
bbob,2.8.2,9,80,10,bbob_f009_i80_d10,61.34
bbob,2.8.2,10,1,10,bbob_f010_i01_d10,-54.94
bbob,2.8.2,10,2,10,bbob_f010_i02_d10,59.13
bbob,2.8.2,10,3,10,bbob_f010_i03_d10,-491.53
bbob,2.8.2,10,4,10,bbob_f010_i04_d10,-170.2
bbob,2.8.2,10,5,10,bbob_f010_i05_d10,-469.75
bbob,2.8.2,10,71,10,bbob_f010_i71_d10,-51.91
bbob,2.8.2,10,72,10,bbob_f010_i72_d10,48.08
bbob,2.8.2,10,73,10,bbob_f010_i73_d10,30.58
bbob,2.8.2,10,74,10,bbob_f010_i74_d10,1000.0
bbob,2.8.2,10,75,10,bbob_f010_i75_d10,-42.36
bbob,2.8.2,10,76,10,bbob_f010_i76_d10,-71.87
bbob,2.8.2,10,77,10,bbob_f010_i77_d10,-16.5
bbob,2.8.2,10,78,10,bbob_f010_i78_d10,1000.0
bbob,2.8.2,10,79,10,bbob_f010_i79_d10,-1000.0
bbob,2.8.2,10,80,10,bbob_f010_i80_d10,-152.74
bbob,2.8.2,11,1,10,bbob_f011_i01_d10,76.27
bbob,2.8.2,11,2,10,bbob_f011_i02_d10,-22.55
bbob,2.8.2,11,3,10,bbob_f011_i03_d10,13.66
bbob,2.8.2,11,4,10,bbob_f011_i04_d10,937.84
bbob,2.8.2,11,5,10,bbob_f011_i05_d10,-78.72
bbob,2.8.2,11,71,10,bbob_f011_i71_d10,-41.51
bbob,2.8.2,11,72,10,bbob_f011_i72_d10,132.07
bbob,2.8.2,11,73,10,bbob_f011_i73_d10,97.25
bbob,2.8.2,11,74,10,bbob_f011_i74_d10,-20.33
bbob,2.8.2,11,75,10,bbob_f011_i75_d10,94.31
bbob,2.8.2,11,76,10,bbob_f011_i76_d10,-143.69
bbob,2.8.2,11,77,10,bbob_f011_i77_d10,-353.38
bbob,2.8.2,11,78,10,bbob_f011_i78_d10,-2.91
bbob,2.8.2,11,79,10,bbob_f011_i79_d10,-2.97
bbob,2.8.2,11,80,10,bbob_f011_i80_d10,299.63
bbob,2.8.2,12,1,10,bbob_f012_i01_d10,-621.11
bbob,2.8.2,12,2,10,bbob_f012_i02_d10,-254.82
bbob,2.8.2,12,3,10,bbob_f012_i03_d10,56.61
bbob,2.8.2,12,4,10,bbob_f012_i04_d10,-18.1
bbob,2.8.2,12,5,10,bbob_f012_i05_d10,37.77
bbob,2.8.2,12,71,10,bbob_f012_i71_d10,-632.55
bbob,2.8.2,12,72,10,bbob_f012_i72_d10,-85.3
bbob,2.8.2,12,73,10,bbob_f012_i73_d10,171.95
bbob,2.8.2,12,74,10,bbob_f012_i74_d10,68.16
bbob,2.8.2,12,75,10,bbob_f012_i75_d10,1000.0
bbob,2.8.2,12,76,10,bbob_f012_i76_d10,-68.37
bbob,2.8.2,12,77,10,bbob_f012_i77_d10,-55.48
bbob,2.8.2,12,78,10,bbob_f012_i78_d10,-53.49
bbob,2.8.2,12,79,10,bbob_f012_i79_d10,117.27
bbob,2.8.2,12,80,10,bbob_f012_i80_d10,77.89
bbob,2.8.2,13,1,10,bbob_f013_i01_d10,29.97
bbob,2.8.2,13,2,10,bbob_f013_i02_d10,-51.71
bbob,2.8.2,13,3,10,bbob_f013_i03_d10,-279.95
bbob,2.8.2,13,4,10,bbob_f013_i04_d10,931.99
bbob,2.8.2,13,5,10,bbob_f013_i05_d10,113.31
bbob,2.8.2,13,71,10,bbob_f013_i71_d10,28.49
bbob,2.8.2,13,72,10,bbob_f013_i72_d10,-740.58
bbob,2.8.2,13,73,10,bbob_f013_i73_d10,-51.77
bbob,2.8.2,13,74,10,bbob_f013_i74_d10,-222.98
bbob,2.8.2,13,75,10,bbob_f013_i75_d10,5.86
bbob,2.8.2,13,76,10,bbob_f013_i76_d10,204.86
bbob,2.8.2,13,77,10,bbob_f013_i77_d10,115.49
bbob,2.8.2,13,78,10,bbob_f013_i78_d10,195.05
bbob,2.8.2,13,79,10,bbob_f013_i79_d10,-214.48
bbob,2.8.2,13,80,10,bbob_f013_i80_d10,-45.9
bbob,2.8.2,14,1,10,bbob_f014_i01_d10,-52.35
bbob,2.8.2,14,2,10,bbob_f014_i02_d10,-179.54
bbob,2.8.2,14,3,10,bbob_f014_i03_d10,77.31
bbob,2.8.2,14,4,10,bbob_f014_i04_d10,39.92
bbob,2.8.2,14,5,10,bbob_f014_i05_d10,-56.61
bbob,2.8.2,14,71,10,bbob_f014_i71_d10,32.7
bbob,2.8.2,14,72,10,bbob_f014_i72_d10,-39.43
bbob,2.8.2,14,73,10,bbob_f014_i73_d10,419.72
bbob,2.8.2,14,74,10,bbob_f014_i74_d10,7.64
bbob,2.8.2,14,75,10,bbob_f014_i75_d10,-127.68
bbob,2.8.2,14,76,10,bbob_f014_i76_d10,-36.5
bbob,2.8.2,14,77,10,bbob_f014_i77_d10,172.87
bbob,2.8.2,14,78,10,bbob_f014_i78_d10,157.72
bbob,2.8.2,14,79,10,bbob_f014_i79_d10,28.19
bbob,2.8.2,14,80,10,bbob_f014_i80_d10,-99.25
bbob,2.8.2,15,1,10,bbob_f015_i01_d10,1000.0
bbob,2.8.2,15,2,10,bbob_f015_i02_d10,70.03
bbob,2.8.2,15,3,10,bbob_f015_i03_d10,-48.22
bbob,2.8.2,15,4,10,bbob_f015_i04_d10,25.47
bbob,2.8.2,15,5,10,bbob_f015_i05_d10,-100.81
bbob,2.8.2,15,71,10,bbob_f015_i71_d10,-353.13
bbob,2.8.2,15,72,10,bbob_f015_i72_d10,87.16
bbob,2.8.2,15,73,10,bbob_f015_i73_d10,-34.75
bbob,2.8.2,15,74,10,bbob_f015_i74_d10,-1000.0
bbob,2.8.2,15,75,10,bbob_f015_i75_d10,-92.47
bbob,2.8.2,15,76,10,bbob_f015_i76_d10,-215.3
bbob,2.8.2,15,77,10,bbob_f015_i77_d10,-54.49
bbob,2.8.2,15,78,10,bbob_f015_i78_d10,50.49
bbob,2.8.2,15,79,10,bbob_f015_i79_d10,-364.13
bbob,2.8.2,15,80,10,bbob_f015_i80_d10,159.27
bbob,2.8.2,16,1,10,bbob_f016_i01_d10,71.35
bbob,2.8.2,16,2,10,bbob_f016_i02_d10,-355.22
bbob,2.8.2,16,3,10,bbob_f016_i03_d10,99.17
bbob,2.8.2,16,4,10,bbob_f016_i04_d10,-517.91
bbob,2.8.2,16,5,10,bbob_f016_i05_d10,-57.21
bbob,2.8.2,16,71,10,bbob_f016_i71_d10,66.26
bbob,2.8.2,16,72,10,bbob_f016_i72_d10,-138.62
bbob,2.8.2,16,73,10,bbob_f016_i73_d10,731.39
bbob,2.8.2,16,74,10,bbob_f016_i74_d10,75.26
bbob,2.8.2,16,75,10,bbob_f016_i75_d10,-49.13
bbob,2.8.2,16,76,10,bbob_f016_i76_d10,-141.89
bbob,2.8.2,16,77,10,bbob_f016_i77_d10,109.57
bbob,2.8.2,16,78,10,bbob_f016_i78_d10,78.36
bbob,2.8.2,16,79,10,bbob_f016_i79_d10,114.09
bbob,2.8.2,16,80,10,bbob_f016_i80_d10,-544.59
bbob,2.8.2,17,1,10,bbob_f017_i01_d10,-16.94
bbob,2.8.2,17,2,10,bbob_f017_i02_d10,18.81
bbob,2.8.2,17,3,10,bbob_f017_i03_d10,273.15
bbob,2.8.2,17,4,10,bbob_f017_i04_d10,37.18
bbob,2.8.2,17,5,10,bbob_f017_i05_d10,-147.9
bbob,2.8.2,17,71,10,bbob_f017_i71_d10,481.71
bbob,2.8.2,17,72,10,bbob_f017_i72_d10,-36.46
bbob,2.8.2,17,73,10,bbob_f017_i73_d10,39.2
bbob,2.8.2,17,74,10,bbob_f017_i74_d10,-32.25
bbob,2.8.2,17,75,10,bbob_f017_i75_d10,368.12
bbob,2.8.2,17,76,10,bbob_f017_i76_d10,47.39
bbob,2.8.2,17,77,10,bbob_f017_i77_d10,-342.89
bbob,2.8.2,17,78,10,bbob_f017_i78_d10,91.02
bbob,2.8.2,17,79,10,bbob_f017_i79_d10,732.42
bbob,2.8.2,17,80,10,bbob_f017_i80_d10,35.42
bbob,2.8.2,18,1,10,bbob_f018_i01_d10,-16.94
bbob,2.8.2,18,2,10,bbob_f018_i02_d10,18.81
bbob,2.8.2,18,3,10,bbob_f018_i03_d10,273.15
bbob,2.8.2,18,4,10,bbob_f018_i04_d10,37.18
bbob,2.8.2,18,5,10,bbob_f018_i05_d10,-147.9
bbob,2.8.2,18,71,10,bbob_f018_i71_d10,481.71
bbob,2.8.2,18,72,10,bbob_f018_i72_d10,-36.46
bbob,2.8.2,18,73,10,bbob_f018_i73_d10,39.2
bbob,2.8.2,18,74,10,bbob_f018_i74_d10,-32.25
bbob,2.8.2,18,75,10,bbob_f018_i75_d10,368.12
bbob,2.8.2,18,76,10,bbob_f018_i76_d10,47.39
bbob,2.8.2,18,77,10,bbob_f018_i77_d10,-342.89
bbob,2.8.2,18,78,10,bbob_f018_i78_d10,91.02
bbob,2.8.2,18,79,10,bbob_f018_i79_d10,732.42
bbob,2.8.2,18,80,10,bbob_f018_i80_d10,35.42
bbob,2.8.2,19,1,10,bbob_f019_i01_d10,-102.55
bbob,2.8.2,19,2,10,bbob_f019_i02_d10,71.69
bbob,2.8.2,19,3,10,bbob_f019_i03_d10,214.01
bbob,2.8.2,19,4,10,bbob_f019_i04_d10,-58.48
bbob,2.8.2,19,5,10,bbob_f019_i05_d10,-613.08
bbob,2.8.2,19,71,10,bbob_f019_i71_d10,61.89
bbob,2.8.2,19,72,10,bbob_f019_i72_d10,-84.56
bbob,2.8.2,19,73,10,bbob_f019_i73_d10,-26.02
bbob,2.8.2,19,74,10,bbob_f019_i74_d10,-30.15
bbob,2.8.2,19,75,10,bbob_f019_i75_d10,-1000.0
bbob,2.8.2,19,76,10,bbob_f019_i76_d10,-924.3
bbob,2.8.2,19,77,10,bbob_f019_i77_d10,-10.35
bbob,2.8.2,19,78,10,bbob_f019_i78_d10,-1000.0
bbob,2.8.2,19,79,10,bbob_f019_i79_d10,28.8
bbob,2.8.2,19,80,10,bbob_f019_i80_d10,35.34
bbob,2.8.2,20,1,10,bbob_f020_i01_d10,-546.5
bbob,2.8.2,20,2,10,bbob_f020_i02_d10,1000.0
bbob,2.8.2,20,3,10,bbob_f020_i03_d10,208.38
bbob,2.8.2,20,4,10,bbob_f020_i04_d10,-144.96
bbob,2.8.2,20,5,10,bbob_f020_i05_d10,-6.3
bbob,2.8.2,20,71,10,bbob_f020_i71_d10,-136.76
bbob,2.8.2,20,72,10,bbob_f020_i72_d10,366.75
bbob,2.8.2,20,73,10,bbob_f020_i73_d10,-248.69
bbob,2.8.2,20,74,10,bbob_f020_i74_d10,-67.86
bbob,2.8.2,20,75,10,bbob_f020_i75_d10,-23.29
bbob,2.8.2,20,76,10,bbob_f020_i76_d10,-10.28
bbob,2.8.2,20,77,10,bbob_f020_i77_d10,179.97
bbob,2.8.2,20,78,10,bbob_f020_i78_d10,83.76
bbob,2.8.2,20,79,10,bbob_f020_i79_d10,-389.01
bbob,2.8.2,20,80,10,bbob_f020_i80_d10,-145.58
bbob,2.8.2,21,1,10,bbob_f021_i01_d10,40.78
bbob,2.8.2,21,2,10,bbob_f021_i02_d10,-1.6
bbob,2.8.2,21,3,10,bbob_f021_i03_d10,-370.84
bbob,2.8.2,21,4,10,bbob_f021_i04_d10,-32.56
bbob,2.8.2,21,5,10,bbob_f021_i05_d10,515.4
bbob,2.8.2,21,71,10,bbob_f021_i71_d10,-86.28
bbob,2.8.2,21,72,10,bbob_f021_i72_d10,22.24
bbob,2.8.2,21,73,10,bbob_f021_i73_d10,-23.01
bbob,2.8.2,21,74,10,bbob_f021_i74_d10,-332.37
bbob,2.8.2,21,75,10,bbob_f021_i75_d10,-123.13
bbob,2.8.2,21,76,10,bbob_f021_i76_d10,-153.79
bbob,2.8.2,21,77,10,bbob_f021_i77_d10,-48.6
bbob,2.8.2,21,78,10,bbob_f021_i78_d10,27.7
bbob,2.8.2,21,79,10,bbob_f021_i79_d10,29.93
bbob,2.8.2,21,80,10,bbob_f021_i80_d10,-19.83
bbob,2.8.2,22,1,10,bbob_f022_i01_d10,-1000.0
bbob,2.8.2,22,2,10,bbob_f022_i02_d10,1000.0
bbob,2.8.2,22,3,10,bbob_f022_i03_d10,-49.13
bbob,2.8.2,22,4,10,bbob_f022_i04_d10,297.73
bbob,2.8.2,22,5,10,bbob_f022_i05_d10,51.57
bbob,2.8.2,22,71,10,bbob_f022_i71_d10,152.71
bbob,2.8.2,22,72,10,bbob_f022_i72_d10,99.8
bbob,2.8.2,22,73,10,bbob_f022_i73_d10,-119.41
bbob,2.8.2,22,74,10,bbob_f022_i74_d10,10.77
bbob,2.8.2,22,75,10,bbob_f022_i75_d10,21.37
bbob,2.8.2,22,76,10,bbob_f022_i76_d10,16.73
bbob,2.8.2,22,77,10,bbob_f022_i77_d10,1000.0
bbob,2.8.2,22,78,10,bbob_f022_i78_d10,-107.96
bbob,2.8.2,22,79,10,bbob_f022_i79_d10,-302.59
bbob,2.8.2,22,80,10,bbob_f022_i80_d10,-306.55
bbob,2.8.2,23,1,10,bbob_f023_i01_d10,6.87
bbob,2.8.2,23,2,10,bbob_f023_i02_d10,0.01
bbob,2.8.2,23,3,10,bbob_f023_i03_d10,-130.61
bbob,2.8.2,23,4,10,bbob_f023_i04_d10,-223.12
bbob,2.8.2,23,5,10,bbob_f023_i05_d10,-44.43
bbob,2.8.2,23,71,10,bbob_f023_i71_d10,255.78
bbob,2.8.2,23,72,10,bbob_f023_i72_d10,1000.0
bbob,2.8.2,23,73,10,bbob_f023_i73_d10,-186.95
bbob,2.8.2,23,74,10,bbob_f023_i74_d10,585.95
bbob,2.8.2,23,75,10,bbob_f023_i75_d10,287.16
bbob,2.8.2,23,76,10,bbob_f023_i76_d10,-394.38
bbob,2.8.2,23,77,10,bbob_f023_i77_d10,54.43
bbob,2.8.2,23,78,10,bbob_f023_i78_d10,139.69
bbob,2.8.2,23,79,10,bbob_f023_i79_d10,-57.94
bbob,2.8.2,23,80,10,bbob_f023_i80_d10,125.39
bbob,2.8.2,24,1,10,bbob_f024_i01_d10,102.61
bbob,2.8.2,24,2,10,bbob_f024_i02_d10,93.3
bbob,2.8.2,24,3,10,bbob_f024_i03_d10,13.64
bbob,2.8.2,24,4,10,bbob_f024_i04_d10,194.8
bbob,2.8.2,24,5,10,bbob_f024_i05_d10,-133.59
bbob,2.8.2,24,71,10,bbob_f024_i71_d10,-30.85
bbob,2.8.2,24,72,10,bbob_f024_i72_d10,-9.2
bbob,2.8.2,24,73,10,bbob_f024_i73_d10,-203.76
bbob,2.8.2,24,74,10,bbob_f024_i74_d10,33.99
bbob,2.8.2,24,75,10,bbob_f024_i75_d10,-1000.0
bbob,2.8.2,24,76,10,bbob_f024_i76_d10,-1000.0
bbob,2.8.2,24,77,10,bbob_f024_i77_d10,-12.72
bbob,2.8.2,24,78,10,bbob_f024_i78_d10,-59.54
bbob,2.8.2,24,79,10,bbob_f024_i79_d10,-1000.0
bbob,2.8.2,24,80,10,bbob_f024_i80_d10,43.03
bbob,2.8.2,1,1,20,bbob_f001_i01_d20,79.48
bbob,2.8.2,1,2,20,bbob_f001_i02_d20,394.48
bbob,2.8.2,1,3,20,bbob_f001_i03_d20,-247.11
bbob,2.8.2,1,4,20,bbob_f001_i04_d20,-152.04
bbob,2.8.2,1,5,20,bbob_f001_i05_d20,-25.25
bbob,2.8.2,1,71,20,bbob_f001_i71_d20,183.01
bbob,2.8.2,1,72,20,bbob_f001_i72_d20,183.52
bbob,2.8.2,1,73,20,bbob_f001_i73_d20,-593.84
bbob,2.8.2,1,74,20,bbob_f001_i74_d20,-1000.0
bbob,2.8.2,1,75,20,bbob_f001_i75_d20,-25.31
bbob,2.8.2,1,76,20,bbob_f001_i76_d20,22.28
bbob,2.8.2,1,77,20,bbob_f001_i77_d20,356.14
bbob,2.8.2,1,78,20,bbob_f001_i78_d20,-475.7
bbob,2.8.2,1,79,20,bbob_f001_i79_d20,-1000.0
bbob,2.8.2,1,80,20,bbob_f001_i80_d20,-41.58
bbob,2.8.2,2,1,20,bbob_f002_i01_d20,-209.88
bbob,2.8.2,2,2,20,bbob_f002_i02_d20,-92.09
bbob,2.8.2,2,3,20,bbob_f002_i03_d20,-87.89
bbob,2.8.2,2,4,20,bbob_f002_i04_d20,320.19
bbob,2.8.2,2,5,20,bbob_f002_i05_d20,-104.24
bbob,2.8.2,2,71,20,bbob_f002_i71_d20,-67.85
bbob,2.8.2,2,72,20,bbob_f002_i72_d20,-363.98
bbob,2.8.2,2,73,20,bbob_f002_i73_d20,-18.65
bbob,2.8.2,2,74,20,bbob_f002_i74_d20,174.92
bbob,2.8.2,2,75,20,bbob_f002_i75_d20,-565.96
bbob,2.8.2,2,76,20,bbob_f002_i76_d20,70.95
bbob,2.8.2,2,77,20,bbob_f002_i77_d20,47.28
bbob,2.8.2,2,78,20,bbob_f002_i78_d20,-568.88
bbob,2.8.2,2,79,20,bbob_f002_i79_d20,20.69
bbob,2.8.2,2,80,20,bbob_f002_i80_d20,561.67
bbob,2.8.2,3,1,20,bbob_f003_i01_d20,-462.09
bbob,2.8.2,3,2,20,bbob_f003_i02_d20,77.66
bbob,2.8.2,3,3,20,bbob_f003_i03_d20,115.68
bbob,2.8.2,3,4,20,bbob_f003_i04_d20,-3.71
bbob,2.8.2,3,5,20,bbob_f003_i05_d20,132.18
bbob,2.8.2,3,71,20,bbob_f003_i71_d20,-39.3
bbob,2.8.2,3,72,20,bbob_f003_i72_d20,42.96
bbob,2.8.2,3,73,20,bbob_f003_i73_d20,284.22
bbob,2.8.2,3,74,20,bbob_f003_i74_d20,-32.17
bbob,2.8.2,3,75,20,bbob_f003_i75_d20,-58.58
bbob,2.8.2,3,76,20,bbob_f003_i76_d20,-604.92
bbob,2.8.2,3,77,20,bbob_f003_i77_d20,133.7
bbob,2.8.2,3,78,20,bbob_f003_i78_d20,-20.98
bbob,2.8.2,3,79,20,bbob_f003_i79_d20,135.33
bbob,2.8.2,3,80,20,bbob_f003_i80_d20,40.66
bbob,2.8.2,4,1,20,bbob_f004_i01_d20,-462.09
bbob,2.8.2,4,2,20,bbob_f004_i02_d20,77.66
bbob,2.8.2,4,3,20,bbob_f004_i03_d20,115.68
bbob,2.8.2,4,4,20,bbob_f004_i04_d20,-3.71
bbob,2.8.2,4,5,20,bbob_f004_i05_d20,132.18
bbob,2.8.2,4,71,20,bbob_f004_i71_d20,-39.3
bbob,2.8.2,4,72,20,bbob_f004_i72_d20,42.96
bbob,2.8.2,4,73,20,bbob_f004_i73_d20,284.22
bbob,2.8.2,4,74,20,bbob_f004_i74_d20,-32.17
bbob,2.8.2,4,75,20,bbob_f004_i75_d20,-58.58
bbob,2.8.2,4,76,20,bbob_f004_i76_d20,-604.92
bbob,2.8.2,4,77,20,bbob_f004_i77_d20,133.7
bbob,2.8.2,4,78,20,bbob_f004_i78_d20,-20.98
bbob,2.8.2,4,79,20,bbob_f004_i79_d20,135.33
bbob,2.8.2,4,80,20,bbob_f004_i80_d20,40.66
bbob,2.8.2,5,1,20,bbob_f005_i01_d20,-9.21
bbob,2.8.2,5,2,20,bbob_f005_i02_d20,655.99
bbob,2.8.2,5,3,20,bbob_f005_i03_d20,66.71
bbob,2.8.2,5,4,20,bbob_f005_i04_d20,941.67
bbob,2.8.2,5,5,20,bbob_f005_i05_d20,-37.45
bbob,2.8.2,5,71,20,bbob_f005_i71_d20,-66.39
bbob,2.8.2,5,72,20,bbob_f005_i72_d20,-226.01
bbob,2.8.2,5,73,20,bbob_f005_i73_d20,1000.0
bbob,2.8.2,5,74,20,bbob_f005_i74_d20,-183.02
bbob,2.8.2,5,75,20,bbob_f005_i75_d20,-102.62
bbob,2.8.2,5,76,20,bbob_f005_i76_d20,99.53
bbob,2.8.2,5,77,20,bbob_f005_i77_d20,149.59
bbob,2.8.2,5,78,20,bbob_f005_i78_d20,-1000.0
bbob,2.8.2,5,79,20,bbob_f005_i79_d20,-29.22
bbob,2.8.2,5,80,20,bbob_f005_i80_d20,-40.96
bbob,2.8.2,6,1,20,bbob_f006_i01_d20,35.9
bbob,2.8.2,6,2,20,bbob_f006_i02_d20,31.37
bbob,2.8.2,6,3,20,bbob_f006_i03_d20,-1000.0
bbob,2.8.2,6,4,20,bbob_f006_i04_d20,131.92
bbob,2.8.2,6,5,20,bbob_f006_i05_d20,590.84
bbob,2.8.2,6,71,20,bbob_f006_i71_d20,67.49
bbob,2.8.2,6,72,20,bbob_f006_i72_d20,30.85
bbob,2.8.2,6,73,20,bbob_f006_i73_d20,-12.55
bbob,2.8.2,6,74,20,bbob_f006_i74_d20,538.39
bbob,2.8.2,6,75,20,bbob_f006_i75_d20,-105.56
bbob,2.8.2,6,76,20,bbob_f006_i76_d20,98.03
bbob,2.8.2,6,77,20,bbob_f006_i77_d20,1000.0
bbob,2.8.2,6,78,20,bbob_f006_i78_d20,1.49
bbob,2.8.2,6,79,20,bbob_f006_i79_d20,596.35
bbob,2.8.2,6,80,20,bbob_f006_i80_d20,-118.97
bbob,2.8.2,7,1,20,bbob_f007_i01_d20,92.94
bbob,2.8.2,7,2,20,bbob_f007_i02_d20,35.35
bbob,2.8.2,7,3,20,bbob_f007_i03_d20,3.82
bbob,2.8.2,7,4,20,bbob_f007_i04_d20,21.75
bbob,2.8.2,7,5,20,bbob_f007_i05_d20,64.79
bbob,2.8.2,7,71,20,bbob_f007_i71_d20,-1000.0
bbob,2.8.2,7,72,20,bbob_f007_i72_d20,164.07
bbob,2.8.2,7,73,20,bbob_f007_i73_d20,-165.68
bbob,2.8.2,7,74,20,bbob_f007_i74_d20,92.84
bbob,2.8.2,7,75,20,bbob_f007_i75_d20,-367.92
bbob,2.8.2,7,76,20,bbob_f007_i76_d20,49.5
bbob,2.8.2,7,77,20,bbob_f007_i77_d20,-12.77
bbob,2.8.2,7,78,20,bbob_f007_i78_d20,63.65
bbob,2.8.2,7,79,20,bbob_f007_i79_d20,699.19
bbob,2.8.2,7,80,20,bbob_f007_i80_d20,1000.0
bbob,2.8.2,8,1,20,bbob_f008_i01_d20,149.15
bbob,2.8.2,8,2,20,bbob_f008_i02_d20,-1000.0
bbob,2.8.2,8,3,20,bbob_f008_i03_d20,98.62
bbob,2.8.2,8,4,20,bbob_f008_i04_d20,-47.15
bbob,2.8.2,8,5,20,bbob_f008_i05_d20,37.52
bbob,2.8.2,8,71,20,bbob_f008_i71_d20,6.74
bbob,2.8.2,8,72,20,bbob_f008_i72_d20,-189.79
bbob,2.8.2,8,73,20,bbob_f008_i73_d20,-27.74
bbob,2.8.2,8,74,20,bbob_f008_i74_d20,6.93
bbob,2.8.2,8,75,20,bbob_f008_i75_d20,-44.56
bbob,2.8.2,8,76,20,bbob_f008_i76_d20,1000.0
bbob,2.8.2,8,77,20,bbob_f008_i77_d20,-679.71
bbob,2.8.2,8,78,20,bbob_f008_i78_d20,1000.0
bbob,2.8.2,8,79,20,bbob_f008_i79_d20,10.07
bbob,2.8.2,8,80,20,bbob_f008_i80_d20,-7.54
bbob,2.8.2,9,1,20,bbob_f009_i01_d20,123.83
bbob,2.8.2,9,2,20,bbob_f009_i02_d20,47.51
bbob,2.8.2,9,3,20,bbob_f009_i03_d20,55.34
bbob,2.8.2,9,4,20,bbob_f009_i04_d20,-90.33
bbob,2.8.2,9,5,20,bbob_f009_i05_d20,65.61
bbob,2.8.2,9,71,20,bbob_f009_i71_d20,934.82
bbob,2.8.2,9,72,20,bbob_f009_i72_d20,-63.71
bbob,2.8.2,9,73,20,bbob_f009_i73_d20,1000.0
bbob,2.8.2,9,74,20,bbob_f009_i74_d20,31.97
bbob,2.8.2,9,75,20,bbob_f009_i75_d20,58.19
bbob,2.8.2,9,76,20,bbob_f009_i76_d20,-4.84
bbob,2.8.2,9,77,20,bbob_f009_i77_d20,-63.37
bbob,2.8.2,9,78,20,bbob_f009_i78_d20,2.75
bbob,2.8.2,9,79,20,bbob_f009_i79_d20,-46.81
bbob,2.8.2,9,80,20,bbob_f009_i80_d20,61.34
bbob,2.8.2,10,1,20,bbob_f010_i01_d20,-54.94
bbob,2.8.2,10,2,20,bbob_f010_i02_d20,59.13
bbob,2.8.2,10,3,20,bbob_f010_i03_d20,-491.53
bbob,2.8.2,10,4,20,bbob_f010_i04_d20,-170.2
bbob,2.8.2,10,5,20,bbob_f010_i05_d20,-469.75
bbob,2.8.2,10,71,20,bbob_f010_i71_d20,-51.91
bbob,2.8.2,10,72,20,bbob_f010_i72_d20,48.08
bbob,2.8.2,10,73,20,bbob_f010_i73_d20,30.58
bbob,2.8.2,10,74,20,bbob_f010_i74_d20,1000.0
bbob,2.8.2,10,75,20,bbob_f010_i75_d20,-42.36
bbob,2.8.2,10,76,20,bbob_f010_i76_d20,-71.87
bbob,2.8.2,10,77,20,bbob_f010_i77_d20,-16.5
bbob,2.8.2,10,78,20,bbob_f010_i78_d20,1000.0
bbob,2.8.2,10,79,20,bbob_f010_i79_d20,-1000.0
bbob,2.8.2,10,80,20,bbob_f010_i80_d20,-152.74
bbob,2.8.2,11,1,20,bbob_f011_i01_d20,76.27
bbob,2.8.2,11,2,20,bbob_f011_i02_d20,-22.55
bbob,2.8.2,11,3,20,bbob_f011_i03_d20,13.66
bbob,2.8.2,11,4,20,bbob_f011_i04_d20,937.84
bbob,2.8.2,11,5,20,bbob_f011_i05_d20,-78.72
bbob,2.8.2,11,71,20,bbob_f011_i71_d20,-41.51
bbob,2.8.2,11,72,20,bbob_f011_i72_d20,132.07
bbob,2.8.2,11,73,20,bbob_f011_i73_d20,97.25
bbob,2.8.2,11,74,20,bbob_f011_i74_d20,-20.33
bbob,2.8.2,11,75,20,bbob_f011_i75_d20,94.31
bbob,2.8.2,11,76,20,bbob_f011_i76_d20,-143.69
bbob,2.8.2,11,77,20,bbob_f011_i77_d20,-353.38
bbob,2.8.2,11,78,20,bbob_f011_i78_d20,-2.91
bbob,2.8.2,11,79,20,bbob_f011_i79_d20,-2.97
bbob,2.8.2,11,80,20,bbob_f011_i80_d20,299.63
bbob,2.8.2,12,1,20,bbob_f012_i01_d20,-621.11
bbob,2.8.2,12,2,20,bbob_f012_i02_d20,-254.82
bbob,2.8.2,12,3,20,bbob_f012_i03_d20,56.61
bbob,2.8.2,12,4,20,bbob_f012_i04_d20,-18.1
bbob,2.8.2,12,5,20,bbob_f012_i05_d20,37.77
bbob,2.8.2,12,71,20,bbob_f012_i71_d20,-632.55
bbob,2.8.2,12,72,20,bbob_f012_i72_d20,-85.3
bbob,2.8.2,12,73,20,bbob_f012_i73_d20,171.95
bbob,2.8.2,12,74,20,bbob_f012_i74_d20,68.16
bbob,2.8.2,12,75,20,bbob_f012_i75_d20,1000.0
bbob,2.8.2,12,76,20,bbob_f012_i76_d20,-68.37
bbob,2.8.2,12,77,20,bbob_f012_i77_d20,-55.48
bbob,2.8.2,12,78,20,bbob_f012_i78_d20,-53.49
bbob,2.8.2,12,79,20,bbob_f012_i79_d20,117.27
bbob,2.8.2,12,80,20,bbob_f012_i80_d20,77.89
bbob,2.8.2,13,1,20,bbob_f013_i01_d20,29.97
bbob,2.8.2,13,2,20,bbob_f013_i02_d20,-51.71
bbob,2.8.2,13,3,20,bbob_f013_i03_d20,-279.95
bbob,2.8.2,13,4,20,bbob_f013_i04_d20,931.99
bbob,2.8.2,13,5,20,bbob_f013_i05_d20,113.31
bbob,2.8.2,13,71,20,bbob_f013_i71_d20,28.49
bbob,2.8.2,13,72,20,bbob_f013_i72_d20,-740.58
bbob,2.8.2,13,73,20,bbob_f013_i73_d20,-51.77
bbob,2.8.2,13,74,20,bbob_f013_i74_d20,-222.98
bbob,2.8.2,13,75,20,bbob_f013_i75_d20,5.86
bbob,2.8.2,13,76,20,bbob_f013_i76_d20,204.86
bbob,2.8.2,13,77,20,bbob_f013_i77_d20,115.49
bbob,2.8.2,13,78,20,bbob_f013_i78_d20,195.05
bbob,2.8.2,13,79,20,bbob_f013_i79_d20,-214.48
bbob,2.8.2,13,80,20,bbob_f013_i80_d20,-45.9
bbob,2.8.2,14,1,20,bbob_f014_i01_d20,-52.35
bbob,2.8.2,14,2,20,bbob_f014_i02_d20,-179.54
bbob,2.8.2,14,3,20,bbob_f014_i03_d20,77.31
bbob,2.8.2,14,4,20,bbob_f014_i04_d20,39.92
bbob,2.8.2,14,5,20,bbob_f014_i05_d20,-56.61
bbob,2.8.2,14,71,20,bbob_f014_i71_d20,32.7
bbob,2.8.2,14,72,20,bbob_f014_i72_d20,-39.43
bbob,2.8.2,14,73,20,bbob_f014_i73_d20,419.72
bbob,2.8.2,14,74,20,bbob_f014_i74_d20,7.64
bbob,2.8.2,14,75,20,bbob_f014_i75_d20,-127.68
bbob,2.8.2,14,76,20,bbob_f014_i76_d20,-36.5
bbob,2.8.2,14,77,20,bbob_f014_i77_d20,172.87
bbob,2.8.2,14,78,20,bbob_f014_i78_d20,157.72
bbob,2.8.2,14,79,20,bbob_f014_i79_d20,28.19
bbob,2.8.2,14,80,20,bbob_f014_i80_d20,-99.25
bbob,2.8.2,15,1,20,bbob_f015_i01_d20,1000.0
bbob,2.8.2,15,2,20,bbob_f015_i02_d20,70.03
bbob,2.8.2,15,3,20,bbob_f015_i03_d20,-48.22
bbob,2.8.2,15,4,20,bbob_f015_i04_d20,25.47
bbob,2.8.2,15,5,20,bbob_f015_i05_d20,-100.81
bbob,2.8.2,15,71,20,bbob_f015_i71_d20,-353.13
bbob,2.8.2,15,72,20,bbob_f015_i72_d20,87.16
bbob,2.8.2,15,73,20,bbob_f015_i73_d20,-34.75
bbob,2.8.2,15,74,20,bbob_f015_i74_d20,-1000.0
bbob,2.8.2,15,75,20,bbob_f015_i75_d20,-92.47
bbob,2.8.2,15,76,20,bbob_f015_i76_d20,-215.3
bbob,2.8.2,15,77,20,bbob_f015_i77_d20,-54.49
bbob,2.8.2,15,78,20,bbob_f015_i78_d20,50.49
bbob,2.8.2,15,79,20,bbob_f015_i79_d20,-364.13
bbob,2.8.2,15,80,20,bbob_f015_i80_d20,159.27
bbob,2.8.2,16,1,20,bbob_f016_i01_d20,71.35
bbob,2.8.2,16,2,20,bbob_f016_i02_d20,-355.22
bbob,2.8.2,16,3,20,bbob_f016_i03_d20,99.17
bbob,2.8.2,16,4,20,bbob_f016_i04_d20,-517.91
bbob,2.8.2,16,5,20,bbob_f016_i05_d20,-57.21
bbob,2.8.2,16,71,20,bbob_f016_i71_d20,66.26
bbob,2.8.2,16,72,20,bbob_f016_i72_d20,-138.62
bbob,2.8.2,16,73,20,bbob_f016_i73_d20,731.39
bbob,2.8.2,16,74,20,bbob_f016_i74_d20,75.26
bbob,2.8.2,16,75,20,bbob_f016_i75_d20,-49.13
bbob,2.8.2,16,76,20,bbob_f016_i76_d20,-141.89
bbob,2.8.2,16,77,20,bbob_f016_i77_d20,109.57
bbob,2.8.2,16,78,20,bbob_f016_i78_d20,78.36
bbob,2.8.2,16,79,20,bbob_f016_i79_d20,114.09
bbob,2.8.2,16,80,20,bbob_f016_i80_d20,-544.59
bbob,2.8.2,17,1,20,bbob_f017_i01_d20,-16.94
bbob,2.8.2,17,2,20,bbob_f017_i02_d20,18.81
bbob,2.8.2,17,3,20,bbob_f017_i03_d20,273.15
bbob,2.8.2,17,4,20,bbob_f017_i04_d20,37.18
bbob,2.8.2,17,5,20,bbob_f017_i05_d20,-147.9
bbob,2.8.2,17,71,20,bbob_f017_i71_d20,481.71
bbob,2.8.2,17,72,20,bbob_f017_i72_d20,-36.46
bbob,2.8.2,17,73,20,bbob_f017_i73_d20,39.2
bbob,2.8.2,17,74,20,bbob_f017_i74_d20,-32.25
bbob,2.8.2,17,75,20,bbob_f017_i75_d20,368.12
bbob,2.8.2,17,76,20,bbob_f017_i76_d20,47.39
bbob,2.8.2,17,77,20,bbob_f017_i77_d20,-342.89
bbob,2.8.2,17,78,20,bbob_f017_i78_d20,91.02
bbob,2.8.2,17,79,20,bbob_f017_i79_d20,732.42
bbob,2.8.2,17,80,20,bbob_f017_i80_d20,35.42
bbob,2.8.2,18,1,20,bbob_f018_i01_d20,-16.94
bbob,2.8.2,18,2,20,bbob_f018_i02_d20,18.81
bbob,2.8.2,18,3,20,bbob_f018_i03_d20,273.15
bbob,2.8.2,18,4,20,bbob_f018_i04_d20,37.18
bbob,2.8.2,18,5,20,bbob_f018_i05_d20,-147.9
bbob,2.8.2,18,71,20,bbob_f018_i71_d20,481.71
bbob,2.8.2,18,72,20,bbob_f018_i72_d20,-36.46
bbob,2.8.2,18,73,20,bbob_f018_i73_d20,39.2
bbob,2.8.2,18,74,20,bbob_f018_i74_d20,-32.25
bbob,2.8.2,18,75,20,bbob_f018_i75_d20,368.12
bbob,2.8.2,18,76,20,bbob_f018_i76_d20,47.39
bbob,2.8.2,18,77,20,bbob_f018_i77_d20,-342.89
bbob,2.8.2,18,78,20,bbob_f018_i78_d20,91.02
bbob,2.8.2,18,79,20,bbob_f018_i79_d20,732.42
bbob,2.8.2,18,80,20,bbob_f018_i80_d20,35.42
bbob,2.8.2,19,1,20,bbob_f019_i01_d20,-102.55
bbob,2.8.2,19,2,20,bbob_f019_i02_d20,71.69
bbob,2.8.2,19,3,20,bbob_f019_i03_d20,214.01
bbob,2.8.2,19,4,20,bbob_f019_i04_d20,-58.48
bbob,2.8.2,19,5,20,bbob_f019_i05_d20,-613.08
bbob,2.8.2,19,71,20,bbob_f019_i71_d20,61.89
bbob,2.8.2,19,72,20,bbob_f019_i72_d20,-84.56
bbob,2.8.2,19,73,20,bbob_f019_i73_d20,-26.02
bbob,2.8.2,19,74,20,bbob_f019_i74_d20,-30.15
bbob,2.8.2,19,75,20,bbob_f019_i75_d20,-1000.0
bbob,2.8.2,19,76,20,bbob_f019_i76_d20,-924.3
bbob,2.8.2,19,77,20,bbob_f019_i77_d20,-10.35
bbob,2.8.2,19,78,20,bbob_f019_i78_d20,-1000.0
bbob,2.8.2,19,79,20,bbob_f019_i79_d20,28.8
bbob,2.8.2,19,80,20,bbob_f019_i80_d20,35.34
bbob,2.8.2,20,1,20,bbob_f020_i01_d20,-546.5
bbob,2.8.2,20,2,20,bbob_f020_i02_d20,1000.0
bbob,2.8.2,20,3,20,bbob_f020_i03_d20,208.38
bbob,2.8.2,20,4,20,bbob_f020_i04_d20,-144.96
bbob,2.8.2,20,5,20,bbob_f020_i05_d20,-6.3
bbob,2.8.2,20,71,20,bbob_f020_i71_d20,-136.76
bbob,2.8.2,20,72,20,bbob_f020_i72_d20,366.75
bbob,2.8.2,20,73,20,bbob_f020_i73_d20,-248.69
bbob,2.8.2,20,74,20,bbob_f020_i74_d20,-67.86
bbob,2.8.2,20,75,20,bbob_f020_i75_d20,-23.29
bbob,2.8.2,20,76,20,bbob_f020_i76_d20,-10.28
bbob,2.8.2,20,77,20,bbob_f020_i77_d20,179.97
bbob,2.8.2,20,78,20,bbob_f020_i78_d20,83.76
bbob,2.8.2,20,79,20,bbob_f020_i79_d20,-389.01
bbob,2.8.2,20,80,20,bbob_f020_i80_d20,-145.58
bbob,2.8.2,21,1,20,bbob_f021_i01_d20,40.78
bbob,2.8.2,21,2,20,bbob_f021_i02_d20,-1.6
bbob,2.8.2,21,3,20,bbob_f021_i03_d20,-370.84
bbob,2.8.2,21,4,20,bbob_f021_i04_d20,-32.56
bbob,2.8.2,21,5,20,bbob_f021_i05_d20,515.4
bbob,2.8.2,21,71,20,bbob_f021_i71_d20,-86.28
bbob,2.8.2,21,72,20,bbob_f021_i72_d20,22.24
bbob,2.8.2,21,73,20,bbob_f021_i73_d20,-23.01
bbob,2.8.2,21,74,20,bbob_f021_i74_d20,-332.37
bbob,2.8.2,21,75,20,bbob_f021_i75_d20,-123.13
bbob,2.8.2,21,76,20,bbob_f021_i76_d20,-153.79
bbob,2.8.2,21,77,20,bbob_f021_i77_d20,-48.6
bbob,2.8.2,21,78,20,bbob_f021_i78_d20,27.7
bbob,2.8.2,21,79,20,bbob_f021_i79_d20,29.93
bbob,2.8.2,21,80,20,bbob_f021_i80_d20,-19.83
bbob,2.8.2,22,1,20,bbob_f022_i01_d20,-1000.0
bbob,2.8.2,22,2,20,bbob_f022_i02_d20,1000.0
bbob,2.8.2,22,3,20,bbob_f022_i03_d20,-49.13
bbob,2.8.2,22,4,20,bbob_f022_i04_d20,297.73
bbob,2.8.2,22,5,20,bbob_f022_i05_d20,51.57
bbob,2.8.2,22,71,20,bbob_f022_i71_d20,152.71
bbob,2.8.2,22,72,20,bbob_f022_i72_d20,99.8
bbob,2.8.2,22,73,20,bbob_f022_i73_d20,-119.41
bbob,2.8.2,22,74,20,bbob_f022_i74_d20,10.77
bbob,2.8.2,22,75,20,bbob_f022_i75_d20,21.37
bbob,2.8.2,22,76,20,bbob_f022_i76_d20,16.73
bbob,2.8.2,22,77,20,bbob_f022_i77_d20,1000.0
bbob,2.8.2,22,78,20,bbob_f022_i78_d20,-107.96
bbob,2.8.2,22,79,20,bbob_f022_i79_d20,-302.59
bbob,2.8.2,22,80,20,bbob_f022_i80_d20,-306.55
bbob,2.8.2,23,1,20,bbob_f023_i01_d20,6.87
bbob,2.8.2,23,2,20,bbob_f023_i02_d20,0.01
bbob,2.8.2,23,3,20,bbob_f023_i03_d20,-130.61
bbob,2.8.2,23,4,20,bbob_f023_i04_d20,-223.12
bbob,2.8.2,23,5,20,bbob_f023_i05_d20,-44.43
bbob,2.8.2,23,71,20,bbob_f023_i71_d20,255.78
bbob,2.8.2,23,72,20,bbob_f023_i72_d20,1000.0
bbob,2.8.2,23,73,20,bbob_f023_i73_d20,-186.95
bbob,2.8.2,23,74,20,bbob_f023_i74_d20,585.95
bbob,2.8.2,23,75,20,bbob_f023_i75_d20,287.16
bbob,2.8.2,23,76,20,bbob_f023_i76_d20,-394.38
bbob,2.8.2,23,77,20,bbob_f023_i77_d20,54.43
bbob,2.8.2,23,78,20,bbob_f023_i78_d20,139.69
bbob,2.8.2,23,79,20,bbob_f023_i79_d20,-57.94
bbob,2.8.2,23,80,20,bbob_f023_i80_d20,125.39
bbob,2.8.2,24,1,20,bbob_f024_i01_d20,102.61
bbob,2.8.2,24,2,20,bbob_f024_i02_d20,93.3
bbob,2.8.2,24,3,20,bbob_f024_i03_d20,13.64
bbob,2.8.2,24,4,20,bbob_f024_i04_d20,194.8
bbob,2.8.2,24,5,20,bbob_f024_i05_d20,-133.59
bbob,2.8.2,24,71,20,bbob_f024_i71_d20,-30.85
bbob,2.8.2,24,72,20,bbob_f024_i72_d20,-9.2
bbob,2.8.2,24,73,20,bbob_f024_i73_d20,-203.76
bbob,2.8.2,24,74,20,bbob_f024_i74_d20,33.99
bbob,2.8.2,24,75,20,bbob_f024_i75_d20,-1000.0
bbob,2.8.2,24,76,20,bbob_f024_i76_d20,-1000.0
bbob,2.8.2,24,77,20,bbob_f024_i77_d20,-12.72
bbob,2.8.2,24,78,20,bbob_f024_i78_d20,-59.54
bbob,2.8.2,24,79,20,bbob_f024_i79_d20,-1000.0
bbob,2.8.2,24,80,20,bbob_f024_i80_d20,43.03
bbob,2.8.2,1,1,40,bbob_f001_i01_d40,79.48
bbob,2.8.2,1,2,40,bbob_f001_i02_d40,394.48
bbob,2.8.2,1,3,40,bbob_f001_i03_d40,-247.11
bbob,2.8.2,1,4,40,bbob_f001_i04_d40,-152.04
bbob,2.8.2,1,5,40,bbob_f001_i05_d40,-25.25
bbob,2.8.2,1,71,40,bbob_f001_i71_d40,183.01
bbob,2.8.2,1,72,40,bbob_f001_i72_d40,183.52
bbob,2.8.2,1,73,40,bbob_f001_i73_d40,-593.84
bbob,2.8.2,1,74,40,bbob_f001_i74_d40,-1000.0
bbob,2.8.2,1,75,40,bbob_f001_i75_d40,-25.31
bbob,2.8.2,1,76,40,bbob_f001_i76_d40,22.28
bbob,2.8.2,1,77,40,bbob_f001_i77_d40,356.14
bbob,2.8.2,1,78,40,bbob_f001_i78_d40,-475.7
bbob,2.8.2,1,79,40,bbob_f001_i79_d40,-1000.0
bbob,2.8.2,1,80,40,bbob_f001_i80_d40,-41.58
bbob,2.8.2,2,1,40,bbob_f002_i01_d40,-209.88
bbob,2.8.2,2,2,40,bbob_f002_i02_d40,-92.09
bbob,2.8.2,2,3,40,bbob_f002_i03_d40,-87.89
bbob,2.8.2,2,4,40,bbob_f002_i04_d40,320.19
bbob,2.8.2,2,5,40,bbob_f002_i05_d40,-104.24
bbob,2.8.2,2,71,40,bbob_f002_i71_d40,-67.85
bbob,2.8.2,2,72,40,bbob_f002_i72_d40,-363.98
bbob,2.8.2,2,73,40,bbob_f002_i73_d40,-18.65
bbob,2.8.2,2,74,40,bbob_f002_i74_d40,174.92
bbob,2.8.2,2,75,40,bbob_f002_i75_d40,-565.96
bbob,2.8.2,2,76,40,bbob_f002_i76_d40,70.95
bbob,2.8.2,2,77,40,bbob_f002_i77_d40,47.28
bbob,2.8.2,2,78,40,bbob_f002_i78_d40,-568.88
bbob,2.8.2,2,79,40,bbob_f002_i79_d40,20.69
bbob,2.8.2,2,80,40,bbob_f002_i80_d40,561.67
bbob,2.8.2,3,1,40,bbob_f003_i01_d40,-462.09
bbob,2.8.2,3,2,40,bbob_f003_i02_d40,77.66
bbob,2.8.2,3,3,40,bbob_f003_i03_d40,115.68
bbob,2.8.2,3,4,40,bbob_f003_i04_d40,-3.71
bbob,2.8.2,3,5,40,bbob_f003_i05_d40,132.18
bbob,2.8.2,3,71,40,bbob_f003_i71_d40,-39.3
bbob,2.8.2,3,72,40,bbob_f003_i72_d40,42.96
bbob,2.8.2,3,73,40,bbob_f003_i73_d40,284.22
bbob,2.8.2,3,74,40,bbob_f003_i74_d40,-32.17
bbob,2.8.2,3,75,40,bbob_f003_i75_d40,-58.58
bbob,2.8.2,3,76,40,bbob_f003_i76_d40,-604.92
bbob,2.8.2,3,77,40,bbob_f003_i77_d40,133.7
bbob,2.8.2,3,78,40,bbob_f003_i78_d40,-20.98
bbob,2.8.2,3,79,40,bbob_f003_i79_d40,135.33
bbob,2.8.2,3,80,40,bbob_f003_i80_d40,40.66
bbob,2.8.2,4,1,40,bbob_f004_i01_d40,-462.09
bbob,2.8.2,4,2,40,bbob_f004_i02_d40,77.66
bbob,2.8.2,4,3,40,bbob_f004_i03_d40,115.68
bbob,2.8.2,4,4,40,bbob_f004_i04_d40,-3.71
bbob,2.8.2,4,5,40,bbob_f004_i05_d40,132.18
bbob,2.8.2,4,71,40,bbob_f004_i71_d40,-39.3
bbob,2.8.2,4,72,40,bbob_f004_i72_d40,42.96
bbob,2.8.2,4,73,40,bbob_f004_i73_d40,284.22
bbob,2.8.2,4,74,40,bbob_f004_i74_d40,-32.17
bbob,2.8.2,4,75,40,bbob_f004_i75_d40,-58.58
bbob,2.8.2,4,76,40,bbob_f004_i76_d40,-604.92
bbob,2.8.2,4,77,40,bbob_f004_i77_d40,133.7
bbob,2.8.2,4,78,40,bbob_f004_i78_d40,-20.98
bbob,2.8.2,4,79,40,bbob_f004_i79_d40,135.33
bbob,2.8.2,4,80,40,bbob_f004_i80_d40,40.66
bbob,2.8.2,5,1,40,bbob_f005_i01_d40,-9.21
bbob,2.8.2,5,2,40,bbob_f005_i02_d40,655.99
bbob,2.8.2,5,3,40,bbob_f005_i03_d40,66.71
bbob,2.8.2,5,4,40,bbob_f005_i04_d40,941.67
bbob,2.8.2,5,5,40,bbob_f005_i05_d40,-37.45
bbob,2.8.2,5,71,40,bbob_f005_i71_d40,-66.39
bbob,2.8.2,5,72,40,bbob_f005_i72_d40,-226.01
bbob,2.8.2,5,73,40,bbob_f005_i73_d40,1000.0
bbob,2.8.2,5,74,40,bbob_f005_i74_d40,-183.02
bbob,2.8.2,5,75,40,bbob_f005_i75_d40,-102.62
bbob,2.8.2,5,76,40,bbob_f005_i76_d40,99.53
bbob,2.8.2,5,77,40,bbob_f005_i77_d40,149.59
bbob,2.8.2,5,78,40,bbob_f005_i78_d40,-1000.0
bbob,2.8.2,5,79,40,bbob_f005_i79_d40,-29.22
bbob,2.8.2,5,80,40,bbob_f005_i80_d40,-40.96
bbob,2.8.2,6,1,40,bbob_f006_i01_d40,35.9
bbob,2.8.2,6,2,40,bbob_f006_i02_d40,31.37
bbob,2.8.2,6,3,40,bbob_f006_i03_d40,-1000.0
bbob,2.8.2,6,4,40,bbob_f006_i04_d40,131.92
bbob,2.8.2,6,5,40,bbob_f006_i05_d40,590.84
bbob,2.8.2,6,71,40,bbob_f006_i71_d40,67.49
bbob,2.8.2,6,72,40,bbob_f006_i72_d40,30.85
bbob,2.8.2,6,73,40,bbob_f006_i73_d40,-12.55
bbob,2.8.2,6,74,40,bbob_f006_i74_d40,538.39
bbob,2.8.2,6,75,40,bbob_f006_i75_d40,-105.56
bbob,2.8.2,6,76,40,bbob_f006_i76_d40,98.03
bbob,2.8.2,6,77,40,bbob_f006_i77_d40,1000.0
bbob,2.8.2,6,78,40,bbob_f006_i78_d40,1.49
bbob,2.8.2,6,79,40,bbob_f006_i79_d40,596.35
bbob,2.8.2,6,80,40,bbob_f006_i80_d40,-118.97
bbob,2.8.2,7,1,40,bbob_f007_i01_d40,92.94
bbob,2.8.2,7,2,40,bbob_f007_i02_d40,35.35
bbob,2.8.2,7,3,40,bbob_f007_i03_d40,3.82
bbob,2.8.2,7,4,40,bbob_f007_i04_d40,21.75
bbob,2.8.2,7,5,40,bbob_f007_i05_d40,64.79
bbob,2.8.2,7,71,40,bbob_f007_i71_d40,-1000.0
bbob,2.8.2,7,72,40,bbob_f007_i72_d40,164.07
bbob,2.8.2,7,73,40,bbob_f007_i73_d40,-165.68
bbob,2.8.2,7,74,40,bbob_f007_i74_d40,92.84
bbob,2.8.2,7,75,40,bbob_f007_i75_d40,-367.92
bbob,2.8.2,7,76,40,bbob_f007_i76_d40,49.5
bbob,2.8.2,7,77,40,bbob_f007_i77_d40,-12.77
bbob,2.8.2,7,78,40,bbob_f007_i78_d40,63.65
bbob,2.8.2,7,79,40,bbob_f007_i79_d40,699.19
bbob,2.8.2,7,80,40,bbob_f007_i80_d40,1000.0
bbob,2.8.2,8,1,40,bbob_f008_i01_d40,149.15
bbob,2.8.2,8,2,40,bbob_f008_i02_d40,-1000.0
bbob,2.8.2,8,3,40,bbob_f008_i03_d40,98.62
bbob,2.8.2,8,4,40,bbob_f008_i04_d40,-47.15
bbob,2.8.2,8,5,40,bbob_f008_i05_d40,37.52
bbob,2.8.2,8,71,40,bbob_f008_i71_d40,6.74
bbob,2.8.2,8,72,40,bbob_f008_i72_d40,-189.79
bbob,2.8.2,8,73,40,bbob_f008_i73_d40,-27.74
bbob,2.8.2,8,74,40,bbob_f008_i74_d40,6.93
bbob,2.8.2,8,75,40,bbob_f008_i75_d40,-44.56
bbob,2.8.2,8,76,40,bbob_f008_i76_d40,1000.0
bbob,2.8.2,8,77,40,bbob_f008_i77_d40,-679.71
bbob,2.8.2,8,78,40,bbob_f008_i78_d40,1000.0
bbob,2.8.2,8,79,40,bbob_f008_i79_d40,10.07
bbob,2.8.2,8,80,40,bbob_f008_i80_d40,-7.54
bbob,2.8.2,9,1,40,bbob_f009_i01_d40,123.83
bbob,2.8.2,9,2,40,bbob_f009_i02_d40,47.51
bbob,2.8.2,9,3,40,bbob_f009_i03_d40,55.34
bbob,2.8.2,9,4,40,bbob_f009_i04_d40,-90.33
bbob,2.8.2,9,5,40,bbob_f009_i05_d40,65.61
bbob,2.8.2,9,71,40,bbob_f009_i71_d40,934.82
bbob,2.8.2,9,72,40,bbob_f009_i72_d40,-63.71
bbob,2.8.2,9,73,40,bbob_f009_i73_d40,1000.0
bbob,2.8.2,9,74,40,bbob_f009_i74_d40,31.97
bbob,2.8.2,9,75,40,bbob_f009_i75_d40,58.19
bbob,2.8.2,9,76,40,bbob_f009_i76_d40,-4.84
bbob,2.8.2,9,77,40,bbob_f009_i77_d40,-63.37
bbob,2.8.2,9,78,40,bbob_f009_i78_d40,2.75
bbob,2.8.2,9,79,40,bbob_f009_i79_d40,-46.81
bbob,2.8.2,9,80,40,bbob_f009_i80_d40,61.34
bbob,2.8.2,10,1,40,bbob_f010_i01_d40,-54.94
bbob,2.8.2,10,2,40,bbob_f010_i02_d40,59.13
bbob,2.8.2,10,3,40,bbob_f010_i03_d40,-491.53
bbob,2.8.2,10,4,40,bbob_f010_i04_d40,-170.2
bbob,2.8.2,10,5,40,bbob_f010_i05_d40,-469.75
bbob,2.8.2,10,71,40,bbob_f010_i71_d40,-51.91
bbob,2.8.2,10,72,40,bbob_f010_i72_d40,48.08
bbob,2.8.2,10,73,40,bbob_f010_i73_d40,30.58
bbob,2.8.2,10,74,40,bbob_f010_i74_d40,1000.0
bbob,2.8.2,10,75,40,bbob_f010_i75_d40,-42.36
bbob,2.8.2,10,76,40,bbob_f010_i76_d40,-71.87
bbob,2.8.2,10,77,40,bbob_f010_i77_d40,-16.5
bbob,2.8.2,10,78,40,bbob_f010_i78_d40,1000.0
bbob,2.8.2,10,79,40,bbob_f010_i79_d40,-1000.0
bbob,2.8.2,10,80,40,bbob_f010_i80_d40,-152.74
bbob,2.8.2,11,1,40,bbob_f011_i01_d40,76.27
bbob,2.8.2,11,2,40,bbob_f011_i02_d40,-22.55
bbob,2.8.2,11,3,40,bbob_f011_i03_d40,13.66
bbob,2.8.2,11,4,40,bbob_f011_i04_d40,937.84
bbob,2.8.2,11,5,40,bbob_f011_i05_d40,-78.72
bbob,2.8.2,11,71,40,bbob_f011_i71_d40,-41.51
bbob,2.8.2,11,72,40,bbob_f011_i72_d40,132.07
bbob,2.8.2,11,73,40,bbob_f011_i73_d40,97.25
bbob,2.8.2,11,74,40,bbob_f011_i74_d40,-20.33
bbob,2.8.2,11,75,40,bbob_f011_i75_d40,94.31
bbob,2.8.2,11,76,40,bbob_f011_i76_d40,-143.69
bbob,2.8.2,11,77,40,bbob_f011_i77_d40,-353.38
bbob,2.8.2,11,78,40,bbob_f011_i78_d40,-2.91
bbob,2.8.2,11,79,40,bbob_f011_i79_d40,-2.97
bbob,2.8.2,11,80,40,bbob_f011_i80_d40,299.63
bbob,2.8.2,12,1,40,bbob_f012_i01_d40,-621.11
bbob,2.8.2,12,2,40,bbob_f012_i02_d40,-254.82
bbob,2.8.2,12,3,40,bbob_f012_i03_d40,56.61
bbob,2.8.2,12,4,40,bbob_f012_i04_d40,-18.1
bbob,2.8.2,12,5,40,bbob_f012_i05_d40,37.77
bbob,2.8.2,12,71,40,bbob_f012_i71_d40,-632.55
bbob,2.8.2,12,72,40,bbob_f012_i72_d40,-85.3
bbob,2.8.2,12,73,40,bbob_f012_i73_d40,171.95
bbob,2.8.2,12,74,40,bbob_f012_i74_d40,68.16
bbob,2.8.2,12,75,40,bbob_f012_i75_d40,1000.0
bbob,2.8.2,12,76,40,bbob_f012_i76_d40,-68.37
bbob,2.8.2,12,77,40,bbob_f012_i77_d40,-55.48
bbob,2.8.2,12,78,40,bbob_f012_i78_d40,-53.49
bbob,2.8.2,12,79,40,bbob_f012_i79_d40,117.27
bbob,2.8.2,12,80,40,bbob_f012_i80_d40,77.89
bbob,2.8.2,13,1,40,bbob_f013_i01_d40,29.97
bbob,2.8.2,13,2,40,bbob_f013_i02_d40,-51.71
bbob,2.8.2,13,3,40,bbob_f013_i03_d40,-279.95
bbob,2.8.2,13,4,40,bbob_f013_i04_d40,931.99
bbob,2.8.2,13,5,40,bbob_f013_i05_d40,113.31
bbob,2.8.2,13,71,40,bbob_f013_i71_d40,28.49
bbob,2.8.2,13,72,40,bbob_f013_i72_d40,-740.58
bbob,2.8.2,13,73,40,bbob_f013_i73_d40,-51.77
bbob,2.8.2,13,74,40,bbob_f013_i74_d40,-222.98
bbob,2.8.2,13,75,40,bbob_f013_i75_d40,5.86
bbob,2.8.2,13,76,40,bbob_f013_i76_d40,204.86
bbob,2.8.2,13,77,40,bbob_f013_i77_d40,115.49
bbob,2.8.2,13,78,40,bbob_f013_i78_d40,195.05
bbob,2.8.2,13,79,40,bbob_f013_i79_d40,-214.48
bbob,2.8.2,13,80,40,bbob_f013_i80_d40,-45.9
bbob,2.8.2,14,1,40,bbob_f014_i01_d40,-52.35
bbob,2.8.2,14,2,40,bbob_f014_i02_d40,-179.54
bbob,2.8.2,14,3,40,bbob_f014_i03_d40,77.31
bbob,2.8.2,14,4,40,bbob_f014_i04_d40,39.92
bbob,2.8.2,14,5,40,bbob_f014_i05_d40,-56.61
bbob,2.8.2,14,71,40,bbob_f014_i71_d40,32.7
bbob,2.8.2,14,72,40,bbob_f014_i72_d40,-39.43
bbob,2.8.2,14,73,40,bbob_f014_i73_d40,419.72
bbob,2.8.2,14,74,40,bbob_f014_i74_d40,7.64
bbob,2.8.2,14,75,40,bbob_f014_i75_d40,-127.68
bbob,2.8.2,14,76,40,bbob_f014_i76_d40,-36.5
bbob,2.8.2,14,77,40,bbob_f014_i77_d40,172.87
bbob,2.8.2,14,78,40,bbob_f014_i78_d40,157.72
bbob,2.8.2,14,79,40,bbob_f014_i79_d40,28.19
bbob,2.8.2,14,80,40,bbob_f014_i80_d40,-99.25
bbob,2.8.2,15,1,40,bbob_f015_i01_d40,1000.0
bbob,2.8.2,15,2,40,bbob_f015_i02_d40,70.03
bbob,2.8.2,15,3,40,bbob_f015_i03_d40,-48.22
bbob,2.8.2,15,4,40,bbob_f015_i04_d40,25.47
bbob,2.8.2,15,5,40,bbob_f015_i05_d40,-100.81
bbob,2.8.2,15,71,40,bbob_f015_i71_d40,-353.13
bbob,2.8.2,15,72,40,bbob_f015_i72_d40,87.16
bbob,2.8.2,15,73,40,bbob_f015_i73_d40,-34.75
bbob,2.8.2,15,74,40,bbob_f015_i74_d40,-1000.0
bbob,2.8.2,15,75,40,bbob_f015_i75_d40,-92.47
bbob,2.8.2,15,76,40,bbob_f015_i76_d40,-215.3
bbob,2.8.2,15,77,40,bbob_f015_i77_d40,-54.49
bbob,2.8.2,15,78,40,bbob_f015_i78_d40,50.49
bbob,2.8.2,15,79,40,bbob_f015_i79_d40,-364.13
bbob,2.8.2,15,80,40,bbob_f015_i80_d40,159.27
bbob,2.8.2,16,1,40,bbob_f016_i01_d40,71.35
bbob,2.8.2,16,2,40,bbob_f016_i02_d40,-355.22
bbob,2.8.2,16,3,40,bbob_f016_i03_d40,99.17
bbob,2.8.2,16,4,40,bbob_f016_i04_d40,-517.91
bbob,2.8.2,16,5,40,bbob_f016_i05_d40,-57.21
bbob,2.8.2,16,71,40,bbob_f016_i71_d40,66.26
bbob,2.8.2,16,72,40,bbob_f016_i72_d40,-138.62
bbob,2.8.2,16,73,40,bbob_f016_i73_d40,731.39
bbob,2.8.2,16,74,40,bbob_f016_i74_d40,75.26
bbob,2.8.2,16,75,40,bbob_f016_i75_d40,-49.13
bbob,2.8.2,16,76,40,bbob_f016_i76_d40,-141.89
bbob,2.8.2,16,77,40,bbob_f016_i77_d40,109.57
bbob,2.8.2,16,78,40,bbob_f016_i78_d40,78.36
bbob,2.8.2,16,79,40,bbob_f016_i79_d40,114.09
bbob,2.8.2,16,80,40,bbob_f016_i80_d40,-544.59
bbob,2.8.2,17,1,40,bbob_f017_i01_d40,-16.94
bbob,2.8.2,17,2,40,bbob_f017_i02_d40,18.81
bbob,2.8.2,17,3,40,bbob_f017_i03_d40,273.15
bbob,2.8.2,17,4,40,bbob_f017_i04_d40,37.18
bbob,2.8.2,17,5,40,bbob_f017_i05_d40,-147.9
bbob,2.8.2,17,71,40,bbob_f017_i71_d40,481.71
bbob,2.8.2,17,72,40,bbob_f017_i72_d40,-36.46
bbob,2.8.2,17,73,40,bbob_f017_i73_d40,39.2
bbob,2.8.2,17,74,40,bbob_f017_i74_d40,-32.25
bbob,2.8.2,17,75,40,bbob_f017_i75_d40,368.12
bbob,2.8.2,17,76,40,bbob_f017_i76_d40,47.39
bbob,2.8.2,17,77,40,bbob_f017_i77_d40,-342.89
bbob,2.8.2,17,78,40,bbob_f017_i78_d40,91.02
bbob,2.8.2,17,79,40,bbob_f017_i79_d40,732.42
bbob,2.8.2,17,80,40,bbob_f017_i80_d40,35.42
bbob,2.8.2,18,1,40,bbob_f018_i01_d40,-16.94
bbob,2.8.2,18,2,40,bbob_f018_i02_d40,18.81
bbob,2.8.2,18,3,40,bbob_f018_i03_d40,273.15
bbob,2.8.2,18,4,40,bbob_f018_i04_d40,37.18
bbob,2.8.2,18,5,40,bbob_f018_i05_d40,-147.9
bbob,2.8.2,18,71,40,bbob_f018_i71_d40,481.71
bbob,2.8.2,18,72,40,bbob_f018_i72_d40,-36.46
bbob,2.8.2,18,73,40,bbob_f018_i73_d40,39.2
bbob,2.8.2,18,74,40,bbob_f018_i74_d40,-32.25
bbob,2.8.2,18,75,40,bbob_f018_i75_d40,368.12
bbob,2.8.2,18,76,40,bbob_f018_i76_d40,47.39
bbob,2.8.2,18,77,40,bbob_f018_i77_d40,-342.89
bbob,2.8.2,18,78,40,bbob_f018_i78_d40,91.02
bbob,2.8.2,18,79,40,bbob_f018_i79_d40,732.42
bbob,2.8.2,18,80,40,bbob_f018_i80_d40,35.42
bbob,2.8.2,19,1,40,bbob_f019_i01_d40,-102.55
bbob,2.8.2,19,2,40,bbob_f019_i02_d40,71.69
bbob,2.8.2,19,3,40,bbob_f019_i03_d40,214.01
bbob,2.8.2,19,4,40,bbob_f019_i04_d40,-58.48
bbob,2.8.2,19,5,40,bbob_f019_i05_d40,-613.08
bbob,2.8.2,19,71,40,bbob_f019_i71_d40,61.89
bbob,2.8.2,19,72,40,bbob_f019_i72_d40,-84.56
bbob,2.8.2,19,73,40,bbob_f019_i73_d40,-26.02
bbob,2.8.2,19,74,40,bbob_f019_i74_d40,-30.15
bbob,2.8.2,19,75,40,bbob_f019_i75_d40,-1000.0
bbob,2.8.2,19,76,40,bbob_f019_i76_d40,-924.3
bbob,2.8.2,19,77,40,bbob_f019_i77_d40,-10.35
bbob,2.8.2,19,78,40,bbob_f019_i78_d40,-1000.0
bbob,2.8.2,19,79,40,bbob_f019_i79_d40,28.8
bbob,2.8.2,19,80,40,bbob_f019_i80_d40,35.34
bbob,2.8.2,20,1,40,bbob_f020_i01_d40,-546.5
bbob,2.8.2,20,2,40,bbob_f020_i02_d40,1000.0
bbob,2.8.2,20,3,40,bbob_f020_i03_d40,208.38
bbob,2.8.2,20,4,40,bbob_f020_i04_d40,-144.96
bbob,2.8.2,20,5,40,bbob_f020_i05_d40,-6.3
bbob,2.8.2,20,71,40,bbob_f020_i71_d40,-136.76
bbob,2.8.2,20,72,40,bbob_f020_i72_d40,366.75
bbob,2.8.2,20,73,40,bbob_f020_i73_d40,-248.69
bbob,2.8.2,20,74,40,bbob_f020_i74_d40,-67.86
bbob,2.8.2,20,75,40,bbob_f020_i75_d40,-23.29
bbob,2.8.2,20,76,40,bbob_f020_i76_d40,-10.28
bbob,2.8.2,20,77,40,bbob_f020_i77_d40,179.97
bbob,2.8.2,20,78,40,bbob_f020_i78_d40,83.76
bbob,2.8.2,20,79,40,bbob_f020_i79_d40,-389.01
bbob,2.8.2,20,80,40,bbob_f020_i80_d40,-145.58
bbob,2.8.2,21,1,40,bbob_f021_i01_d40,40.78
bbob,2.8.2,21,2,40,bbob_f021_i02_d40,-1.6
bbob,2.8.2,21,3,40,bbob_f021_i03_d40,-370.84
bbob,2.8.2,21,4,40,bbob_f021_i04_d40,-32.56
bbob,2.8.2,21,5,40,bbob_f021_i05_d40,515.4
bbob,2.8.2,21,71,40,bbob_f021_i71_d40,-86.28
bbob,2.8.2,21,72,40,bbob_f021_i72_d40,22.24
bbob,2.8.2,21,73,40,bbob_f021_i73_d40,-23.01
bbob,2.8.2,21,74,40,bbob_f021_i74_d40,-332.37
bbob,2.8.2,21,75,40,bbob_f021_i75_d40,-123.13
bbob,2.8.2,21,76,40,bbob_f021_i76_d40,-153.79
bbob,2.8.2,21,77,40,bbob_f021_i77_d40,-48.6
bbob,2.8.2,21,78,40,bbob_f021_i78_d40,27.7
bbob,2.8.2,21,79,40,bbob_f021_i79_d40,29.93
bbob,2.8.2,21,80,40,bbob_f021_i80_d40,-19.83
bbob,2.8.2,22,1,40,bbob_f022_i01_d40,-1000.0
bbob,2.8.2,22,2,40,bbob_f022_i02_d40,1000.0
bbob,2.8.2,22,3,40,bbob_f022_i03_d40,-49.13
bbob,2.8.2,22,4,40,bbob_f022_i04_d40,297.73
bbob,2.8.2,22,5,40,bbob_f022_i05_d40,51.57
bbob,2.8.2,22,71,40,bbob_f022_i71_d40,152.71
bbob,2.8.2,22,72,40,bbob_f022_i72_d40,99.8
bbob,2.8.2,22,73,40,bbob_f022_i73_d40,-119.41
bbob,2.8.2,22,74,40,bbob_f022_i74_d40,10.77
bbob,2.8.2,22,75,40,bbob_f022_i75_d40,21.37
bbob,2.8.2,22,76,40,bbob_f022_i76_d40,16.73
bbob,2.8.2,22,77,40,bbob_f022_i77_d40,1000.0
bbob,2.8.2,22,78,40,bbob_f022_i78_d40,-107.96
bbob,2.8.2,22,79,40,bbob_f022_i79_d40,-302.59
bbob,2.8.2,22,80,40,bbob_f022_i80_d40,-306.55
bbob,2.8.2,23,1,40,bbob_f023_i01_d40,6.87
bbob,2.8.2,23,2,40,bbob_f023_i02_d40,0.01
bbob,2.8.2,23,3,40,bbob_f023_i03_d40,-130.61
bbob,2.8.2,23,4,40,bbob_f023_i04_d40,-223.12
bbob,2.8.2,23,5,40,bbob_f023_i05_d40,-44.43
bbob,2.8.2,23,71,40,bbob_f023_i71_d40,255.78
bbob,2.8.2,23,72,40,bbob_f023_i72_d40,1000.0
bbob,2.8.2,23,73,40,bbob_f023_i73_d40,-186.95
bbob,2.8.2,23,74,40,bbob_f023_i74_d40,585.95
bbob,2.8.2,23,75,40,bbob_f023_i75_d40,287.16
bbob,2.8.2,23,76,40,bbob_f023_i76_d40,-394.38
bbob,2.8.2,23,77,40,bbob_f023_i77_d40,54.43
bbob,2.8.2,23,78,40,bbob_f023_i78_d40,139.69
bbob,2.8.2,23,79,40,bbob_f023_i79_d40,-57.94
bbob,2.8.2,23,80,40,bbob_f023_i80_d40,125.39
bbob,2.8.2,24,1,40,bbob_f024_i01_d40,102.61
bbob,2.8.2,24,2,40,bbob_f024_i02_d40,93.3
bbob,2.8.2,24,3,40,bbob_f024_i03_d40,13.64
bbob,2.8.2,24,4,40,bbob_f024_i04_d40,194.8
bbob,2.8.2,24,5,40,bbob_f024_i05_d40,-133.59
bbob,2.8.2,24,71,40,bbob_f024_i71_d40,-30.85
bbob,2.8.2,24,72,40,bbob_f024_i72_d40,-9.2
bbob,2.8.2,24,73,40,bbob_f024_i73_d40,-203.76
bbob,2.8.2,24,74,40,bbob_f024_i74_d40,33.99
bbob,2.8.2,24,75,40,bbob_f024_i75_d40,-1000.0
bbob,2.8.2,24,76,40,bbob_f024_i76_d40,-1000.0
bbob,2.8.2,24,77,40,bbob_f024_i77_d40,-12.72
bbob,2.8.2,24,78,40,bbob_f024_i78_d40,-59.54
bbob,2.8.2,24,79,40,bbob_f024_i79_d40,-1000.0
bbob,2.8.2,24,80,40,bbob_f024_i80_d40,43.03
