function_id,category,noise_eta,median_true_final_error,mean_true_final_error,min_true_final_error,max_true_final_error,q25_true_final_error,q75_true_final_error,n_runs,median_fe_used,median_n_accept,median_n_reloc,median_wall_time_sec
1,Unimodal,0.0,8005216.044871672,6661933.111893736,2364325.602610498,10107240.805521982,4363205.758640867,8469677.34782366,5,300000.0,1614.0,4.0,8.200679540634155
1,Unimodal,0.0001,30122505.937578097,29793181.834548812,22023306.423528954,36021330.072330594,30098719.678216416,30700047.06109001,5,300000.0,798.0,13.0,7.875215768814087
1,Unimodal,0.001,202276197.34250224,224321262.8389151,168921091.91230324,290554492.156583,187739018.16060084,272115514.62258625,5,300000.0,621.0,14.0,8.445892810821533
1,Unimodal,0.01,1855908781.9930124,2208352999.680713,1484840611.812955,2997038034.9785614,1850628666.1642487,2853348903.454789,5,300000.0,380.0,17.0,8.768393993377686
2,Unimodal,0.0,543695.192255188,669304.2500248321,415509.9239429937,1086433.9363546576,461233.26889112906,839648.9286801919,5,300000.0,1499.0,4.0,7.112674713134766
2,Unimodal,0.0001,17641345.8865239,20483839.485599373,11494939.808428308,34184625.62926248,17091362.54987801,22006923.55390416,5,300000.0,738.0,13.0,6.859630584716797
2,Unimodal,0.001,135348072.73492053,136761633.12032324,104471217.72444592,161628744.74573797,132217457.8178388,150142672.57867292,5,300000.0,684.0,14.0,7.472692966461182
2,Unimodal,0.01,3978048884.497203,3788997152.595829,2380483427.345258,4412606615.547276,3840545959.884439,4333300875.704968,5,300000.0,723.0,15.0,7.549566030502319
3,Unimodal,0.0,6234.947963815302,13394.864503346349,1043.581702961047,30949.974838552032,3495.483312297222,25250.334699106148,5,300000.0,1608.0,3.0,7.021892786026001
3,Unimodal,0.0001,229694.48171700703,275114.3080201107,169062.58581846926,422980.7550689824,220637.16133185427,333196.55616424046,5,300000.0,302.0,18.0,7.197542190551758
3,Unimodal,0.001,657875.4989167529,1067101.3096229355,251568.28850528688,2503960.094685598,273364.60027974105,1648738.0657272993,5,300000.0,288.0,18.0,7.199668884277344
3,Unimodal,0.01,26052303.89029909,39675925.33903703,12278758.35886801,80615823.33027984,18927945.54346243,60504795.57227578,5,300000.0,272.0,18.0,7.180533647537232
4,Multimodal,0.0,72.84353252766431,59.531835594338965,6.156067737038086,73.28663969791734,72.15891347414106,73.21402453493403,5,300000.0,1445.0,8.0,8.394083023071289
4,Multimodal,0.0001,116.05947106286146,127.0826811493391,114.27480789809624,156.59330416047487,115.81964311334934,132.66617951191358,5,300000.0,741.0,14.0,8.108421564102173
4,Multimodal,0.001,700.8482366644707,709.1599967427708,660.4559523851194,791.1918803906701,685.4867916612202,707.8171226123734,5,300000.0,695.0,15.0,8.484947919845581
4,Multimodal,0.01,12761.390464954637,11094.656218935155,7264.440393489274,14639.95752610737,7572.843322995959,13234.649387128537,5,300000.0,542.0,17.0,8.537098407745361
8,Multimodal,0.0,285.27796389943546,286.00547378657615,278.0900021768789,296.7495997895637,281.32004138409525,288.58976168290747,5,300000.0,777.0,19.0,7.62642240524292
8,Multimodal,0.0001,288.6697989534357,289.4663514727023,265.4746038785884,313.12039540373644,283.3677772068595,296.69918192089153,5,300000.0,339.0,16.0,8.134709596633911
8,Multimodal,0.001,273.0632494876413,281.3860466904864,267.8233017896621,313.6567669862188,271.3642068886932,281.02270830021666,5,300000.0,350.0,17.0,8.149744510650635
8,Multimodal,0.01,270.00400263463416,292.56703549669163,266.67296121548543,337.3564971920978,267.5814346783636,321.2202817628772,5,300000.0,375.0,16.0,7.727736711502075
12,Multimodal,0.0,0.9222150072407658,0.9266181047198188,0.8172329615704257,1.0744992348941196,0.8774454165413772,0.9416979033524058,5,300000.0,260.0,20.0,568.9738159179688
12,Multimodal,0.0001,0.724563270178578,0.7232741601593261,0.4474248607014033,0.8773016546572308,0.7155476167649795,0.8515333984944391,5,300000.0,250.0,16.0,571.3361251354218
12,Multimodal,0.001,0.682973961961352,0.7448125679506574,0.5947568206954656,1.0710453564465752,0.6663423636637162,0.7089443369861783,5,300000.0,237.0,16.0,583.8210415840149
12,Multimodal,0.01,0.9368984698803616,0.8838758373226028,0.6236926968815624,1.153004998721144,0.6838993357646359,1.0218836853653102,5,300000.0,254.0,17.0,578.5280871391296
17,Hybrid,0.0,165776.72086009933,180181.98174051184,85856.28483546614,287876.53429480374,108472.58386238082,252927.7848498091,5,300000.0,1505.0,6.0,17.690587043762207
17,Hybrid,0.0001,8102186.374684451,7539423.065305509,3255320.3319887454,11160488.80401172,6063695.042668377,9115424.773174249,5,300000.0,673.0,14.0,17.367002964019775
17,Hybrid,0.001,83585677.61099431,73741731.40750052,43763010.285122655,100780942.6137106,52446650.94246276,88132375.58521226,5,300000.0,505.0,17.0,17.561448097229004
17,Hybrid,0.01,547774168.1206368,524344401.12258995,206717121.5321232,729950282.662817,468377103.7621797,668903329.5351932,5,300000.0,289.0,19.0,17.634700775146484
20,Hybrid,0.0,32639.53830930045,30731.14618942777,16015.10720856422,38884.317382554334,27893.585216080428,38223.18283063943,5,300000.0,1464.0,6.0,13.963158369064333
20,Hybrid,0.0001,2002973136463986.5,2604453049524416.5,182552945399954.62,6476052584294711.0,1533198844280146.5,2827487737183283.5,5,300000.0,460.0,17.0,14.266305923461914
20,Hybrid,0.001,3.8949928421231736e+16,3.1207109599214796e+16,182553469613698.72,5.62492167856413e+16,1.7649945083201126e+16,4.300390423638614e+16,5,300000.0,347.0,17.0,13.73268699645996
20,Hybrid,0.01,3.5767880449345508e+16,3.641962493808388e+16,182549044472823.56,8.130593133427754e+16,4434286497803889.0,6.040747736451962e+16,5,300000.0,218.0,18.0,13.986345291137695
22,Hybrid,0.0,586.8409937500978,667.5293730715127,207.51848948138783,1519.242145684486,373.0832023898697,650.9620340517222,5,300000.0,1138.0,12.0,80.9488422870636
22,Hybrid,0.0001,626028146235195.0,572902254442452.4,332274750279187.6,736206919661401.2,501335197389050.7,668666258647427.2,5,300000.0,362.0,17.0,79.34614324569702
22,Hybrid,0.001,775196758227935.9,1343310268197630.8,4425829931273.245,3809977999620806.5,586008078396330.2,1540942674811808.2,5,300000.0,274.0,19.0,79.88987016677856
22,Hybrid,0.01,7548145380383309.0,1.4434405583300268e+16,777335747865118.9,4.9265219974419336e+16,4422171426377627.0,1.0159155387455946e+16,5,300000.0,159.0,20.0,80.27171802520752
23,Composition,0.0,222.8604853623101,222.86347586815546,222.85888278934,222.8769733348836,222.85922029821904,222.86181755602456,5,300000.0,1358.0,6.0,20.19906783103943
23,Composition,0.0001,237.07443020142816,236.2408423531766,228.04596530072013,242.123702988044,233.70539185159944,240.2547214240913,5,300000.0,774.0,14.0,20.87119698524475
23,Composition,0.001,305.95189899053366,298.9828711568119,275.4490423556954,306.6918497442971,300.4219159047075,306.39964878882574,5,300000.0,620.0,15.0,20.5397891998291
23,Composition,0.01,654.544949312502,659.476911594035,514.1032422239018,804.8557685716501,592.289265895547,731.5913319665738,5,300000.0,463.0,17.0,20.184005737304688
26,Composition,0.0,200.18822353673067,180.27986263841686,100.62775652396658,200.30573315891613,200.08891181722447,200.1886881552464,5,300000.0,1592.0,4.0,117.3032112121582
26,Composition,0.0001,111.83329235197016,146.2048006991331,105.84366312852126,203.0963023403297,108.1377429640056,202.11300271083883,5,300000.0,696.0,15.0,117.96587586402892
26,Composition,0.001,121.24718253237006,152.41654516529007,111.89826244494088,210.15810332266847,112.60983797986728,206.1693395466036,5,300000.0,589.0,16.0,115.979394197464
26,Composition,0.01,283.4826663485437,247.88444299217736,143.89488845385813,346.1528878373483,154.39656106317898,311.49521125795764,5,300000.0,377.0,17.0,114.00140285491943
30,Composition,0.0,28341.90282563953,27669.80759131984,17550.848507386447,32911.97537095632,26653.501953993768,32890.809298623135,5,300000.0,1456.0,7.0,109.84661507606506
30,Composition,0.0001,100566687036571.48,97672802363640.53,66429565711655.23,121249591897384.56,80200347035480.1,119917820137111.31,5,300000.0,365.0,18.0,110.92215633392334
30,Composition,0.001,616139954114839.9,629134953532753.2,296551816249185.1,1101496950884776.2,328036415538144.3,803449630876820.5,5,300000.0,294.0,19.0,111.45381116867064
30,Composition,0.01,1654575390457652.5,2859135651496313.5,216861046409846.47,8331236160590786.0,298192337727217.7,3794813322296065.5,5,300000.0,195.0,20.0,111.69741463661194
