function_id,eta_0,eta_1e-04,eta_1e-03,eta_1e-02
1,8005216.044871672,30122505.937578097,202276197.34250224,1855908781.9930124
2,543695.192255188,17641345.8865239,135348072.73492053,3978048884.497203
3,6234.947963815302,229694.48171700703,657875.4989167529,26052303.89029909
4,72.84353252766431,116.05947106286146,700.8482366644707,12761.390464954637
8,285.27796389943546,288.6697989534357,273.0632494876413,270.00400263463416
12,0.9222150072407658,0.724563270178578,0.682973961961352,0.9368984698803616
17,165776.72086009933,8102186.374684451,83585677.61099431,547774168.1206368
20,32639.53830930045,2002973136463986.5,3.8949928421231736e+16,3.5767880449345508e+16
22,586.8409937500978,626028146235195.0,775196758227935.9,7548145380383309.0
23,222.8604853623101,237.07443020142816,305.95189899053366,654.544949312502
26,200.18822353673067,111.83329235197016,121.24718253237006,283.4826663485437
30,28341.90282563953,100566687036571.48,616139954114839.9,1654575390457652.5
