function_id,eta_0,eta_1e-04,eta_1e-03,eta_1e-02,diff_eta_1e-04_minus_control,ratio_eta_1e-04_over_control,diff_eta_1e-03_minus_control,ratio_eta_1e-03_over_control,diff_eta_1e-02_minus_control,ratio_eta_1e-02_over_control
1,8005216.044871672,30122505.937578097,202276197.34250224,1855908781.9930124,22117289.892706424,3.762859836478152,194270981.29763058,25.26804975764334,1847903565.9481409,231.8374384388977
2,543695.192255188,17641345.8865239,135348072.73492053,3978048884.497203,17097650.69426871,32.44712503958244,134804377.54266533,248.94108806353717,3977505189.304948,7316.689463441257
3,6234.947963815302,229694.48171700703,657875.4989167529,26052303.89029909,223459.53375319173,36.839839410055305,651640.5509529376,105.51419237734655,26046068.942335274,4178.4316471435495
4,72.84353252766431,116.05947106286146,700.8482366644707,12761.390464954637,43.215938535197154,1.5932707686682372,628.0047041368064,9.621282938170312,12688.546932426972,175.18906651195357
8,285.27796389943546,288.6697989534357,273.0632494876413,270.00400263463416,3.3918350540002393,1.0118895795792904,-12.214714411794148,0.9571831127619096,-15.2739612648013,0.9464593722696871
12,0.9222150072407658,0.724563270178578,0.682973961961352,0.9368984698803616,-0.19765173706218775,0.7856771625810399,-0.2392410452794138,0.7405799695287821,0.014683462639595857,1.0159219515235696
17,165776.72086009933,8102186.374684451,83585677.61099431,547774168.1206368,7936409.653824352,48.87408999676118,83419900.89013422,504.2063637000826,547608391.3997767,3304.288836687203
20,32639.53830930045,2002973136463986.5,3.8949928421231736e+16,3.5767880449345508e+16,2002973136431347.0,61366466568.347595,3.8949928421199096e+16,1193335765112.0076,3.5767880449312868e+16,1095845171288.886
22,586.8409937500978,626028146235195.0,775196758227935.9,7548145380383309.0,626028146234608.1,1066776440130.1943,775196758227349.0,1320965587755.1868,7548145380382722.0,12862334875667.59
23,222.8604853623101,237.07443020142816,305.95189899053366,654.544949312502,14.213944839118057,1.0637795651212465,83.09141362822356,1.3728404947747452,431.6844639501919,2.9370166193813643
26,200.18822353673067,111.83329235197016,121.24718253237006,283.4826663485437,-88.35493118476052,0.5586407151040576,-78.94104100436061,0.6056659097637856,83.29444281181304,1.4160806332173188
30,28341.90282563953,100566687036571.48,616139954114839.9,1654575390457652.5,100566687008229.58,3548339278.9560246,616139954086498.0,21739540845.417347,1654575390429310.5,58379121565.57249
