algorithm,function_id,function_name,category,dimension,observations,error_mean,error_median,error_std,error_q25,error_q75,error_min,error_max,best_f_mean,best_f_median,fe_used_mean,fe_used_median,fe_used_min,fe_used_max,wall_time_mean,wall_time_median,error_iqr
CMA-ES,1,CEC2014-F1,Unimodal,30,30,2.936909974475081e-14,2.8421709430404014e-14,9.090453971076215e-15,2.8421709430404014e-14,2.8421709430404014e-14,1.4210854715202004e-14,4.263256414560601e-14,100.00000000000003,100.00000000000004,33530.46666666667,32963.0,31542,38514,3.1398270114331654,3.0603266729995084,0.0
DE,1,CEC2014-F1,Unimodal,30,30,167997.5240126684,142262.92543796805,127151.56138314979,63593.43689438884,260510.7970620693,25700.690154926524,476977.1865314839,168097.5240126684,142362.92543796805,299700.0,299700.0,299700,299700,6.4383058521667405,6.3985861845003456,196917.36016768045
DMGSO,1,CEC2014-F1,Unimodal,30,30,6109924.52561249,5764115.94455493,2684242.0210530837,4173566.998711209,8353562.022085664,1212184.693218032,10980082.037125858,6110024.52561249,5764215.94455493,300000.0,300000.0,300000,300000,7.621317766966846,7.540040834999672,4179995.023374455
PSO,1,CEC2014-F1,Unimodal,30,30,176754354.31607082,146886485.30375418,135110701.34395427,93457022.49306369,223199696.8608491,9692114.54980007,655648734.435432,176754454.31607082,146886585.30375418,300000.0,300000.0,300000,300000,2.2291617017001046,2.2054641445001835,129742674.36778542
CMA-ES,2,CEC2014-F2,Unimodal,30,30,3.7895612573872014e-14,2.8421709430404014e-14,1.723715385148588e-14,2.8421709430404014e-14,4.9737991503207026e-14,2.8421709430404014e-14,8.526512829121202e-14,200.00000000000003,200.00000000000003,16787.866666666665,16800.0,16240,17416,1.4603892155998135,1.4647740604996216,2.1316282072803012e-14
DE,2,CEC2014-F2,Unimodal,30,30,4.355126160741444e-07,4.436562051068904e-08,1.6131517500127448e-06,1.0524757954044617e-08,1.0849108633692596e-07,2.258673248434206e-09,8.86332057348227e-06,200.0000004355126,200.0000000443656,299700.0,299700.0,299700,299700,5.408012963466535,5.401103259999218,9.796632838288134e-08
DMGSO,2,CEC2014-F2,Unimodal,30,30,767038.8457211031,645651.6630616598,407770.2105411126,481848.7497321438,886563.146470342,302343.24056845787,2079983.7329221368,767238.8457211031,645851.6630616598,300000.0,300000.0,300000,300000,6.538480068400046,6.523361087000012,404714.3967381981
PSO,2,CEC2014-F2,Unimodal,30,30,25320128547.520687,24439894459.233864,12039797080.928726,14676512263.677504,35420455938.86579,7691857648.082276,54014896926.24421,25320128747.520687,24439894659.233864,300000.0,300000.0,300000,300000,1.2280861729667474,1.2270778100000825,20743943675.188286
CMA-ES,3,CEC2014-F3,Unimodal,30,30,6.063298011819523e-14,5.684341886080803e-14,1.442163759875612e-14,5.684341886080803e-14,5.684341886080803e-14,5.684341886080803e-14,1.1368683772161605e-13,300.00000000000006,300.00000000000006,17719.8,17703.0,17248,18564,1.4608313321667084,1.4404971160001878,0.0
DE,3,CEC2014-F3,Unimodal,30,30,1.7384612268263783e-11,2.7853275241795927e-12,3.407058441562656e-11,9.237055564881302e-13,1.382716163789155e-11,1.1368683772161605e-13,1.3579892765847035e-10,300.0000000000174,300.0000000000028,299700.0,299700.0,299700,299700,5.37504530010004,5.394735384500564,1.290345608140342e-11
DMGSO,3,CEC2014-F3,Unimodal,30,30,7637.597689380412,4219.04470500527,7850.026643272087,2133.5544139868794,10726.983385370968,18.13892711719194,30949.974838552032,7937.597689380412,4519.04470500527,300000.0,300000.0,300000,300000,6.479905219200069,6.491148418500416,8593.428971384088
PSO,3,CEC2014-F3,Unimodal,30,30,101055.38077084148,88177.20984576471,58231.98721876327,59437.63291472705,116350.38765531193,20777.26224837121,237564.99614881584,101355.38077084148,88477.20984576471,300000.0,300000.0,300000,300000,1.208898657466792,1.2110543955004687,56912.75474058488
CMA-ES,4,CEC2014-F4,Multimodal,30,30,2.2462444548828766,5.684341886080803e-14,11.573118000536034,5.684341886080803e-14,5.684341886080803e-14,5.684341886080803e-14,63.40070979218359,402.24624445488286,400.00000000000006,20584.666666666668,21329.0,11788,25704,1.8854993875331274,1.9510488290006833,0.0
DE,4,CEC2014-F4,Multimodal,30,30,0.3381464965762101,0.0648334757073598,0.7654519767720571,0.0041148460550459506,0.2468845730467279,0.0002897325946946,3.9892813809050263,400.3381464965762,400.06483347570736,299700.0,299700.0,299700,299700,6.517122921066584,6.517928782000126,0.24276972699168195
DMGSO,4,CEC2014-F4,Multimodal,30,30,63.47880478453401,72.54250615921038,23.97106209605324,69.45262528129142,73.2800816050563,0.6885031392051246,77.93423435922273,463.478804784534,472.5425061592104,300000.0,300000.0,300000,300000,7.766379061000043,7.7648395019996315,3.8274563237648778
PSO,4,CEC2014-F4,Multimodal,30,30,2513.910726002121,2229.9285722321974,1486.6965917125099,1411.3225308706528,3417.5704100172825,317.5713869204201,5940.387383139729,2913.910726002121,2629.9285722321974,300000.0,300000.0,300000,300000,2.4399972862334227,2.430111785499321,2006.2478791466297
CMA-ES,5,CEC2014-F5,Multimodal,30,30,20.034187185831048,19.99896589392523,0.19294015332624206,19.998943956269954,19.998988732499157,19.998877830860465,21.05573801640685,520.0341871858311,519.9989658939253,7287.466666666666,6447.0,5768,29190,0.6391087863670085,0.5759058080002433,4.477622920262547e-05
DE,5,CEC2014-F5,Multimodal,30,30,20.944602374864903,20.960280384356963,0.05672291011093228,20.915337359820597,20.98312758914392,20.75936705702736,21.024799645231724,520.9446023748649,520.960280384357,299700.0,299700.0,299700,299700,6.430386426033207,6.415128414500032,0.06779022932332168
DMGSO,5,CEC2014-F5,Multimodal,30,30,21.185952243178413,21.19425911619595,0.1715018429734175,21.07838771322912,21.27094534997343,20.85413733610721,21.74323204589677,521.1859522431783,521.194259116196,300000.0,300000.0,300000,300000,7.5407612999667135,7.557717456999853,0.19255763674431137
PSO,5,CEC2014-F5,Multimodal,30,30,20.807803676899585,20.824339948917668,0.11088350664847732,20.773595515822024,20.86026260135921,20.46719759339044,20.982000414239224,520.8078036768997,520.8243399489177,300000.0,300000.0,300000,300000,2.287606359099906,2.3003256829997554,0.0866670855371865
CMA-ES,6,CEC2014-F6,Multimodal,30,30,33.31887074485393,34.48519595295704,8.588210194722851,26.309512975519286,41.30205907958662,17.304005308095157,44.86139867032682,633.3188707448539,634.485195952957,13541.266666666666,13727.0,11802,14812,5.019610410300084,5.048810558500918,14.992546104067333
DE,6,CEC2014-F6,Multimodal,30,30,2.5131069042406238,1.772083457249039,1.9970923571088819,1.3956346148443686,3.534852986844186,0.1338516214285618,7.188567932107958,602.5131069042405,601.772083457249,299700.0,299700.0,299700,299700,88.41916516233341,88.09579176900024,2.1392183719998172
DMGSO,6,CEC2014-F6,Multimodal,30,30,35.90598552880069,36.36111519253416,2.658794783895574,35.146355861803045,37.547910688635454,28.69545791439384,40.627373702935415,635.9059855288008,636.3611151925342,300000.0,300000.0,300000,300000,89.3056992880663,89.17531651399895,2.4015548268324096
PSO,6,CEC2014-F6,Multimodal,30,30,22.391081052002658,22.174156896894203,4.453935494369097,19.96029701802746,25.173762998294904,14.27340045300025,30.42547794250436,622.3910810520026,622.1741568968941,300000.0,300000.0,300000,300000,84.55650425580019,84.28857142050128,5.2134659802674435
CMA-ES,7,CEC2014-F7,Multimodal,30,30,0.0011501397841660254,1.1368683772161605e-13,0.0030855907302535595,1.1368683772161605e-13,1.1368683772161605e-13,1.1368683772161605e-13,0.0123160725192974,700.0011501397842,700.0000000000001,9352.0,9310.0,9030,9842,0.8968770106665034,0.8894472065021546,0.0
DE,7,CEC2014-F7,Multimodal,30,30,0.008699209097153437,0.0073960403342425,0.010489430750181066,2.273736754432321e-13,0.011703222404832975,1.1368683772161605e-13,0.0393629132195201,700.0086992090971,700.0073960403342,295515.0,299700.0,249750,299700,6.408972487433372,6.481526450499587,0.011703222404605602
DMGSO,7,CEC2014-F7,Multimodal,30,30,0.4703013593173296,0.44638280469376923,0.1931206454642835,0.29599110372424775,0.6104500126419907,0.1917093716413092,0.8501210140443618,700.4703013593173,700.4463828046937,300000.0,300000.0,300000,300000,7.592737434266504,7.561589692501002,0.314458908917743
PSO,7,CEC2014-F7,Multimodal,30,30,186.61684266760898,155.2941167103241,113.47339865497477,101.89354010901593,218.86029959540932,40.97062192654096,532.3685322137117,886.6168426676089,855.294116710324,300000.0,300000.0,300000,300000,2.3556075113328308,2.3561214024975925,116.96675948639339
CMA-ES,8,CEC2014-F8,Multimodal,30,30,167.41775332738567,167.1524245050988,2.3506180002239234,167.15242450509868,168.1473835621921,162.17770006831074,171.13225569565293,967.4177533273856,967.1524245050988,6652.8,6706.0,6314,6972,0.6344608281665084,0.6210719504997542,0.9949590570934106
DE,8,CEC2014-F8,Multimodal,30,30,74.82504516139163,52.90867367213633,44.185928377657305,37.99617739566105,116.15643162714403,14.933160090976116,157.21386890796464,874.8250451613916,852.9086736721363,299700.0,299700.0,299700,299700,6.1563476885337876,6.166924582501451,78.16025423148298
DMGSO,8,CEC2014-F8,Multimodal,30,30,263.098366274889,274.3379066178692,30.56942934844636,240.3635425437278,284.2884832706004,190.55011586529488,307.2195179818134,1063.098366274889,1074.337906617869,300000.0,300000.0,300000,300000,7.285439961166533,7.2536292870008765,43.92494072687262
PSO,8,CEC2014-F8,Multimodal,30,30,113.5195373275558,109.55900993763805,36.07353333702661,87.4168762772637,136.96858001109746,46.28201099862872,206.6166404380301,913.5195373275558,909.5590099376379,300000.0,300000.0,300000,300000,2.072889334766781,2.0675271575000806,49.55170373383376
CMA-ES,9,CEC2014-F9,Multimodal,30,30,185.65840995851235,184.0664798378168,1.8215363360963734,184.0664798378168,187.05135197127763,184.0664798378166,189.0412498887497,1085.6584099585123,1084.0664798378168,6846.0,6839.0,6426,7280,0.6208318366666693,0.6250037865011109,2.98487213346084
DE,9,CEC2014-F9,Multimodal,30,30,191.00147087191505,188.86339625254288,17.60683903167057,179.96859715855788,205.99857395043688,144.41222172810603,218.2544478368136,1091.001470871915,1088.8633962525428,299700.0,299700.0,299700,299700,6.2754758721332715,6.290119366498402,26.029976791878994
DMGSO,9,CEC2014-F9,Multimodal,30,30,384.3452030548459,369.6924732772783,54.70143401610804,342.47373496561625,420.88651207260494,297.84766952166706,487.4683270418468,1284.345203054846,1269.6924732772784,300000.0,300000.0,300000,300000,7.455441318333275,7.461883812000451,78.4127771069887
PSO,9,CEC2014-F9,Multimodal,30,30,189.36555770412085,184.44414430469567,49.619296056494825,158.53491051687283,211.69036073258584,91.48160964941384,305.2408602650962,1089.3655577041209,1084.4441443046958,300000.0,300000.0,300000,300000,2.223605453933245,2.2124502030001167,53.15545021571302
CMA-ES,10,CEC2014-F10,Multimodal,30,30,4121.819344060777,4169.449760504776,266.82826823437136,4012.488186201055,4307.657996435084,3479.8892572288296,4485.517237191485,5121.819344060777,5169.449760504776,7283.266666666666,7294.0,6958,7518,0.7841654302999814,0.7779025739982899,295.1698102340288
DE,10,CEC2014-F10,Multimodal,30,30,4592.8382164233335,4558.952490615231,1000.4868319255698,3847.6979199881134,5185.973643490667,2622.046759037543,6488.791734635675,5592.8382164233335,5558.952490615231,299700.0,299700.0,299700,299700,11.866474863433057,11.855207861497547,1338.2757235025538
DMGSO,10,CEC2014-F10,Multimodal,30,30,3374.1177620034305,3298.940414645065,585.9422344676999,3120.9248158539904,3481.2398202734425,2562.1829043939038,5896.8028941009015,4374.1177620034305,4298.940414645065,300000.0,300000.0,300000,300000,12.87369824139981,12.892184211999847,360.3150044194522
PSO,10,CEC2014-F10,Multimodal,30,30,3203.684821574187,3076.3855756568546,830.600130861032,2768.975333089458,3744.164527425541,1719.916395265449,4839.747123200233,4203.6848215741875,4076.3855756568546,300000.0,300000.0,300000,300000,7.459884592433445,7.486559325499911,975.1891943360829
CMA-ES,11,CEC2014-F11,Multimodal,30,30,4174.071693766573,4225.837685445322,251.5263052762662,4038.5047842990853,4334.491703645254,3466.9940391087966,4610.992359010592,5274.071693766572,5325.837685445322,34271.53333333333,35175.0,7112,38010,3.8338934405999074,3.9182721529996343,295.9869193461691
DE,11,CEC2014-F11,Multimodal,30,30,6893.439705241738,6932.821557267624,327.78971607962796,6679.0625279459055,7140.764039508349,6316.444428744951,7420.763550355767,7993.439705241738,8032.821557267624,299700.0,299700.0,299700,299700,12.023324741500012,12.013598222501969,461.70151156244356
DMGSO,11,CEC2014-F11,Multimodal,30,30,3873.1282128744033,3891.928243028822,339.14489657371604,3628.852762677919,4081.3487492042445,2974.3656532826826,4599.840595578923,4973.128212874403,4991.928243028822,300000.0,300000.0,300000,300000,12.931613300700095,12.936904206499094,452.4959865263254
PSO,11,CEC2014-F11,Multimodal,30,30,3559.826472643223,3765.5938988881526,612.9989055018941,3112.967633606402,3896.380833873677,1966.873004313144,4687.052238870338,4659.826472643223,4865.593898888153,300000.0,300000.0,300000,300000,7.713914329299951,7.705585486000928,783.413200267275
CMA-ES,12,CEC2014-F12,Multimodal,30,30,0.17281242565027993,0.1276304080050749,0.1190829005597445,0.07507635559829845,0.2753394074665038,0.0454180875585734,0.4139350975779052,1200.1728124256504,1200.1276304080052,39204.2,41902.0,13300,68488,70.04626524929954,74.65225687499878,0.20026305186820537
DE,12,CEC2014-F12,Multimodal,30,30,2.4041813994090036,2.453722292394559,0.2958851790231229,2.2443548377095226,2.58756378629954,1.6298157907285713,2.9383562755949697,1202.404181399409,1202.4537222923946,299700.0,299700.0,299700,299700,511.41905078006516,510.94016702249974,0.3432089485900174
DMGSO,12,CEC2014-F12,Multimodal,30,30,0.8588937028946627,0.9059091148986909,0.248544197974882,0.6407417338508026,1.0003993231413801,0.3079173190699293,1.560509838597227,1200.8588937028946,1200.9059091148988,300000.0,300000.0,300000,300000,512.5742481335009,511.75221715800217,0.35965758929057756
PSO,12,CEC2014-F12,Multimodal,30,30,1.1050771014269458,1.207874889570462,0.7014502252608606,0.40181712102560135,1.5320602861379482,0.1129300428021906,2.4113025246274447,1201.105077101427,1201.2078748895706,300000.0,300000.0,300000,300000,512.7360583579334,512.100290377999,1.1302431651123468
CMA-ES,13,CEC2014-F13,Multimodal,30,30,0.2775548445538637,0.2790604990210568,0.07895378616308754,0.2216660591632262,0.33608727044315856,0.1283649136923941,0.435770647687832,1300.2775548445538,1300.279060499021,52320.333333333336,49343.0,44310,77770,5.136222882100265,4.792374382996059,0.11442121127993235
DE,13,CEC2014-F13,Multimodal,30,30,0.34745502378254967,0.34413033456678477,0.06066243615994793,0.3139406688836743,0.37470474719896174,0.2477198384185612,0.4985739626831673,1300.3474550237827,1300.3441303345667,299700.0,299700.0,299700,299700,6.318167611732982,6.324264464994485,0.06076407831528746
DMGSO,13,CEC2014-F13,Multimodal,30,30,0.3441203159838475,0.3352425472426148,0.06479595091587934,0.29764678830252933,0.3861835428198219,0.239977097251085,0.4872062298666151,1300.344120315984,1300.3352425472426,300000.0,300000.0,300000,300000,7.529872998832434,7.5270576545008225,0.08853675451729259
PSO,13,CEC2014-F13,Multimodal,30,30,3.0968509510190034,3.3137618398073982,1.5959055696835052,1.4133746821548243,4.10757539827739,0.6189942417965995,6.290978934468967,1303.0968509510192,1303.3137618398073,300000.0,300000.0,300000,300000,2.2860924697321026,2.2911610564988223,2.694200716122566
CMA-ES,14,CEC2014-F14,Multimodal,30,30,0.5373821047120979,0.4014951057586131,0.23901239195451426,0.36819693517236374,0.7619507536625179,0.2565978497314063,1.014714613698743,1400.537382104712,1400.4014951057586,48292.066666666666,47789.0,43470,61390,4.809286378299778,4.721577741998772,0.3937538184901541
DE,14,CEC2014-F14,Multimodal,30,30,0.298952799079575,0.2787909669525561,0.1248191916151237,0.24567382323618853,0.3028973672770689,0.1595453156610347,0.7398365617459604,1400.2989527990796,1400.2787909669526,299700.0,299700.0,299700,299700,6.3567311791004615,6.3565158330020495,0.05722354404088037
DMGSO,14,CEC2014-F14,Multimodal,30,30,0.34036944852720497,0.3268738665589126,0.08006747483119145,0.2721955903084563,0.4125685105769889,0.2044893576633057,0.5091221506575039,1400.3403694485273,1400.3268738665588,300000.0,300000.0,300000,300000,7.540852381334116,7.511203871501493,0.1403729202685326
PSO,14,CEC2014-F14,Multimodal,30,30,87.01301791766028,88.17548944403802,42.72396308459988,58.43169889121356,109.50964034591891,18.943921060634693,184.6963952138076,1487.0130179176601,1488.175489444038,300000.0,300000.0,300000,300000,2.3082333629664693,2.3038315569938277,51.07794145470535
CMA-ES,15,CEC2014-F15,Multimodal,30,30,3.3375076202206704,3.217515755212844,1.0557311816876562,2.6728321036329703,3.57570141461224,1.550549711597114,6.269325867046518,1503.3375076202208,1503.2175157552128,22784.533333333333,20601.0,16702,57050,2.185337455465924,2.021461194504809,0.9028693109792698
DE,15,CEC2014-F15,Multimodal,30,30,15.985783457361837,16.192317093104634,1.1800175493958505,15.189172441642597,16.582244810464488,13.728718037611088,18.72872242123526,1515.985783457362,1516.1923170931045,299700.0,299700.0,299700,299700,7.306747764201039,7.27955767599633,1.3930723688218904
DMGSO,15,CEC2014-F15,Multimodal,30,30,14.617430973867402,14.384109484613987,2.6724953539116223,13.132899118318107,16.040679519805508,7.322175630911488,21.488026974218883,1514.6174309738674,1514.3841094846139,300000.0,300000.0,300000,300000,8.50225786556742,8.50263719700888,2.9077804014874005
PSO,15,CEC2014-F15,Multimodal,30,30,236291.18660011288,64630.003429991506,383727.52414074005,12407.720456406892,238476.58428068366,406.60757608670656,1762894.062782489,237791.18660011288,66130.00342999151,300000.0,300000.0,300000,300000,3.3046732609320317,3.296919563501433,226068.86382427678
CMA-ES,16,CEC2014-F16,Multimodal,30,30,13.724310901325406,13.72926290480143,0.020346696794073683,13.726149453548317,13.732556035361426,13.665664392531426,13.772773003495104,1613.7243109013255,1613.7292629048015,22046.733333333334,19607.0,17696,48552,4.932254420500734,4.327638609000132,0.006406581813109824
DE,16,CEC2014-F16,Multimodal,30,30,12.497438121450061,12.547635564881375,0.25890350782718513,12.258956538187874,12.708753727224005,12.01907925983869,12.87996056628117,1612.49743812145,1612.5476355648814,299700.0,299700.0,299700,299700,44.86124312473354,44.651803052503965,0.449797189036131
DMGSO,16,CEC2014-F16,Multimodal,30,30,13.492053143023394,13.460618687958231,0.2571992471366335,13.312018930942827,13.68744788297181,13.02602603134551,13.907301117543284,1613.4920531430232,1613.4606186879582,300000.0,300000.0,300000,300000,46.48912325453275,46.43921293899621,0.3754289520289831
PSO,16,CEC2014-F16,Multimodal,30,30,11.83490291280472,11.810633363312377,0.4330847175993932,11.596351996466126,12.080052318644107,10.820425796074232,12.674585341637112,1611.8349029128046,1611.8106333633123,300000.0,300000.0,300000,300000,40.977263819399134,40.9209709935094,0.483700322177981
CMA-ES,17,CEC2014-F17,Hybrid,30,30,432.4817251112808,292.2139299642778,461.8126488792381,199.9385874600074,420.1574937316883,43.77804696744579,1963.6112611067572,2132.481725111281,1992.213929964278,62112.86666666667,49070.0,41356,166404,7.514947170266047,6.215568511499441,220.2189062716809
DE,17,CEC2014-F17,Hybrid,30,30,14837.628418933393,12495.926266908386,9939.186349500993,9228.84376388996,16738.685266639754,4769.385266292857,50783.49269938907,16537.628418933393,14195.926266908386,299700.0,299700.0,299700,299700,14.108077470499847,14.092618327005766,7509.841502749794
DMGSO,17,CEC2014-F17,Hybrid,30,30,128294.45505108027,111172.9404556005,63528.50876186735,86047.08343439443,139019.2510283941,55914.78799437998,290434.9806951489,129994.45505108027,112872.9404556005,300000.0,300000.0,300000,300000,15.452470311199916,15.381109343492426,52972.167593999664
PSO,17,CEC2014-F17,Hybrid,30,30,5372185.31940426,1263834.123867128,8249269.455741419,538387.7734514873,7368942.103915967,129956.96027248177,34611124.99980345,5373885.31940426,1265534.123867128,300000.0,300000.0,300000,300000,9.989711185366225,10.049044060004237,6830554.3304644795
CMA-ES,18,CEC2014-F18,Hybrid,30,30,377.05484945553576,264.5950569242648,352.0222608390316,153.48108890477113,395.5867013915188,61.41009855484981,1600.3691190974578,2177.0548494555355,2064.595056924265,180917.33333333334,168105.0,87010,299992,17.596566500266395,15.559041005995823,242.10561248674765
DE,18,CEC2014-F18,Hybrid,30,30,75957.46124976754,74182.51088761514,17963.761942096222,60692.11324907218,89986.42847068443,38562.32678436703,107660.67681213212,77757.46124976754,75982.51088761514,299700.0,299700.0,299700,299700,8.453416830600084,8.455498251008976,29294.315221612254
DMGSO,18,CEC2014-F18,Hybrid,30,30,80420.14942910489,84047.70911173453,19707.287559909342,70288.95915828967,88481.13799957695,32043.973226998078,124978.02079465572,82220.14942910489,85847.70911173453,300000.0,300000.0,300000,300000,9.652522963635176,9.638063764003164,18192.178841287285
PSO,18,CEC2014-F18,Hybrid,30,30,19482915.62839343,243809.30840744375,54758670.87342331,213770.8383508395,6382189.930286741,142122.50253969192,249097107.90103975,19484715.62839343,245609.30840744375,300000.0,300000.0,300000,300000,4.3797917500652455,4.396852850499272,6168419.091935901
CMA-ES,19,CEC2014-F19,Hybrid,30,30,12.5477140044795,11.660810687069556,4.510705160196338,9.122889059312627,15.099433007595565,6.986690586262284,26.048375443864643,1912.5477140044795,1911.66081068707,123808.53333333334,122129.0,85568,160160,23.02379992276789,22.558385358999658,5.976543948282938
DE,19,CEC2014-F19,Hybrid,30,30,43.19739997443586,33.124993118187945,36.71258880038716,29.49450508560642,42.28356930600814,23.22355200883453,219.42146997135205,1943.197399974436,1933.1249931181878,299700.0,299700.0,299700,299700,32.58431539710194,32.63881690700509,12.78906422040172
DMGSO,19,CEC2014-F19,Hybrid,30,30,35.16525189409011,34.52252756104804,4.638719304132616,32.0337454802135,38.41737769003338,25.572857915277385,44.75669254913237,1935.16525189409,1934.5225275610483,300000.0,300000.0,300000,300000,34.38044243616799,34.31576291500096,6.383632209819886
PSO,19,CEC2014-F19,Hybrid,30,30,132076.07934783827,2197.3065107387824,320935.0946502137,83.76379304082252,19512.87945577547,28.32278197242522,1396709.669999482,133976.07934783827,4097.306510738783,300000.0,300000.0,300000,300000,28.801529087831053,28.762898330991447,19429.115662734646
CMA-ES,20,CEC2014-F20,Hybrid,30,30,37.64346610167469,21.77314273255547,53.74139399359586,16.362332692831615,30.905109915811636,8.27521745844615,290.6924669719588,2037.6434661016747,2021.7731427325555,149189.13333333333,142135.0,103180,287924,16.768753277101496,15.55889360850415,14.542777222980021
DE,20,CEC2014-F20,Hybrid,30,30,1084.3391001237271,220.95866678615403,2586.833791463802,168.00731271430516,353.9845885923263,100.48040068028467,10832.459805315775,3084.339100123727,2220.958666786154,299700.0,299700.0,299700,299700,11.199788338170038,11.17200817000412,185.97727587802115
DMGSO,20,CEC2014-F20,Hybrid,30,30,31600.402413099666,32745.23893221039,10120.637983819588,24141.792436130883,38594.99498205462,10702.211470877508,50620.03782738808,33600.40241309967,34745.23893221039,300000.0,300000.0,300000,300000,12.741049124801066,12.740211991498654,14453.202545923734
PSO,20,CEC2014-F20,Hybrid,30,30,9933489037.378492,3232531.6608810555,19446089211.61091,292004.92368937377,9092877227.06577,125126.38618706093,66267268623.41969,9933491037.378492,3234531.6608810555,300000.0,300000.0,300000,300000,7.0498966305021895,7.031383305504278,9092585222.14208
CMA-ES,21,CEC2014-F21,Hybrid,30,30,257.3402991026333,219.05358763731988,287.35873624527744,1.9162576885535145,436.44728265153833,1.2769984641013252,868.3835960329802,2357.3402991026333,2319.0535876373197,208495.93333333332,201880.0,83846,299992,32.3177714647342,30.63037185400026,434.5310249629848
DE,21,CEC2014-F21,Hybrid,30,30,8176.072042825149,4884.500935993163,8221.147843048759,2975.6861253737525,9539.047014630878,1613.5294797513816,36098.47906824292,10276.072042825148,6984.500935993163,299700.0,299700.0,299700,299700,21.921459191933778,21.84890858199651,6563.360889257126
DMGSO,21,CEC2014-F21,Hybrid,30,30,39632.020642608586,38861.12399998031,11472.047315831966,31632.761512859215,46903.26350446004,20371.51094334396,62856.83105713968,41732.020642608586,40961.12399998031,300000.0,300000.0,300000,300000,23.70602560423431,23.65502905700123,15270.501991600824
PSO,21,CEC2014-F21,Hybrid,30,30,64223013.86032122,17272988.75754033,153388161.9132065,3345538.2650535735,53380143.673231214,103889.04323504234,821550484.2761352,64225113.86032122,17275088.75754033,300000.0,300000.0,300000,300000,17.844542805434806,17.81577766999544,50034605.408177644
CMA-ES,22,CEC2014-F22,Hybrid,30,30,263.0151666955707,240.13360099053216,185.9591218184492,238.83976945703554,404.6948515345672,20.869674548003783,699.478395996523,2463.0151666955708,2440.133600990532,73060.86666666667,71232.0,24220,104650,24.096466689300723,23.176161440002033,165.85508207753165
DE,22,CEC2014-F22,Hybrid,30,30,306.8103949671335,255.49105938765433,200.3168747742625,252.4747126571989,470.1902544129773,32.14448533308632,756.9403149639311,2506.8103949671336,2455.4910593876543,299700.0,299700.0,299700,299700,72.31884080726789,72.52934336750332,217.71554175577842
DMGSO,22,CEC2014-F22,Hybrid,30,30,507.3569660492921,461.8223336269209,291.99205397021785,302.1434853191229,627.6045223818544,110.25641312834614,1519.242145684486,2707.356966049292,2661.822333626921,300000.0,300000.0,300000,300000,74.0467356990334,74.08871258899308,325.4610370627315
PSO,22,CEC2014-F22,Hybrid,30,30,83869.72924250117,4083.1959947832083,434485.60047742724,2012.2595630820283,6283.649513249756,430.9751651047927,2384253.5753421797,86069.72924250117,6283.195994783207,300000.0,300000.0,300000,300000,69.32761752746592,69.01050200400641,4271.389950167728
CMA-ES,23,CEC2014-F23,Composition,30,30,200.00000000057258,200.0000000005639,6.491905682948536e-11,200.00000000052728,200.0000000006113,200.0000000004716,200.0000000007121,2500.0000000005725,2500.000000000564,8276.8,8288.0,7896,8568,1.0643207892659121,1.0595462799974484,8.401457307627425e-11
DE,23,CEC2014-F23,Composition,30,30,222.84624949915153,222.84624949915155,2.1360339196083634e-13,222.84624949915133,222.84624949915175,222.84624949915133,222.84624949915175,2522.846249499152,2522.846249499152,288360.0,299700.0,239850,299700,17.22926592650086,17.46125768549973,4.263256414560601e-13
DMGSO,23,CEC2014-F23,Composition,30,30,222.86320554911734,222.86143765909924,0.0069155854694872955,222.85942072790365,222.86412032738917,222.8547602602016,222.88548072609137,2522.8632055491175,2522.8614376590995,300000.0,300000.0,300000,300000,19.659918855032206,19.39342854700226,0.004699599485519457
PSO,23,CEC2014-F23,Composition,30,30,367.7058305854863,337.4474348693525,72.73201440828082,320.3802721979532,400.3677381210981,284.2678543807924,609.235924756932,2667.705830585486,2637.4474348693525,300000.0,300000.0,300000,300000,13.808082143500602,13.709874496998964,79.9874659231449
CMA-ES,24,CEC2014-F24,Composition,30,30,200.00000000020052,200.00000000010664,4.421745941192366e-10,200.0000000000921,200.0000000001321,200.0000000000523,200.0000000025229,2600.0000000002005,2600.000000000107,61729.73333333333,55741.0,46718,157150,8.54293969423355,7.629605856003764,4.001776687800884e-11
DE,24,CEC2014-F24,Composition,30,30,216.40207510668617,209.55745070793748,17.418477954384546,200.18066256338216,235.0562225800628,200.1353744361545,242.21971082198525,2616.402075106686,2609.5574507079373,296055.0,299700.0,267300,299700,19.327382054034874,19.46263570899464,34.87556001668065
DMGSO,24,CEC2014-F24,Composition,30,30,227.35379416948783,227.49104856012286,3.2179421117633544,226.05878653586524,229.83550575891616,215.53111175102595,231.0307701634174,2627.353794169488,2627.491048560123,300000.0,300000.0,300000,300000,21.483627966533337,21.472745388004114,3.776719223050918
PSO,24,CEC2014-F24,Composition,30,30,310.1223613480357,316.3972441516812,36.6624937812352,302.4650089704295,328.48355044111634,223.76292664872017,378.2217395570433,2710.1223613480356,2716.397244151681,300000.0,300000.0,300000,300000,15.977828274766216,16.004182327997114,26.01854147068684
CMA-ES,25,CEC2014-F25,Composition,30,30,200.00000000002493,200.00000000002456,2.8120905641879823e-12,200.00000000002365,200.00000000002672,200.0000000000177,200.00000000003047,2700.000000000025,2700.000000000025,8312.733333333334,8344.0,7882,8652,1.1492892154342067,1.1511987205012701,3.069544618483633e-12
DE,25,CEC2014-F25,Composition,30,30,204.1895449122349,204.08164112457303,0.45005421548791363,203.84051561178498,204.44233820180807,203.5914553810821,205.2648983336976,2704.1895449122353,2704.0816411245733,299700.0,299700.0,299700,299700,20.305268846732602,20.30780418300128,0.6018225900230902
DMGSO,25,CEC2014-F25,Composition,30,30,217.34249556598803,215.4352788597182,5.778105297511959,212.99553645607637,221.76272838868454,208.40190194587055,231.1684986391001,2717.342495565988,2715.435278859718,300000.0,300000.0,300000,300000,21.90333629050098,21.89750841150817,8.76719193260817
PSO,25,CEC2014-F25,Composition,30,30,226.0016700300704,221.21456395180098,13.643050335502217,216.0135116028065,233.6051434543523,205.65405655442373,254.76675766380092,2726.0016700300703,2721.214563951801,300000.0,300000.0,300000,300000,16.028601173735417,15.99843098850397,17.5916318515458
CMA-ES,26,CEC2014-F26,Composition,30,30,200.00000000000108,200.0000000000009,2.878688555374796e-13,200.0000000000009,200.00000000000136,200.0000000000009,200.00000000000185,2800.000000000001,2800.000000000001,10681.533333333333,10619.0,9674,11480,4.7512288728335985,4.781216884497553,4.547473508864641e-13
DE,26,CEC2014-F26,Composition,30,30,100.37210796182157,100.35338847713888,0.08255901321443362,100.32380345148874,100.41068516023314,100.25395742640968,100.65861837080912,2700.3721079618213,2700.353388477139,299700.0,299700.0,299700,299700,111.45671246983353,111.22759090800537,0.08688170874440004
DMGSO,26,CEC2014-F26,Composition,30,30,150.34000297803107,150.39201514627575,50.706018614071056,100.48873336268264,200.18294992250094,100.29671747431848,200.3202018824859,2750.340002978031,2750.3920151462758,300000.0,300000.0,300000,300000,112.01026960439971,111.9979715750087,99.6942165598183
PSO,26,CEC2014-F26,Composition,30,30,180.73291209184183,107.77805480491656,107.14800876362233,105.75378766786673,212.05711234933358,104.65604601731184,394.1099747900771,2780.732912091842,2707.778054804917,300000.0,300000.0,300000,300000,107.17381627253198,107.16776643149933,106.30332468146685
CMA-ES,27,CEC2014-F27,Composition,30,30,200.00000000015245,200.0000000001537,1.4329447813402812e-11,200.0000000001421,200.0000000001627,200.00000000012733,200.0000000001792,2900.0000000001523,2900.0000000001537,8449.466666666667,8477.0,8148,8764,3.8436264676996736,3.8643599574959353,2.05773176276125e-11
DE,27,CEC2014-F27,Composition,30,30,383.26596821272625,394.83268621347884,47.68039582442099,340.33033899394843,400.94575173749683,301.8271027934534,493.66674945535215,3083.2659682127264,3094.832686213479,299700.0,299700.0,299700,299700,110.83295748063198,111.04252038699997,60.615412743548404
DMGSO,27,CEC2014-F27,Composition,30,30,404.5118513081498,404.3410241214981,1.2289525834798494,403.66594945408934,405.2464382837082,402.5776066488056,406.9292773262992,3104.5118513081497,3104.3410241214983,300000.0,300000.0,300000,300000,112.46000609579912,111.72520065649587,1.5804888296188437
PSO,27,CEC2014-F27,Composition,30,30,1045.5575132127146,1064.0473060121833,200.60739570067662,1000.2809404083072,1138.0639138846134,423.7508132987769,1357.9194323525744,3745.5575132127146,3764.0473060121835,300000.0,300000.0,300000,300000,106.93473384926757,106.74117275699837,137.7829734763062
CMA-ES,28,CEC2014-F28,Composition,30,30,200.000000000453,200.000000000457,5.0512595494057913e-11,200.0000000004086,200.0000000004828,200.00000000036152,200.0000000005375,3000.000000000453,3000.000000000457,8504.066666666668,8519.0,7854,8932,2.503568761100026,2.5071076164999795,7.420908332278486e-11
DE,28,CEC2014-F28,Composition,30,30,792.9901865026841,820.0982463455994,114.16748438183512,752.2454731312749,853.2681909449506,300.00000048204856,909.8603112416432,3592.990186502684,3620.0982463455994,299700.0,299700.0,299700,299700,67.04923617423334,66.93396468900028,101.02271781367563
DMGSO,28,CEC2014-F28,Composition,30,30,4567.794477537997,4614.49227645791,577.3574980475208,4235.53159430909,4912.917929089283,3236.3135984062137,5462.96508902676,7367.794477537997,7414.49227645791,300000.0,300000.0,300000,300000,69.97016698486681,69.82871423100005,677.3863347801926
PSO,28,CEC2014-F28,Composition,30,30,1978.909769368045,1911.8918341349934,410.7939661553231,1661.188402502461,2222.587155292363,1245.5378095189571,2865.6620741633437,4778.909769368044,4711.891834134994,300000.0,300000.0,300000,300000,63.7299228614335,63.67240614950015,561.3987527899021
CMA-ES,29,CEC2014-F29,Composition,30,30,200.0006308379613,200.00065015081555,7.58362215961774e-05,200.00057109287513,200.00068084052248,200.00044712664885,200.00078581156689,3100.000630837961,3100.0006501508155,8337.466666666667,8330.0,7924,8736,1.9469722165002168,1.9429970629998934,0.00010974764734328346
DE,29,CEC2014-F29,Composition,30,30,4586.147966078973,4206.919792313207,2013.2489493076132,3102.209522332648,5570.922669912576,2288.775092825832,11421.06976011755,7486.147966078973,7106.919792313207,299700.0,299700.0,299700,299700,52.25351481050014,52.32008643500012,2468.713147579928
DMGSO,29,CEC2014-F29,Composition,30,30,16496.401769625645,17066.666881797122,7101.480877006066,11260.649333066733,20441.191628770273,5744.302500359016,36843.03677463357,19396.40176962565,19966.666881797122,300000.0,300000.0,300000,300000,53.77394971826676,53.947215962500195,9180.54229570354
PSO,29,CEC2014-F29,Composition,30,30,106955960.20532846,83319124.01176101,102284020.91269486,32990383.39376867,149745596.81010407,93573.26879530668,468595083.73320425,106958860.20532846,83322024.01176101,300000.0,300000.0,300000,300000,47.80043006466658,47.868924889498885,116755213.4163354
CMA-ES,30,CEC2014-F30,Composition,30,30,214.09339674398817,214.47243415968617,1.7256279569488164,212.95657482697933,215.27590201654786,209.7312305448472,216.5315863413925,3214.0933967439883,3214.472434159686,8267.0,8274.0,8022,8540,3.4553561316336223,3.4331352859990147,2.3193271895685257
DE,30,CEC2014-F30,Composition,30,30,316480.7574988496,23892.51280611584,1027232.4408644529,19586.05743541208,37253.3990555019,9815.147974848116,5350532.766556338,319480.7574988496,26892.51280611584,299700.0,299700.0,299700,299700,103.42928414726678,103.33414747250026,17667.341620089817
DMGSO,30,CEC2014-F30,Composition,30,30,32218.78876460927,27915.649535066215,15954.465493420656,21249.24871325816,37967.635592061764,12648.138971912247,92728.35484388637,35218.78876460927,30915.649535066215,300000.0,300000.0,300000,300000,105.57091031289983,105.48976751850024,16718.386878803605
PSO,30,CEC2014-F30,Composition,30,30,356298566.3462643,72028178.66861555,912770243.6288704,18887602.31953042,278409313.97227174,4429539.328393942,4927784868.26073,356301566.3462643,72031178.66861555,300000.0,300000.0,300000,300000,99.7221409202996,99.50245117299892,259521711.6527413
