function_id,DMGSO,CMA-ES,DE,PSO
1,5764115.94455493,2.8421709430404014e-14,142262.92543796805,146886485.30375418
2,645651.6630616598,2.8421709430404014e-14,4.436562051068904e-08,24439894459.233864
3,4219.04470500527,5.684341886080803e-14,2.7853275241795927e-12,88177.20984576471
4,72.54250615921038,5.684341886080803e-14,0.0648334757073598,2229.9285722321974
5,21.19425911619595,19.99896589392523,20.960280384356963,20.824339948917668
6,36.36111519253416,34.48519595295704,1.772083457249039,22.174156896894203
7,0.44638280469376923,1.1368683772161605e-13,0.0073960403342425,155.2941167103241
8,274.3379066178692,167.1524245050988,52.90867367213633,109.55900993763805
9,369.6924732772783,184.0664798378168,188.86339625254288,184.44414430469567
10,3298.940414645065,4169.449760504776,4558.952490615231,3076.3855756568546
11,3891.928243028822,4225.837685445322,6932.821557267624,3765.5938988881526
12,0.9059091148986909,0.1276304080050749,2.453722292394559,1.207874889570462
13,0.3352425472426148,0.2790604990210568,0.34413033456678477,3.3137618398073982
14,0.3268738665589126,0.4014951057586131,0.2787909669525561,88.17548944403802
15,14.384109484613987,3.217515755212844,16.192317093104634,64630.003429991506
16,13.460618687958231,13.72926290480143,12.547635564881375,11.810633363312377
17,111172.9404556005,292.2139299642778,12495.926266908386,1263834.123867128
18,84047.70911173453,264.5950569242648,74182.51088761514,243809.30840744375
19,34.52252756104804,11.660810687069556,33.124993118187945,2197.3065107387824
20,32745.23893221039,21.77314273255547,220.95866678615403,3232531.6608810555
21,38861.12399998031,219.05358763731988,4884.500935993163,17272988.75754033
22,461.8223336269209,240.13360099053216,255.49105938765433,4083.1959947832083
23,222.86143765909924,200.0000000005639,222.84624949915155,337.4474348693525
24,227.49104856012286,200.00000000010664,209.55745070793748,316.3972441516812
25,215.4352788597182,200.00000000002456,204.08164112457303,221.21456395180098
26,150.39201514627575,200.0000000000009,100.35338847713888,107.77805480491656
27,404.3410241214981,200.0000000001537,394.83268621347884,1064.0473060121833
28,4614.49227645791,200.000000000457,820.0982463455994,1911.8918341349934
29,17066.666881797122,200.00065015081555,4206.919792313207,83319124.01176101
30,27915.649535066215,214.47243415968617,23892.51280611584,72028178.66861555
