category,algorithm,n_functions,median_of_function_medians,mean_of_function_medians,q25_of_function_medians,q75_of_function_medians,iqr_of_function_medians
Composition,CMA-ES,8,200.00000000030536,201.80913553897605,200.00000000008612,200.0001625381268,0.00016253804068355748
Composition,DE,8,308.8394678563152,3756.400282599616,208.18849831209636,1666.8036328375013,1458.615134525405
Composition,DMGSO,8,315.9160363408105,6352.166187208495,221.00489795925398,7727.535927792713,7506.531029833459
Composition,PSO,8,700.7473704407679,19418907.68210181,292.60157410171115,18008478.58602949,18008185.984455388
Hybrid,CMA-ES,6,229.59359431392602,174.9050214893366,71.09325395874657,258.4796929408316,187.38643898208505
Hybrid,DE,6,2569.9959976904083,15345.418801634778,229.5917649365291,10593.06993417958,10363.478169243052
Hybrid,DMGSO,6,35803.18146609535,44553.892893452285,8532.676483272788,72751.06283379596,64218.38635052318
Hybrid,PSO,6,753821.7161372859,3669907.3922002465,64014.72409794834,2740357.2766275737,2676342.552529625
Multimodal,CMA-ES,13,13.72926290480143,678.3650366778996,0.2790604990210568,167.1524245050988,166.87336400607774
Multimodal,DE,13,12.547635564881375,906.7821005705447,0.34413033456678477,52.90867367213633,52.564543337569546
Multimodal,DMGSO,13,21.19425911619595,614.9889272725339,0.9059091148986909,274.3379066178692,273.4319975029705
Multimodal,PSO,13,109.55900993763805,5715.2857695464545,20.824339948917668,2229.9285722321974,2209.10423228328
Unimodal,CMA-ES,3,2.8421709430404014e-14,3.789561257387202e-14,2.8421709430404014e-14,4.2632564145606024e-14,1.421085471520201e-14
Unimodal,DE,3,4.436562051068904e-08,47420.97514600414,2.218420291910661e-08,71131.4627190062,71131.46271898402
Unimodal,DMGSO,3,645651.6630616598,2137995.550773865,324935.3538833325,3204883.8038082947,2879948.449924962
Unimodal,PSO,3,146886485.30375418,8195623040.582488,73487331.25679997,12293390472.268808,12219903141.012009
