function_id,category,noise_eta,median_true_error,median_n_accept,median_n_reloc,mean_n_accept,mean_n_reloc,n_runs
1,Unimodal,0.0,8005216.044871672,1614.0,4.0,1662.0,3.6,5
1,Unimodal,0.0001,30122505.937578097,798.0,13.0,807.0,13.4,5
1,Unimodal,0.001,202276197.34250224,621.0,14.0,632.8,14.8,5
1,Unimodal,0.01,1855908781.9930124,380.0,17.0,370.2,17.2,5
2,Unimodal,0.0,543695.192255188,1499.0,4.0,1528.0,3.6,5
2,Unimodal,0.0001,17641345.8865239,738.0,13.0,740.6,13.0,5
2,Unimodal,0.001,135348072.73492053,684.0,14.0,708.8,14.0,5
2,Unimodal,0.01,3978048884.497203,723.0,15.0,711.6,14.6,5
3,Unimodal,0.0,6234.947963815302,1608.0,3.0,1589.8,3.4,5
3,Unimodal,0.0001,229694.48171700703,302.0,18.0,296.2,17.6,5
3,Unimodal,0.001,657875.4989167529,288.0,18.0,288.6,17.6,5
3,Unimodal,0.01,26052303.89029909,272.0,18.0,275.2,18.4,5
4,Multimodal,0.0,72.84353252766431,1445.0,8.0,1416.6,7.8,5
4,Multimodal,0.0001,116.05947106286146,741.0,14.0,720.8,13.8,5
4,Multimodal,0.001,700.8482366644707,695.0,15.0,695.6,14.8,5
4,Multimodal,0.01,12761.390464954637,542.0,17.0,538.8,17.2,5
8,Multimodal,0.0,285.27796389943546,777.0,19.0,766.2,18.4,5
8,Multimodal,0.0001,288.6697989534357,339.0,16.0,341.2,16.0,5
8,Multimodal,0.001,273.0632494876413,350.0,17.0,342.0,16.8,5
8,Multimodal,0.01,270.00400263463416,375.0,16.0,374.4,16.6,5
12,Multimodal,0.0,0.9222150072407658,260.0,20.0,269.2,20.0,5
12,Multimodal,0.0001,0.724563270178578,250.0,16.0,244.8,16.4,5
12,Multimodal,0.001,0.682973961961352,237.0,16.0,244.4,15.8,5
12,Multimodal,0.01,0.9368984698803616,254.0,17.0,251.8,17.0,5
17,Hybrid,0.0,165776.72086009933,1505.0,6.0,1548.8,5.4,5
17,Hybrid,0.0001,8102186.374684451,673.0,14.0,660.2,14.2,5
17,Hybrid,0.001,83585677.61099431,505.0,17.0,515.4,17.0,5
17,Hybrid,0.01,547774168.1206368,289.0,19.0,283.8,18.8,5
20,Hybrid,0.0,32639.53830930045,1464.0,6.0,1481.6,5.8,5
20,Hybrid,0.0001,2002973136463986.5,460.0,17.0,454.4,16.8,5
20,Hybrid,0.001,3.8949928421231736e+16,347.0,17.0,361.4,17.0,5
20,Hybrid,0.01,3.5767880449345508e+16,218.0,18.0,219.4,18.6,5
22,Hybrid,0.0,586.8409937500978,1138.0,12.0,952.8,9.6,5
22,Hybrid,0.0001,626028146235195.0,362.0,17.0,363.2,17.8,5
22,Hybrid,0.001,775196758227935.9,274.0,19.0,278.0,18.6,5
22,Hybrid,0.01,7548145380383309.0,159.0,20.0,157.8,19.0,5
23,Composition,0.0,222.8604853623101,1358.0,6.0,1364.4,6.6,5
23,Composition,0.0001,237.07443020142816,774.0,14.0,776.4,14.0,5
23,Composition,0.001,305.95189899053366,620.0,15.0,608.0,15.2,5
23,Composition,0.01,654.544949312502,463.0,17.0,455.2,16.6,5
26,Composition,0.0,200.18822353673067,1592.0,4.0,1532.6,5.4,5
26,Composition,0.0001,111.83329235197016,696.0,15.0,677.0,14.4,5
26,Composition,0.001,121.24718253237006,589.0,16.0,568.8,16.2,5
26,Composition,0.01,283.4826663485437,377.0,17.0,352.8,17.4,5
30,Composition,0.0,28341.90282563953,1456.0,7.0,1457.6,7.6,5
30,Composition,0.0001,100566687036571.48,365.0,18.0,346.2,17.6,5
30,Composition,0.001,616139954114839.9,294.0,19.0,282.4,18.0,5
30,Composition,0.01,1654575390457652.5,195.0,20.0,200.6,19.6,5
