function_id,category,noise_eta,control_true_error,noisy_true_error,delta_true_error,control_n_accept,noisy_n_accept,delta_n_accept,control_n_reloc,noisy_n_reloc,delta_n_reloc
1,Unimodal,0.0001,8005216.044871672,30122505.937578097,22117289.892706424,1614.0,798.0,-816.0,4.0,13.0,9.0
1,Unimodal,0.001,8005216.044871672,202276197.34250224,194270981.29763058,1614.0,621.0,-993.0,4.0,14.0,10.0
1,Unimodal,0.01,8005216.044871672,1855908781.9930124,1847903565.9481409,1614.0,380.0,-1234.0,4.0,17.0,13.0
2,Unimodal,0.0001,543695.192255188,17641345.8865239,17097650.69426871,1499.0,738.0,-761.0,4.0,13.0,9.0
2,Unimodal,0.001,543695.192255188,135348072.73492053,134804377.54266533,1499.0,684.0,-815.0,4.0,14.0,10.0
2,Unimodal,0.01,543695.192255188,3978048884.497203,3977505189.304948,1499.0,723.0,-776.0,4.0,15.0,11.0
3,Unimodal,0.0001,6234.947963815302,229694.48171700703,223459.53375319173,1608.0,302.0,-1306.0,3.0,18.0,15.0
3,Unimodal,0.001,6234.947963815302,657875.4989167529,651640.5509529376,1608.0,288.0,-1320.0,3.0,18.0,15.0
3,Unimodal,0.01,6234.947963815302,26052303.89029909,26046068.942335274,1608.0,272.0,-1336.0,3.0,18.0,15.0
4,Multimodal,0.0001,72.84353252766431,116.05947106286146,43.215938535197154,1445.0,741.0,-704.0,8.0,14.0,6.0
4,Multimodal,0.001,72.84353252766431,700.8482366644707,628.0047041368064,1445.0,695.0,-750.0,8.0,15.0,7.0
4,Multimodal,0.01,72.84353252766431,12761.390464954637,12688.546932426972,1445.0,542.0,-903.0,8.0,17.0,9.0
8,Multimodal,0.0001,285.27796389943546,288.6697989534357,3.3918350540002393,777.0,339.0,-438.0,19.0,16.0,-3.0
8,Multimodal,0.001,285.27796389943546,273.0632494876413,-12.214714411794148,777.0,350.0,-427.0,19.0,17.0,-2.0
8,Multimodal,0.01,285.27796389943546,270.00400263463416,-15.2739612648013,777.0,375.0,-402.0,19.0,16.0,-3.0
12,Multimodal,0.0001,0.9222150072407658,0.724563270178578,-0.19765173706218775,260.0,250.0,-10.0,20.0,16.0,-4.0
12,Multimodal,0.001,0.9222150072407658,0.682973961961352,-0.2392410452794138,260.0,237.0,-23.0,20.0,16.0,-4.0
12,Multimodal,0.01,0.9222150072407658,0.9368984698803616,0.014683462639595857,260.0,254.0,-6.0,20.0,17.0,-3.0
17,Hybrid,0.0001,165776.72086009933,8102186.374684451,7936409.653824352,1505.0,673.0,-832.0,6.0,14.0,8.0
17,Hybrid,0.001,165776.72086009933,83585677.61099431,83419900.89013422,1505.0,505.0,-1000.0,6.0,17.0,11.0
17,Hybrid,0.01,165776.72086009933,547774168.1206368,547608391.3997767,1505.0,289.0,-1216.0,6.0,19.0,13.0
20,Hybrid,0.0001,32639.53830930045,2002973136463986.5,2002973136431347.0,1464.0,460.0,-1004.0,6.0,17.0,11.0
20,Hybrid,0.001,32639.53830930045,3.8949928421231736e+16,3.8949928421199096e+16,1464.0,347.0,-1117.0,6.0,17.0,11.0
20,Hybrid,0.01,32639.53830930045,3.5767880449345508e+16,3.5767880449312868e+16,1464.0,218.0,-1246.0,6.0,18.0,12.0
22,Hybrid,0.0001,586.8409937500978,626028146235195.0,626028146234608.1,1138.0,362.0,-776.0,12.0,17.0,5.0
22,Hybrid,0.001,586.8409937500978,775196758227935.9,775196758227349.0,1138.0,274.0,-864.0,12.0,19.0,7.0
22,Hybrid,0.01,586.8409937500978,7548145380383309.0,7548145380382722.0,1138.0,159.0,-979.0,12.0,20.0,8.0
23,Composition,0.0001,222.8604853623101,237.07443020142816,14.213944839118057,1358.0,774.0,-584.0,6.0,14.0,8.0
23,Composition,0.001,222.8604853623101,305.95189899053366,83.09141362822356,1358.0,620.0,-738.0,6.0,15.0,9.0
23,Composition,0.01,222.8604853623101,654.544949312502,431.6844639501919,1358.0,463.0,-895.0,6.0,17.0,11.0
26,Composition,0.0001,200.18822353673067,111.83329235197016,-88.35493118476052,1592.0,696.0,-896.0,4.0,15.0,11.0
26,Composition,0.001,200.18822353673067,121.24718253237006,-78.94104100436061,1592.0,589.0,-1003.0,4.0,16.0,12.0
26,Composition,0.01,200.18822353673067,283.4826663485437,83.29444281181304,1592.0,377.0,-1215.0,4.0,17.0,13.0
30,Composition,0.0001,28341.90282563953,100566687036571.48,100566687008229.58,1456.0,365.0,-1091.0,7.0,18.0,11.0
30,Composition,0.001,28341.90282563953,616139954114839.9,616139954086498.0,1456.0,294.0,-1162.0,7.0,19.0,12.0
30,Composition,0.01,28341.90282563953,1654575390457652.5,1654575390429310.5,1456.0,195.0,-1261.0,7.0,20.0,13.0
