function_id,category,run_id,noise_eta,control_true_error,true_final_error,delta_true_error,control_n_accept,n_accept,delta_n_accept,control_n_reloc,n_reloc,delta_n_reloc
1,Unimodal,0,0.0001,2364325.602610498,22023306.423528954,19658980.820918456,1786,868,-918,2,14,12
1,Unimodal,0,0.001,2364325.602610498,272115514.62258625,269751189.0199758,1786,607,-1179,2,14,12
1,Unimodal,0,0.01,2364325.602610498,1850628666.1642487,1848264340.561638,1786,409,-1377,2,18,16
1,Unimodal,1,0.0001,10107240.805521982,30700047.06109001,20592806.255568027,1606,846,-760,4,13,9
1,Unimodal,1,0.001,10107240.805521982,290554492.156583,280447251.35106105,1606,707,-899,4,16,12
1,Unimodal,1,0.01,10107240.805521982,1855908781.9930124,1845801541.1874905,1606,380,-1226,4,17,13
1,Unimodal,2,0.0001,8005216.044871672,30098719.678216416,22093503.633344743,1614,798,-816,4,14,10
1,Unimodal,2,0.001,8005216.044871672,168921091.91230324,160915875.86743158,1614,601,-1013,4,14,10
1,Unimodal,2,0.01,8005216.044871672,2997038034.9785614,2989032818.9336896,1614,278,-1336,4,17,13
1,Unimodal,3,0.0001,8469677.34782366,30122505.937578097,21652828.589754436,1710,798,-912,3,13,10
1,Unimodal,3,0.001,8469677.34782366,202276197.34250224,193806519.9946786,1710,621,-1089,3,14,11
1,Unimodal,3,0.01,8469677.34782366,2853348903.454789,2844879226.1069655,1710,410,-1300,3,18,15
1,Unimodal,4,0.0001,4363205.758640867,36021330.072330594,31658124.313689727,1594,725,-869,5,13,8
1,Unimodal,4,0.001,4363205.758640867,187739018.16060084,183375812.40196,1594,628,-966,5,16,11
1,Unimodal,4,0.01,4363205.758640867,1484840611.812955,1480477406.0543141,1594,374,-1220,5,16,11
2,Unimodal,0,0.0001,415509.9239429937,34184625.62926248,33769115.70531949,1452,786,-666,4,14,10
2,Unimodal,0,0.001,415509.9239429937,150142672.57867292,149727162.65472993,1452,799,-653,4,16,12
2,Unimodal,0,0.01,415509.9239429937,2380483427.345258,2380067917.421315,1452,763,-689,4,16,12
2,Unimodal,1,0.0001,461233.26889112906,17641345.8865239,17180112.61763277,1499,711,-788,4,12,8
2,Unimodal,1,0.001,461233.26889112906,104471217.72444592,104009984.4555548,1499,661,-838,4,14,10
2,Unimodal,1,0.01,461233.26889112906,3978048884.497203,3977587651.2283115,1499,723,-776,4,15,11
2,Unimodal,2,0.0001,543695.192255188,17091362.54987801,16547667.35762282,1673,747,-926,2,13,11
2,Unimodal,2,0.001,543695.192255188,132217457.8178388,131673762.62558362,1673,717,-956,2,14,12
2,Unimodal,2,0.01,543695.192255188,4333300875.704968,4332757180.512713,1673,749,-924,2,16,14
2,Unimodal,3,0.0001,1086433.9363546576,22006923.55390416,20920489.6175495,1379,738,-641,5,13,8
2,Unimodal,3,0.001,1086433.9363546576,161628744.74573797,160542310.8093833,1379,683,-696,5,13,8
2,Unimodal,3,0.01,1086433.9363546576,4412606615.547276,4411520181.610921,1379,672,-707,5,13,8
2,Unimodal,4,0.0001,839648.9286801919,11494939.808428308,10655290.879748115,1637,721,-916,3,13,10
2,Unimodal,4,0.001,839648.9286801919,135348072.73492053,134508423.80624035,1637,684,-953,3,13,10
2,Unimodal,4,0.01,839648.9286801919,3840545959.884439,3839706310.9557586,1637,651,-986,3,13,10
3,Unimodal,0,0.0001,25250.334699106148,220637.16133185427,195386.82663274813,1571,302,-1269,4,18,14
3,Unimodal,0,0.001,25250.334699106148,1648738.0657272993,1623487.7310281931,1571,288,-1283,4,18,14
3,Unimodal,0,0.01,25250.334699106148,80615823.33027984,80590572.99558073,1571,267,-1304,4,18,14
3,Unimodal,1,0.0001,3495.483312297222,333196.55616424046,329701.07285194326,1633,302,-1331,3,17,14
3,Unimodal,1,0.001,3495.483312297222,251568.28850528688,248072.80519298965,1633,296,-1337,3,17,14
3,Unimodal,1,0.01,3495.483312297222,12278758.35886801,12275262.875555713,1633,283,-1350,3,17,14
3,Unimodal,2,0.0001,6234.947963815302,229694.48171700703,223459.53375319173,1624,316,-1308,3,18,15
3,Unimodal,2,0.001,6234.947963815302,273364.60027974105,267129.65231592575,1624,314,-1310,3,18,15
3,Unimodal,2,0.01,6234.947963815302,60504795.57227578,60498560.62431196,1624,303,-1321,3,20,17
3,Unimodal,3,0.0001,30949.974838552032,169062.58581846926,138112.61097991723,1608,269,-1339,3,17,14
3,Unimodal,3,0.001,30949.974838552032,2503960.094685598,2473010.1198470457,1608,261,-1347,3,17,14
3,Unimodal,3,0.01,30949.974838552032,18927945.54346243,18896995.568623878,1608,251,-1357,3,17,14
3,Unimodal,4,0.0001,1043.581702961047,422980.7550689824,421937.17336602136,1513,292,-1221,4,18,14
3,Unimodal,4,0.001,1043.581702961047,657875.4989167529,656831.9172137919,1513,284,-1229,4,18,14
3,Unimodal,4,0.01,1043.581702961047,26052303.89029909,26051260.308596127,1513,272,-1241,4,20,16
4,Multimodal,0,0.0001,72.15891347414106,116.05947106286146,43.9005575887204,1445,755,-690,8,15,7
4,Multimodal,0,0.001,72.15891347414106,685.4867916612202,613.3278781870791,1445,690,-755,8,15,7
4,Multimodal,0,0.01,72.15891347414106,7572.843322995959,7500.684409521818,1445,542,-903,8,19,11
4,Multimodal,1,0.0001,73.28663969791734,114.27480789809624,40.988168200178904,1263,787,-476,10,15,5
4,Multimodal,1,0.001,73.28663969791734,700.8482366644707,627.5615969665535,1263,734,-529,10,16,6
4,Multimodal,1,0.01,73.28663969791734,12761.390464954637,12688.10382525672,1263,586,-677,10,16,6
4,Multimodal,2,0.0001,6.156067737038086,115.81964311334934,109.66357537631126,1479,741,-738,6,14,8
4,Multimodal,2,0.001,6.156067737038086,791.1918803906701,785.0358126536321,1479,695,-784,6,14,8
4,Multimodal,2,0.01,6.156067737038086,13234.649387128537,13228.493319391499,1479,476,-1003,6,14,8
4,Multimodal,3,0.0001,73.21402453493403,132.66617951191358,59.45215497697956,1508,664,-844,6,12,6
4,Multimodal,3,0.001,73.21402453493403,707.8171226123734,634.6030980774394,1508,647,-861,6,13,7
4,Multimodal,3,0.01,73.21402453493403,7264.440393489274,7191.226368954341,1508,564,-944,6,17,11
4,Multimodal,4,0.0001,72.84353252766431,156.59330416047487,83.74977163281056,1388,657,-731,9,13,4
4,Multimodal,4,0.001,72.84353252766431,660.4559523851194,587.612419857455,1388,712,-676,9,16,7
4,Multimodal,4,0.01,72.84353252766431,14639.95752610737,14567.113993579705,1388,526,-862,9,20,11
8,Multimodal,0,0.0001,285.27796389943546,265.4746038785884,-19.803360020847038,858,309,-549,17,15,-2
8,Multimodal,0,0.001,285.27796389943546,271.3642068886932,-13.913757010742245,858,322,-536,17,15,-2
8,Multimodal,0,0.01,285.27796389943546,270.00400263463416,-15.2739612648013,858,354,-504,17,15,-2
8,Multimodal,1,0.0001,296.7495997895637,296.69918192089153,-0.05041786867218434,827,335,-492,17,16,-1
8,Multimodal,1,0.001,296.7495997895637,313.6567669862188,16.90716719665511,827,323,-504,17,17,0
8,Multimodal,1,0.01,296.7495997895637,337.3564971920978,40.60689740253406,827,375,-452,17,16,-1
8,Multimodal,2,0.0001,288.58976168290747,288.6697989534357,0.08003727052823706,638,364,-274,20,17,-3
8,Multimodal,2,0.001,288.58976168290747,273.0632494876413,-15.52651219526615,638,351,-287,20,16,-4
8,Multimodal,2,0.01,288.58976168290747,267.5814346783636,-21.008327004543844,638,392,-246,20,19,-1
8,Multimodal,3,0.0001,281.32004138409525,313.12039540373644,31.80035401964119,731,339,-392,19,16,-3
8,Multimodal,3,0.001,281.32004138409525,281.02270830021666,-0.29733308387858415,731,364,-367,19,18,-1
8,Multimodal,3,0.01,281.32004138409525,321.2202817628772,39.90024037878197,731,395,-336,19,16,-3
8,Multimodal,4,0.0001,278.0900021768789,283.3677772068595,5.277775029980603,777,359,-418,19,16,-3
8,Multimodal,4,0.001,278.0900021768789,267.8233017896621,-10.266700387216815,777,350,-427,19,18,-1
8,Multimodal,4,0.01,278.0900021768789,266.67296121548543,-11.417040961393468,777,356,-421,19,17,-2
12,Multimodal,0,0.0001,0.9416979033524058,0.8773016546572308,-0.06439624869517502,262,240,-22,20,16,-4
12,Multimodal,0,0.001,0.9416979033524058,1.0710453564465752,0.1293474530941694,262,237,-25,20,16,-4
12,Multimodal,0,0.01,0.9416979033524058,1.0218836853653102,0.08018578201290438,262,271,9,20,18,-2
12,Multimodal,1,0.0001,0.8774454165413772,0.7155476167649795,-0.16189779977639773,236,211,-25,20,15,-5
12,Multimodal,1,0.001,0.8774454165413772,0.7089443369861783,-0.16850107955519888,236,216,-20,20,15,-5
12,Multimodal,1,0.01,0.8774454165413772,0.6236926968815624,-0.25375271965981483,236,242,6,20,16,-4
12,Multimodal,2,0.0001,0.9222150072407658,0.8515333984944391,-0.07068160874632667,333,250,-83,20,17,-3
12,Multimodal,2,0.001,0.9222150072407658,0.5947568206954656,-0.3274581865453001,333,264,-69,20,16,-4
12,Multimodal,2,0.01,0.9222150072407658,0.6838993357646359,-0.23831567147612986,333,254,-79,20,19,-1
12,Multimodal,3,0.0001,0.8172329615704257,0.724563270178578,-0.09266969139184766,260,252,-8,20,18,-2
12,Multimodal,3,0.001,0.8172329615704257,0.682973961961352,-0.13425899960907373,260,279,19,20,17,-3
12,Multimodal,3,0.01,0.8172329615704257,0.9368984698803616,0.11966550830993594,260,267,7,20,17,-3
12,Multimodal,4,0.0001,1.0744992348941196,0.4474248607014033,-0.6270743741927163,255,271,16,20,16,-4
12,Multimodal,4,0.001,1.0744992348941196,0.6663423636637162,-0.40815687123040334,255,226,-29,20,15,-5
12,Multimodal,4,0.01,1.0744992348941196,1.153004998721144,0.07850576382702434,255,225,-30,20,15,-5
17,Hybrid,0,0.0001,85856.28483546614,11160488.80401172,11074632.519176254,1505,684,-821,6,14,8
17,Hybrid,0,0.001,85856.28483546614,88132375.58521226,88046519.30037679,1505,505,-1000,6,18,12
17,Hybrid,0,0.01,85856.28483546614,468377103.7621797,468291247.4773442,1505,217,-1288,6,18,12
17,Hybrid,1,0.0001,252927.7848498091,3255320.3319887454,3002392.5471389364,1495,673,-822,6,14,8
17,Hybrid,1,0.001,252927.7848498091,100780942.6137106,100528014.82886079,1495,464,-1031,6,15,9
17,Hybrid,1,0.01,252927.7848498091,206717121.5321232,206464193.7472734,1495,289,-1206,6,19,13
17,Hybrid,2,0.0001,287876.53429480374,6063695.042668377,5775818.508373573,1680,584,-1096,4,13,9
17,Hybrid,2,0.001,287876.53429480374,43763010.285122655,43475133.75082785,1680,565,-1115,4,18,14
17,Hybrid,2,0.01,287876.53429480374,668903329.5351932,668615453.0008984,1680,339,-1341,4,18,14
17,Hybrid,3,0.0001,165776.72086009933,9115424.773174249,8949648.05231415,1500,692,-808,7,16,9
17,Hybrid,3,0.001,165776.72086009933,83585677.61099431,83419900.89013422,1500,491,-1009,7,17,10
17,Hybrid,3,0.01,165776.72086009933,547774168.1206368,547608391.3997767,1500,271,-1229,7,19,12
17,Hybrid,4,0.0001,108472.58386238082,8102186.374684451,7993713.79082207,1564,668,-896,4,14,10
17,Hybrid,4,0.001,108472.58386238082,52446650.94246276,52338178.35860038,1564,552,-1012,4,17,13
17,Hybrid,4,0.01,108472.58386238082,729950282.662817,729841810.0789546,1564,303,-1261,4,20,16
20,Hybrid,0,0.0001,16015.10720856422,182552945399954.62,182552945383939.53,1415,479,-936,7,20,13
20,Hybrid,0,0.001,16015.10720856422,182553469613698.72,182553469597683.62,1415,343,-1072,7,20,13
20,Hybrid,0,0.01,16015.10720856422,182549044472823.56,182549044456808.47,1415,217,-1198,7,20,13
20,Hybrid,1,0.0001,27893.585216080428,2827487737183283.5,2827487737155390.0,1464,460,-1004,6,17,11
20,Hybrid,1,0.001,27893.585216080428,3.8949928421231736e+16,3.894992842120384e+16,1464,357,-1107,6,17,11
20,Hybrid,1,0.01,27893.585216080428,6.040747736451962e+16,6.040747736449172e+16,1464,218,-1246,6,18,12
20,Hybrid,2,0.0001,38223.18283063943,1533198844280146.5,1533198844241923.2,1633,519,-1114,4,18,14
20,Hybrid,2,0.001,38223.18283063943,4.300390423638614e+16,4.300390423634792e+16,1633,443,-1190,4,18,14
20,Hybrid,2,0.01,38223.18283063943,4434286497803889.0,4434286497765666.0,1633,232,-1401,4,20,16
20,Hybrid,3,0.0001,32639.53830930045,6476052584294711.0,6476052584262071.0,1484,400,-1084,6,14,8
20,Hybrid,3,0.001,32639.53830930045,1.7649945083201126e+16,1.7649945083168486e+16,1484,347,-1137,6,15,9
20,Hybrid,3,0.01,32639.53830930045,3.5767880449345508e+16,3.5767880449312868e+16,1484,221,-1263,6,18,12
20,Hybrid,4,0.0001,38884.317382554334,2002973136463986.5,2002973136425102.2,1412,414,-998,6,15,9
20,Hybrid,4,0.001,38884.317382554334,5.62492167856413e+16,5.624921678560241e+16,1412,317,-1095,6,15,9
20,Hybrid,4,0.01,38884.317382554334,8.130593133427754e+16,8.130593133423866e+16,1412,209,-1203,6,17,11
22,Hybrid,0,0.0001,650.9620340517222,736206919661401.2,736206919660750.2,1096,331,-765,13,17,4
22,Hybrid,0,0.001,650.9620340517222,775196758227935.9,775196758227284.9,1096,270,-826,13,17,4
22,Hybrid,0,0.01,650.9620340517222,777335747865118.9,777335747864467.9,1096,171,-925,13,17,4
22,Hybrid,1,0.0001,586.8409937500978,626028146235195.0,626028146234608.1,1138,362,-776,12,20,8
22,Hybrid,1,0.001,586.8409937500978,586008078396330.2,586008078395743.4,1138,264,-874,12,20,8
22,Hybrid,1,0.01,586.8409937500978,7548145380383309.0,7548145380382722.0,1138,171,-967,12,20,8
22,Hybrid,2,0.0001,373.0832023898697,332274750279187.6,332274750278814.56,1155,383,-772,12,18,6
22,Hybrid,2,0.001,373.0832023898697,4425829931273.245,4425829930900.162,1155,301,-854,12,19,7
22,Hybrid,2,0.01,373.0832023898697,4422171426377627.0,4422171426377254.0,1155,159,-996,12,20,8
22,Hybrid,3,0.0001,1519.242145684486,668666258647427.2,668666258645908.0,135,354,219,0,17,17
22,Hybrid,3,0.001,1519.242145684486,1540942674811808.2,1540942674810289.0,135,281,146,0,17,17
22,Hybrid,3,0.01,1519.242145684486,1.0159155387455946e+16,1.0159155387454426e+16,135,150,15,0,18,18
22,Hybrid,4,0.0001,207.51848948138783,501335197389050.7,501335197388843.2,1240,386,-854,11,17,6
22,Hybrid,4,0.001,207.51848948138783,3809977999620806.5,3809977999620599.0,1240,274,-966,11,20,9
22,Hybrid,4,0.01,207.51848948138783,4.9265219974419336e+16,4.926521997441913e+16,1240,138,-1102,11,20,9
23,Composition,0,0.0001,222.8769733348836,242.123702988044,19.2467296531604,1358,756,-602,6,14,8
23,Composition,0,0.001,222.8769733348836,305.95189899053366,83.07492565565008,1358,569,-789,6,14,8
23,Composition,0,0.01,222.8769733348836,731.5913319665738,508.7143586316902,1358,509,-849,6,17,11
23,Composition,1,0.0001,222.86181755602456,240.2547214240913,17.392903868066725,1421,808,-613,6,14,8
23,Composition,1,0.001,222.86181755602456,275.4490423556954,52.58722479967082,1421,622,-799,6,15,9
23,Composition,1,0.01,222.86181755602456,592.289265895547,369.42744833952247,1421,427,-994,6,17,11
23,Composition,2,0.0001,222.8604853623101,237.07443020142816,14.213944839118057,1410,775,-635,6,13,7
23,Composition,2,0.001,222.8604853623101,300.4219159047075,77.56143054239737,1410,645,-765,6,16,10
23,Composition,2,0.01,222.8604853623101,654.544949312502,431.6844639501919,1410,465,-945,6,17,11
23,Composition,3,0.0001,222.85888278934,228.04596530072013,5.18708251138014,1304,769,-535,8,15,7
23,Composition,3,0.001,222.85888278934,306.39964878882574,83.54076599948576,1304,584,-720,8,15,7
23,Composition,3,0.01,222.85888278934,514.1032422239018,291.24435943456183,1304,463,-841,8,15,7
23,Composition,4,0.0001,222.85922029821904,233.70539185159944,10.846171553380401,1329,774,-555,7,14,7
23,Composition,4,0.001,222.85922029821904,306.6918497442971,83.83262944607804,1329,620,-709,7,16,9
23,Composition,4,0.01,222.85922029821904,804.8557685716501,581.996548273431,1329,412,-917,7,17,10
26,Composition,0,0.0001,200.1886881552464,108.1377429640056,-92.05094519124081,1613,603,-1010,4,13,9
26,Composition,0,0.001,200.1886881552464,112.60983797986728,-87.57885017537913,1613,597,-1016,4,16,12
26,Composition,0,0.01,200.1886881552464,143.89488845385813,-56.29379970138828,1613,366,-1247,4,17,13
26,Composition,1,0.0001,100.62775652396658,105.84366312852126,5.215906604554675,1297,713,-584,9,14,5
26,Composition,1,0.001,100.62775652396658,206.1693395466036,105.54158302263701,1297,589,-708,9,15,6
26,Composition,1,0.01,100.62775652396658,311.49521125795764,210.86745473399105,1297,384,-913,9,15,6
26,Composition,2,0.0001,200.18822353673067,111.83329235197016,-88.35493118476052,1719,705,-1014,3,15,12
26,Composition,2,0.001,200.18822353673067,111.89826244494088,-88.28996109178979,1719,598,-1121,3,16,13
26,Composition,2,0.01,200.18822353673067,346.1528878373483,145.96466430061764,1719,249,-1470,3,19,16
26,Composition,3,0.0001,200.30573315891613,202.11300271083883,1.8072695519227011,1442,696,-746,7,15,8
26,Composition,3,0.001,200.30573315891613,210.15810332266847,9.85237016375234,1442,539,-903,7,17,10
26,Composition,3,0.01,200.30573315891613,283.4826663485437,83.17693318962759,1442,377,-1065,7,17,10
26,Composition,4,0.0001,200.08891181722447,203.0963023403297,3.007390523105215,1592,668,-924,4,15,11
26,Composition,4,0.001,200.08891181722447,121.24718253237006,-78.84172928485441,1592,521,-1071,4,17,13
26,Composition,4,0.01,200.08891181722447,154.39656106317898,-45.69235075404549,1592,388,-1204,4,19,15
30,Composition,0,0.0001,17550.848507386447,119917820137111.31,119917820119560.47,1499,382,-1117,7,20,13
30,Composition,0,0.001,17550.848507386447,328036415538144.3,328036415520593.44,1499,297,-1202,7,20,13
30,Composition,0,0.01,17550.848507386447,8331236160590786.0,8331236160573235.0,1499,187,-1312,7,20,13
30,Composition,1,0.0001,28341.90282563953,80200347035480.1,80200347007138.19,1405,283,-1122,9,13,4
30,Composition,1,0.001,28341.90282563953,616139954114839.9,616139954086498.0,1405,232,-1173,9,13,4
30,Composition,1,0.01,28341.90282563953,216861046409846.47,216861046381504.56,1405,195,-1210,9,20,11
30,Composition,2,0.0001,32890.809298623135,66429565711655.23,66429565678764.414,1432,332,-1100,8,17,9
30,Composition,2,0.001,32890.809298623135,803449630876820.5,803449630843929.8,1432,287,-1145,8,18,10
30,Composition,2,0.01,32890.809298623135,3794813322296065.5,3794813322263174.5,1432,190,-1242,8,18,10
30,Composition,3,0.0001,26653.501953993768,121249591897384.56,121249591870731.06,1496,369,-1127,7,20,13
30,Composition,3,0.001,26653.501953993768,296551816249185.1,296551816222531.6,1496,302,-1194,7,20,13
30,Composition,3,0.01,26653.501953993768,298192337727217.7,298192337700564.2,1496,213,-1283,7,20,13
30,Composition,4,0.0001,32911.97537095632,100566687036571.48,100566687003659.52,1456,365,-1091,7,18,11
30,Composition,4,0.001,32911.97537095632,1101496950884776.2,1101496950851864.2,1456,294,-1162,7,19,12
30,Composition,4,0.01,32911.97537095632,1654575390457652.5,1654575390424740.5,1456,218,-1238,7,20,13
