dimension,algorithm,paired_problem_units,median_of_problem_medians,mean_of_problem_medians,q25_of_problem_medians,q75_of_problem_medians,min_problem_median,max_problem_median,iqr_of_problem_medians
2,COBYLA,360,1.9480326719646823,4.5784188258699325,0.1740431517169547,5.043458855021676,0.0,224.5568844891629,4.869415703304721
2,COMPASS,360,1.4180171119353666,3.775016323429832,0.01932109608842395,3.9802926739799105,0.0,145.84038235000645,3.9609715778914865
2,DMGSO,360,5.251668521512445,23.27280833641448,0.695651946464821,22.274155766318916,4.0017766878008836e-11,864.8385605293165,21.578503819854095
2,NELDER-MEAD,360,0.14922801669525748,24.270190920925707,1.5532028996290135e-09,12.9344325568982,0.0,1230.9066055554233,12.934432555344998
2,POWELL,360,0.5887473558999693,3.174710779698689,0.003835984805426975,2.0182188969790222,0.0,176.4932264761123,2.014382912173595
5,COBYLA,360,5.655336222888749,25.682516160009214,0.7715876300631024,24.4034117361005,0.0,847.1664227345904,23.6318241060374
5,COMPASS,360,3.0896592063498076,39.28693500678428,0.22424344771104726,13.929391489134389,0.0,2384.617087990355,13.705148041423342
5,DMGSO,360,12.962176422981898,214.27366878132852,2.4820292141563987,80.09027792608228,5.355690291253268e-07,12909.551396658197,77.60824871192588
5,NELDER-MEAD,360,2.180427425572418,41.48146677257136,1.3470515369817805e-08,35.97627126746706,0.0,649.6356025400765,35.97627125399654
5,POWELL,360,2.49475975000885,18.206247476696582,0.715735150003896,9.24182817825605,0.0,1478.016586024245,8.526093028252154
10,COBYLA,360,8.554659801690008,52.49481624754744,1.6529828398581472,61.9760492433882,0.0,1262.9562091397097,60.323066403530056
10,COMPASS,360,5.718941912673529,112.63566731744623,1.3223485001204645,23.906801719323738,0.0,8744.030459740641,22.584453219203272
10,DMGSO,360,23.330688605310172,545.0987726348194,2.7732046530202585,243.32994378344796,5.0435771754564485e-06,25040.477907092827,240.5567391304277
10,NELDER-MEAD,360,5.162770576434518,95.82566215640753,2.239210417087634e-08,48.05357649074441,0.0,1690.4106967567025,48.053576468352304
10,POWELL,360,5.33036710278726,199.79540329611595,1.3646834729439554,19.984893466265802,0.0,47566.479857198414,18.620209993321847
20,COBYLA,360,9.859526461810278,102.09133064629053,1.673121352723868,155.10810720376892,0.0,1682.2381102869683,153.43498585104504
20,COMPASS,360,10.884880292790683,315.8855798602131,1.633553148581946,43.778122865301924,0.0,15717.272437685797,42.14456971671998
20,DMGSO,360,34.33366280249408,1860.0923706209683,5.1286543079568006,681.4821209608007,1.6360936797354952e-05,177322.2865361367,676.3534666528438
20,NELDER-MEAD,360,11.214836683662249,243.1268335170966,0.35819408312218215,96.08140071761758,0.0,3921.427655028847,95.7232066344954
20,POWELL,360,8.480750154975894,123.46526279326353,1.6649189228574686,36.813415918922765,0.0,4779.901963479316,35.1484969960653
40,COBYLA,360,14.699053601186076,193.5994365283088,2.6086169422084735,347.9317608760376,0.0,2072.4078930599017,345.3231439338291
40,COMPASS,360,16.945806430196022,923.796526746356,1.5104139616935495,111.69027003712142,0.0,31462.60692237903,110.17985607542788
40,DMGSO,360,43.006857867352224,4938.933533503771,10.95186908473835,1460.683219934089,8.18376696543055e-05,160622.25707148676,1449.7313508493507
40,NELDER-MEAD,360,97.68664066504752,13497.835837926323,9.652070932488613,1740.8378903938903,0.0,1160263.846017292,1731.1858194614017
40,POWELL,360,15.295444342690264,310.7413999154199,1.8906415890193817,76.84470550174943,0.0,11963.46260385319,74.95406391273005
