dimension,algorithm,average_rank,rank_order
2,COMPASS,2.415277777777778,1
2,POWELL,2.4569444444444444,2
2,COBYLA,2.8777777777777778,3
2,NELDER-MEAD,2.9694444444444446,4
2,DMGSO,4.280555555555556,5
5,COMPASS,2.3847222222222224,1
5,POWELL,2.515277777777778,2
5,COBYLA,2.85,3
5,NELDER-MEAD,2.952777777777778,4
5,DMGSO,4.2972222222222225,5
10,COMPASS,2.3555555555555556,1
10,POWELL,2.595833333333333,2
10,COBYLA,2.7402777777777776,3
10,NELDER-MEAD,3.025,4
10,DMGSO,4.283333333333333,5
20,COMPASS,2.4194444444444443,1
20,POWELL,2.525,2
20,COBYLA,2.6166666666666667,3
20,NELDER-MEAD,3.1416666666666666,4
20,DMGSO,4.2972222222222225,5
40,COBYLA,2.2222222222222223,1
40,POWELL,2.2777777777777777,2
40,COMPASS,2.361111111111111,3
40,DMGSO,4.058333333333334,4
40,NELDER-MEAD,4.080555555555556,5
