dimension,comparison,reference_algorithm,baseline_algorithm,statistical_unit,n_paired_problem_units,wilcoxon_statistic,p_value_raw,rank_biserial_correlation,effect_direction,median_paired_improvement_baseline_minus_dmgso,bootstrap_95ci_low,bootstrap_95ci_high,wins_dmgso_better,ties,losses_dmgso_worse,p_value_holm,significant_holm_0.05
2,DMGSO vs COBYLA,DMGSO,COBYLA,BBOB function-instance problem,360,9413.0,1.6284987000151987e-31,-0.7102800861803632,favors COBYLA,-1.8987301778796777,-3.018095632758559,-0.9952031547406541,65,0,295,3.2569974000303975e-31,True
2,DMGSO vs COMPASS,DMGSO,COMPASS,BBOB function-instance problem,360,7975.0,2.3960189232846385e-35,-0.7545398584179748,favors COMPASS,-2.0799172594115554,-3.4092319677757175,-1.29144330834518,46,1,313,7.188056769853915e-35,True
2,DMGSO vs NELDER-MEAD,DMGSO,NELDER-MEAD,BBOB function-instance problem,360,20094.0,3.5285995472568123e-10,-0.3815327793167128,favors NELDER-MEAD,-0.3612422542527902,-0.7628235875550757,-0.15624656655986063,93,3,264,3.5285995472568123e-10,True
2,DMGSO vs POWELL,DMGSO,POWELL,BBOB function-instance problem,360,6646.0,4.309690231184373e-39,-0.7954447522314558,favors POWELL,-3.5525267671268352,-4.790858301077009,-2.136943852976735,54,0,306,1.723876092473749e-38,True
5,DMGSO vs COBYLA,DMGSO,COBYLA,BBOB function-instance problem,360,8668.0,1.7983781826434488e-33,-0.7332102185287781,favors COBYLA,-4.944761151830675,-8.768063394117746,-3.3062150734199007,61,0,299,3.5967563652868976e-33,True
5,DMGSO vs COMPASS,DMGSO,COMPASS,BBOB function-instance problem,360,6169.0,1.748448038305978e-40,-0.8101261926746691,favors COMPASS,-6.429521892605978,-10.12904168022267,-4.609498802735757,44,0,316,5.245344114917934e-40,True
5,DMGSO vs NELDER-MEAD,DMGSO,NELDER-MEAD,BBOB function-instance problem,360,20747.0,2.797013125680305e-09,-0.36143428747306866,favors NELDER-MEAD,-1.7693138607178405,-2.769175815508774,-0.3518194419092284,94,0,266,2.797013125680305e-09,True
5,DMGSO vs POWELL,DMGSO,POWELL,BBOB function-instance problem,360,5933.0,3.505430078029257e-41,-0.8173899661434287,favors POWELL,-9.586864478453169,-12.281077089228333,-5.7223455909054906,54,0,306,1.4021720312117029e-40,True
10,DMGSO vs COBYLA,DMGSO,COBYLA,BBOB function-instance problem,360,9164.0,3.66910474765238e-32,-0.7179439827639273,favors COBYLA,-8.423622101305387,-13.547616211445144,-7.169863276910551,63,0,297,7.33820949530476e-32,True
10,DMGSO vs COMPASS,DMGSO,COMPASS,BBOB function-instance problem,360,5794.0,1.3514493183693755e-41,-0.8216682056017236,favors COMPASS,-11.804379264373948,-18.430230050702928,-6.674589960563807,41,0,319,5.405797273477502e-41,True
10,DMGSO vs NELDER-MEAD,DMGSO,NELDER-MEAD,BBOB function-instance problem,360,19816.0,1.4150468389344845e-10,-0.39008925823330254,favors NELDER-MEAD,-3.670277018871716,-7.111481550927383,-1.1335513257425383,98,0,262,1.4150468389344845e-10,True
10,DMGSO vs POWELL,DMGSO,POWELL,BBOB function-instance problem,360,5794.0,1.3514493183693755e-41,-0.8216682056017236,favors POWELL,-12.299321803958605,-20.970281093723138,-8.713462343225444,56,0,304,5.405797273477502e-41,True
20,DMGSO vs COBYLA,DMGSO,COBYLA,BBOB function-instance problem,360,7888.0,1.3813769227109688e-35,-0.7572176054170514,favors COBYLA,-17.481676278588672,-25.896228204944677,-14.884064345409499,61,0,299,2.7627538454219377e-35,True
20,DMGSO vs COMPASS,DMGSO,COMPASS,BBOB function-instance problem,360,4890.0,2.4351328675240935e-44,-0.8494921514312096,favors COMPASS,-21.391919494963616,-32.100376517804165,-13.171077239358908,39,0,321,9.740531470096374e-44,True
20,DMGSO vs NELDER-MEAD,DMGSO,NELDER-MEAD,BBOB function-instance problem,360,20741.0,2.7456436675779015e-09,-0.3616189596799015,favors NELDER-MEAD,-3.5625495876029882,-12.897528488007637,-0.9572977774903819,95,0,265,2.7456436675779015e-09,True
20,DMGSO vs POWELL,DMGSO,POWELL,BBOB function-instance problem,360,5036.0,6.852663009118611e-44,-0.844998461064943,favors POWELL,-25.380415717962265,-34.95128968254767,-16.78228945306969,58,0,302,2.0557989027355834e-43,True
40,DMGSO vs COBYLA,DMGSO,COBYLA,BBOB function-instance problem,360,5982.0,4.899519939812524e-41,-0.8158818097876269,favors COBYLA,-25.365629475400254,-37.563087129623796,-20.446601013670954,53,0,307,1.38224915238571e-40,True
40,DMGSO vs COMPASS,DMGSO,COMPASS,BBOB function-instance problem,360,5973.0,4.607497174619033e-41,-0.8161588180978763,favors COMPASS,-17.50666487912118,-30.067605492528415,-12.841029873231825,37,0,323,1.38224915238571e-40,True
40,DMGSO vs NELDER-MEAD,DMGSO,NELDER-MEAD,BBOB function-instance problem,360,27222.0,0.007673340435778703,0.16214219759926132,favors DMGSO,0.42381389689788307,0.07642602556623501,2.7410025839509444,202,0,158,0.007673340435778703,True
40,DMGSO vs POWELL,DMGSO,POWELL,BBOB function-instance problem,360,3811.0,9.830649736191221e-48,-0.8827023699599877,favors POWELL,-32.52494589370411,-37.872828397963424,-21.734417258495917,47,0,313,3.9322598944764884e-47,True
