dimension,algorithm,observations,fe_budget,fe_min,fe_q25,fe_median,fe_mean,fe_q75,fe_max,exact_budget_count,below_budget_count,exact_budget_percent,below_budget_percent
2,COBYLA,1800,2000,18,82.0,204.5,838.6294444444444,2000.0,2000,617,1183,34.27777777777778,65.72222222222223
2,COMPASS,1800,2000,154,208.0,239.0,825.2616666666667,2000.0,2000,545,1255,30.27777777777778,69.72222222222223
2,DMGSO,1800,2000,2000,2000.0,2000.0,2000.0,2000.0,2000,1800,0,100.0,0.0
2,NELDER-MEAD,1800,2000,11,75.0,98.0,116.0261111111111,137.0,1409,0,1800,0.0,100.0
2,POWELL,1800,2000,17,64.0,88.5,117.74555555555555,138.25,1532,0,1800,0.0,100.0
5,COBYLA,1800,5000,44,322.75,1451.0,2400.9183333333335,5000.0,5000,691,1109,38.388888888888886,61.611111111111114
5,COMPASS,1800,5000,389,763.0,1687.5,2646.787222222222,5000.0,5000,693,1107,38.5,61.5
5,DMGSO,1800,5000,5000,5000.0,5000.0,5000.0,5000.0,5000,1800,0,100.0,0.0
5,NELDER-MEAD,1800,5000,41,362.0,499.0,687.5261111111112,888.0,5000,1,1799,0.05555555555555555,99.94444444444444
5,POWELL,1800,5000,51,174.75,290.0,426.62055555555554,469.0,3920,0,1800,0.0,100.0
10,COBYLA,1800,10000,85,752.75,4591.0,5415.6288888888885,10000.0,10000,815,985,45.27777777777778,54.72222222222222
10,COMPASS,1800,10000,826,2287.0,8020.5,6262.468333333333,10000.0,10000,862,938,47.888888888888886,52.111111111111114
10,DMGSO,1800,10000,10000,10000.0,10000.0,10000.0,10000.0,10000,1800,0,100.0,0.0
10,NELDER-MEAD,1800,10000,119,1275.75,1970.5,2785.847777777778,3592.75,10000,38,1762,2.111111111111111,97.88888888888889
10,POWELL,1800,10000,122,360.75,608.5,1218.5955555555556,1227.5,10000,10,1790,0.5555555555555556,99.44444444444444
20,COBYLA,1800,20000,166,1725.75,14616.5,11319.858888888888,20000.0,20000,871,929,48.388888888888886,51.611111111111114
20,COMPASS,1800,20000,1824,7414.5,20000.0,13882.614444444445,20000.0,20000,948,852,52.666666666666664,47.333333333333336
20,DMGSO,1800,20000,20000,20000.0,20000.0,20000.0,20000.0,20000,1800,0,100.0,0.0
20,NELDER-MEAD,1800,20000,417,5488.75,10818.0,11735.265555555556,19998.5,20000,450,1350,25.0,75.0
20,POWELL,1800,20000,242,789.25,1315.5,3513.9244444444444,2839.0,20000,112,1688,6.222222222222222,93.77777777777777
40,COBYLA,1800,40000,327,4058.5,40000.0,23719.303888888888,40000.0,40000,932,868,51.77777777777778,48.22222222222222
40,COMPASS,1800,40000,3584,26362.25,40000.0,32196.516111111112,40000.0,40000,1077,723,59.833333333333336,40.166666666666664
40,DMGSO,1800,40000,40000,40000.0,40000.0,40000.0,40000.0,40000,1800,0,100.0,0.0
40,NELDER-MEAD,1800,40000,1595,38640.25,40000.0,35028.624444444446,40000.0,40000,1342,458,74.55555555555556,25.444444444444443
40,POWELL,1800,40000,482,1407.25,2593.5,8181.2844444444445,6446.25,40000,192,1608,10.666666666666666,89.33333333333333
