dimension,function_id,topology,n_raw_observations,error_median,error_mean,error_q25,error_q75,fe_used_median,wall_time_median,n_accept_median,n_reloc_median,rank_within_function
20,1,AXIS_ONLY,75,0.0017985310113317,0.0018626704396167708,0.0012382282861195999,0.0024969547186585997,20000.0,0.2603330459996869,149.0,0.0,4.0
20,1,DIM_ADAPTIVE,75,0.0006995584866444,0.0007623571489023587,0.00044171223432695,0.0009401456788111,20000.0,0.2560240439997869,123.0,0.0,2.0
20,1,FIXED8_UNIQUE,75,0.0016775171891012,0.0017227946117256464,0.0011775960439166,0.00207308850212935,20000.0,0.2590402770001674,153.0,0.0,3.0
20,1,HISTORICAL,75,0.000378852343104,0.0006717852570897405,5.377468550094022e-05,0.00097118646903555,20000.0,0.2800667285919189,147.0,0.0,1.0
20,2,AXIS_ONLY,75,1037.734242460672,957.7676389720049,796.4399585652769,1151.5007093524289,20000.0,0.2797653769994213,188.0,0.0,4.0
20,2,DIM_ADAPTIVE,75,62.33528137057857,65.50472125528003,47.27183613470356,81.87825795737359,20000.0,0.2777031730001909,143.0,0.0,1.0
20,2,FIXED8_UNIQUE,75,94.5435340656325,108.82380200583107,74.63875281308876,131.90205921537776,20000.0,0.2798386419999588,170.0,0.0,3.0
20,2,HISTORICAL,75,73.13592872632671,256.7406606674991,47.48210492947425,123.92911674326521,20000.0,0.3013155460357666,177.0,0.0,2.0
20,3,AXIS_ONLY,75,718.7760513820374,684.5948338440273,511.9351574833132,837.4690761624595,20000.0,0.2901095599991095,63.0,2.0,2.0
20,3,DIM_ADAPTIVE,75,735.5315472225988,769.3267258723002,593.3866991574702,948.0028622163497,20000.0,0.2875782129995059,47.0,1.0,3.0
20,3,FIXED8_UNIQUE,75,674.4798693305602,691.4346419898202,508.5209489664619,829.4092331490438,20000.0,0.2924358430009306,66.0,2.0,1.0
20,3,HISTORICAL,75,780.2560903160368,762.8062446738345,630.7469986052157,872.7394030117065,20000.0,0.3052170276641845,67.0,2.0,4.0
20,4,AXIS_ONLY,75,627.7164169637708,654.9727442396189,507.4802737359711,825.6959754604711,20000.0,0.2896023609991971,67.0,2.0,2.0
20,4,DIM_ADAPTIVE,75,769.2687153285237,799.5869736415265,576.7108458237668,1031.738622898783,20000.0,0.2853800749999209,48.0,1.0,3.0
20,4,FIXED8_UNIQUE,75,626.473389072669,647.7624227737019,490.41051321885845,807.3148116555421,20000.0,0.2857968689986592,68.0,2.0,1.0
20,4,HISTORICAL,75,796.2884859266971,829.8500485484795,637.236707180137,966.0058403963749,20000.0,0.3037030696868896,68.0,2.0,4.0
20,5,AXIS_ONLY,75,0.7482807133427656,0.7610245752467883,0.6474911991398571,0.8670707028410192,20000.0,0.2655015100008313,147.0,1.0,4.0
20,5,DIM_ADAPTIVE,75,0.6061496150571628,2.197694586888333,0.442263468075204,0.8535097775698475,20000.0,0.2754316179998568,128.0,0.0,2.0
20,5,FIXED8_UNIQUE,75,0.5385467228667125,0.5161682958377287,0.3730448321686808,0.6712525572105399,20000.0,0.2726421129991649,115.0,0.0,1.0
20,5,HISTORICAL,75,0.6475412793762416,0.6281178635312367,0.4936064429293321,0.7790297468640262,20000.0,0.2875423431396484,111.0,0.0,3.0
20,6,AXIS_ONLY,75,7.717681785198806,12.482916066772004,0.8725573126770545,16.486300280211275,20000.0,0.2702508699985628,190.0,0.0,1.0
20,6,DIM_ADAPTIVE,75,12.937160553142434,31.830325530634756,0.7246604913126475,46.72834365994175,20000.0,0.2712235390008572,130.0,0.0,4.0
20,6,FIXED8_UNIQUE,75,12.425942606241192,17.28297862272375,0.8798642887317136,25.788438752254926,20000.0,0.2698946110012912,157.0,0.0,3.0
20,6,HISTORICAL,75,12.26519232844396,19.943532359070055,0.7718582704251382,28.140421718665685,20000.0,0.2859718799591064,158.0,0.0,2.0
20,7,AXIS_ONLY,75,996.43818103959,1133.8866921135432,577.8104996981149,1439.5399225366882,20000.0,0.2749557600000116,31.0,3.0,1.0
20,7,DIM_ADAPTIVE,75,1268.2362811011924,1451.407987270305,876.4371447354051,1802.4866076884612,20000.0,0.2712409770010708,25.0,2.0,4.0
20,7,FIXED8_UNIQUE,75,1022.8706510781292,1123.9168501190352,668.2728777117482,1382.4420602154844,20000.0,0.2730041849990812,25.0,3.0,2.0
20,7,HISTORICAL,75,1114.115121680925,1277.717812510593,832.5901224057941,1548.636849107876,20000.0,0.2900905609130859,25.0,2.0,3.0
20,8,AXIS_ONLY,75,17.87511224953841,17.83740507615939,16.867221708967236,18.654499864341226,20000.0,0.2634926310001901,187.0,0.0,4.0
20,8,DIM_ADAPTIVE,75,14.457930364216004,15.441611668320778,13.03379850721818,16.974505532270765,20000.0,0.2600904440005251,125.0,0.0,1.0
20,8,FIXED8_UNIQUE,75,15.808968943049983,16.721207947352525,14.518780684525172,17.71399435841217,20000.0,0.2620576709996385,154.0,0.0,2.0
20,8,HISTORICAL,75,17.607323611419503,17.50567992474998,16.9637427154843,18.052017461943144,20000.0,0.2847237586975097,155.0,0.0,3.0
20,9,AXIS_ONLY,75,19.12939530913014,42.97340701309001,18.186313067396704,19.673924638954972,20000.0,0.277265343000181,185.0,0.0,3.0
20,9,DIM_ADAPTIVE,75,18.459520755351647,30.17894511872669,17.279262656860904,19.32566370081358,20000.0,0.2763131960000464,126.0,0.0,1.0
20,9,FIXED8_UNIQUE,75,18.886397461759564,34.61871577741668,18.14573546791543,19.563484008258058,20000.0,0.2678433990004123,158.0,0.0,2.0
20,9,HISTORICAL,75,19.247749613904148,48.232513214659754,18.233303815991242,19.639219156870134,20000.0,0.2951734066009521,158.0,0.0,4.0
20,10,AXIS_ONLY,75,18875.30058018906,26703.845717747925,11907.429625166402,36038.70562189414,20000.0,0.3150345800004288,159.0,1.0,2.0
20,10,DIM_ADAPTIVE,75,27182.84931116656,31697.984132241614,11680.309339413667,41829.69421622181,20000.0,0.3129260129990143,135.0,0.0,3.0
20,10,FIXED8_UNIQUE,75,18673.95324541031,23748.370251461252,9812.751461482389,28434.269164317317,20000.0,0.315107172998978,168.0,0.0,1.0
20,10,HISTORICAL,75,28955.34853031973,43803.13153006136,15874.607240719539,53244.895212622156,20000.0,0.3055245876312256,126.0,1.0,4.0
20,11,AXIS_ONLY,75,282.7724237805583,283.11574533536685,212.35976756387578,342.04556723842825,20000.0,0.3187313469989021,181.0,0.0,3.0
20,11,DIM_ADAPTIVE,75,276.6299913489238,281.9463977911885,232.41660918264415,320.54131560152894,20000.0,0.3143974269987666,107.0,0.0,2.0
20,11,FIXED8_UNIQUE,75,236.1152182315186,255.56050778286468,200.81074008997825,310.1306041785215,20000.0,0.3212167750007211,132.0,0.0,1.0
20,11,HISTORICAL,75,285.51671099671574,290.10225151409895,234.8949067397756,349.9369960171033,20000.0,0.3008062839508056,138.0,0.0,4.0
20,12,AXIS_ONLY,75,1740.99885113337,2254.0146211883575,1331.694850550091,2375.1775402254116,20000.0,0.3020523750001302,186.0,0.0,4.0
20,12,DIM_ADAPTIVE,75,1063.4117086633128,1614.3994739171878,820.5259246868184,1549.3217377578508,20000.0,0.2973861039990879,124.0,0.0,2.0
20,12,FIXED8_UNIQUE,75,1724.3829515015557,1768.5058697753718,1352.0275825267968,2098.969857385062,20000.0,0.2975785649996396,154.0,0.0,3.0
20,12,HISTORICAL,75,1058.849143325162,2283.9654596991245,593.3615202333476,1923.6745767011191,20000.0,0.2884848117828369,145.0,0.0,1.0
20,13,AXIS_ONLY,75,24.892356038325715,25.30301407582437,15.975114707767734,34.3823150492708,20000.0,0.2924438330010162,191.0,0.0,3.0
20,13,DIM_ADAPTIVE,75,19.06597685216495,23.35323401897307,12.090945608056686,30.807172106666926,20000.0,0.2885004070012655,124.0,0.0,1.0
20,13,FIXED8_UNIQUE,75,19.572501005741703,23.482066387570214,14.268827027304338,28.858214420186016,20000.0,0.2903811600008339,157.0,0.0,2.0
20,13,HISTORICAL,75,25.6304346986841,25.80689848606642,14.82803444537694,36.612493313148846,20000.0,0.2834000587463379,159.0,0.0,4.0
20,14,AXIS_ONLY,75,0.0129272297210718,0.012794965048391711,0.01094551075985745,0.0148511424645505,20000.0,0.297154195000985,191.0,0.0,3.0
20,14,DIM_ADAPTIVE,75,0.0125017885043376,0.012381443788282013,0.0107221361848495,0.01429316710744995,20000.0,0.2948864679983671,126.0,0.0,2.0
20,14,FIXED8_UNIQUE,75,0.0117470815527553,0.011921290789560052,0.00981949037648985,0.01391559285916695,20000.0,0.2952003679984045,161.0,0.0,1.0
20,14,HISTORICAL,75,0.0138956392249269,0.014383774785178586,0.012368371181914,0.016261210132761002,20000.0,0.3002707958221435,160.0,0.0,4.0
20,15,AXIS_ONLY,75,1039.5412547076437,1064.6330663896865,826.1959865043693,1336.9523077388194,20000.0,0.3253840940014925,139.0,1.0,4.0
20,15,DIM_ADAPTIVE,75,970.9494616611008,960.3165031839198,722.9752977591719,1195.0898171881138,20000.0,0.3203523360007239,89.0,0.0,1.0
20,15,FIXED8_UNIQUE,75,977.02523393408,963.3959678076093,675.3407655302788,1218.7373925694626,20000.0,0.3220758769984968,128.0,0.0,2.0
20,15,HISTORICAL,75,1022.17578298889,1067.856448463899,840.2808732808854,1284.4836340675038,20000.0,0.3111739158630371,116.0,0.0,3.0
20,16,AXIS_ONLY,75,22.144601344079945,23.43919410942975,16.871392280542246,28.066189615507135,20000.0,0.3688599779998185,38.0,2.0,1.0
20,16,DIM_ADAPTIVE,75,24.315608104058725,27.33988066128448,21.129017459430333,33.58571263665616,20000.0,0.3640087809999386,28.0,1.0,4.0
20,16,FIXED8_UNIQUE,75,24.12200216552793,24.697867190087557,17.64747266217836,30.963511415337877,20000.0,0.3578387849993305,34.0,2.0,3.0
20,16,HISTORICAL,75,23.646302702820392,24.648168880694097,19.04044624536521,29.510523976049726,20000.0,0.3498978614807129,34.0,2.0,2.0
20,17,AXIS_ONLY,75,22.415571237259485,37.93922858421576,16.20811863718572,38.48497678537823,20000.0,0.3152740700006688,137.0,1.0,1.0
20,17,DIM_ADAPTIVE,75,27.6601339692711,41.37596052266876,19.056346911646457,49.58695122804807,20000.0,0.3059425160008686,85.0,1.0,4.0
20,17,FIXED8_UNIQUE,75,23.347635398387013,40.06981831340213,15.800406927188813,42.8611298846113,20000.0,0.3123677160001534,111.0,1.0,3.0
20,17,HISTORICAL,75,23.015798878649434,40.062766969238275,15.434326060524901,39.52510142260661,20000.0,0.3024497032165527,109.0,1.0,2.0
20,18,AXIS_ONLY,75,78.96665505728738,136.78694079191234,60.2033303420746,146.8969009128243,20000.0,0.3140275669993571,136.0,1.0,1.0
20,18,DIM_ADAPTIVE,75,101.85004693460712,156.58686572626073,69.81287598197406,167.05067552575701,20000.0,0.3110603099994478,77.0,1.0,4.0
20,18,FIXED8_UNIQUE,75,89.44675278750196,183.56418504468394,61.59786000002157,176.04490876719444,20000.0,0.3082476750005298,93.0,1.0,3.0
20,18,HISTORICAL,75,88.68174219068032,145.45406798118526,59.82195039968119,158.11504857632013,20000.0,0.3023698329925537,111.0,1.0,2.0
20,19,AXIS_ONLY,75,35.67635742420955,37.245728028298196,28.91207889294826,42.47803618819578,20000.0,0.2985381549988233,28.0,2.0,3.0
20,19,DIM_ADAPTIVE,75,33.23434501323112,34.424342828463836,25.31868070104899,42.2987672218822,20000.0,0.2942446910001308,26.0,1.0,1.0
20,19,FIXED8_UNIQUE,75,35.63562948138019,36.26358929541489,29.30723175036268,43.40688507704685,20000.0,0.2948524700004782,27.0,2.0,2.0
20,19,HISTORICAL,75,39.79784458267204,38.85175715063105,30.801502213441303,45.86368192290297,20000.0,0.3003203868865967,23.0,2.0,4.0
20,20,AXIS_ONLY,75,1.5870408274389547,1.5853124445739968,1.289974925381511,1.8024869460751205,20000.0,0.31647685399912,129.0,1.0,3.0
20,20,DIM_ADAPTIVE,75,1.729010652169478,1.7373780873683893,1.4852692085586057,1.9810866543179841,20000.0,0.3119531129996176,88.0,1.0,4.0
20,20,FIXED8_UNIQUE,75,1.4471629781914803,1.4927730171789106,1.2735256777760071,1.6512670888344425,20000.0,0.3171694399989064,112.0,1.0,1.0
20,20,HISTORICAL,75,1.5315383054160634,1.53033081168975,1.2983237038686752,1.774459412851522,20000.0,0.323026180267334,109.0,1.0,2.0
20,21,AXIS_ONLY,75,9.082022399548038,17.132252649131924,4.716806816306825,24.77165194050355,20000.0,0.297696215000542,178.0,0.0,4.0
20,21,DIM_ADAPTIVE,75,8.125989449804894,17.45301941485879,4.715812405184067,24.313077534697406,20000.0,0.2930699080006889,124.0,0.0,1.0
20,21,FIXED8_UNIQUE,75,8.137342558471033,17.83960888227433,4.717071059009321,32.064943151064824,20000.0,0.301389680000284,154.0,0.0,2.0
20,21,HISTORICAL,75,9.080786759718706,17.74132386739689,4.716535546132931,27.21186875392215,20000.0,0.3237149715423584,154.0,0.0,3.0
20,22,AXIS_ONLY,75,7.274488096811012,16.773128824848264,2.591830854586018,30.084613965642404,20000.0,0.2775060879994271,157.0,0.0,4.0
20,22,DIM_ADAPTIVE,75,7.273465290309609,17.458972102970165,2.591387148565669,30.085103557063086,20000.0,0.2749201970000285,122.0,0.0,2.0
20,22,FIXED8_UNIQUE,75,7.273907527841345,17.12225654085987,2.591693777840762,30.0855537273842,20000.0,0.2771160470001632,151.0,0.0,3.0
20,22,HISTORICAL,75,7.273141153934645,16.845704881025526,2.277520887829722,25.93194128009081,20000.0,0.305361270904541,129.0,0.0,1.0
20,23,AXIS_ONLY,75,2.3819145954642025,2.65344867412764,1.6729081689754537,3.158062066373546,20000.0,0.4151707450000685,26.0,2.0,2.0
20,23,DIM_ADAPTIVE,75,2.435888475019226,2.7843868218233765,1.551119438026742,3.566286085046407,20000.0,0.4087007640009688,19.0,1.0,4.0
20,23,FIXED8_UNIQUE,75,2.3895192445803275,2.7397018464294036,1.6099086846576005,3.477763337676637,20000.0,0.4105283819990291,22.0,2.0,3.0
20,23,HISTORICAL,75,2.113048442103235,2.5078174395745356,1.554532719471112,3.0805468486257928,20000.0,0.4252071380615234,24.0,2.0,1.0
20,24,AXIS_ONLY,75,642.4019890814207,705.1466745996183,581.7934663641531,795.9587239456481,20000.0,0.2925026220000291,120.0,1.0,2.0
20,24,DIM_ADAPTIVE,75,731.268237571555,763.8132148757926,595.9276944693313,927.0394305818882,20000.0,0.2881889059990499,68.0,1.0,4.0
20,24,FIXED8_UNIQUE,75,635.8380971639789,689.8873177076816,558.5242941261828,785.7413836849514,20000.0,0.292321548999098,87.0,1.0,1.0
20,24,HISTORICAL,75,696.4372131987698,742.3640837644783,611.5963092349842,861.2930217727883,20000.0,0.2914714813232422,100.0,1.0,3.0
40,1,AXIS_ONLY,75,0.004426657703334,0.004615893101096302,0.00317281085980875,0.00625424329679265,40000.0,0.9917348349990788,185.0,0.0,4.0
40,1,DIM_ADAPTIVE,75,0.0017203192587658,0.0017612585756788227,0.00113235312581845,0.00226768327268615,40000.0,0.987725244000103,124.0,0.0,2.0
40,1,FIXED8_UNIQUE,75,0.0041022947973203,0.004111776975799632,0.00300827357770565,0.00509161352301565,40000.0,0.9858715339996706,170.0,0.0,3.0
40,1,HISTORICAL,75,0.0006314874123063,0.0015069194659797331,0.0002369827924155,0.0022890193066586496,40000.0,1.178596019744873,151.0,0.0,1.0
40,2,AXIS_ONLY,75,1898.7711489989924,1877.3997448609812,1822.3627644808532,2015.7344083352255,40000.0,1.06745120999949,175.0,0.0,4.0
40,2,DIM_ADAPTIVE,75,163.69446259007893,195.1029229637387,128.02644239603381,223.14624951606984,40000.0,1.0781853349999435,145.0,0.0,1.0
40,2,FIXED8_UNIQUE,75,465.6043575630599,468.5976726706844,287.6502604900003,624.9148544083145,40000.0,1.0682684849998625,195.0,0.0,3.0
40,2,HISTORICAL,75,207.1292565433037,508.74144169861665,111.13205235865452,394.89958352243445,40000.0,1.2736454010009766,196.0,0.0,2.0
40,3,AXIS_ONLY,75,1586.8747049115188,1875.1131608701683,1122.9465524557143,1945.2719835082403,40000.0,1.0841422989997227,83.0,2.0,3.0
40,3,DIM_ADAPTIVE,75,1317.0801392588726,1471.2523138625668,1094.3315411720087,1679.2838103709646,40000.0,1.0822898370006442,72.0,1.0,1.0
40,3,FIXED8_UNIQUE,75,1373.6566937303933,1725.3585881474298,1086.888833899765,1844.7497220203597,40000.0,1.0820526810002775,82.0,2.0,2.0
40,3,HISTORICAL,75,1637.107677507286,1870.2541348755328,1422.2440411282096,2019.6647471754811,40000.0,1.3003606796264648,85.0,2.0,4.0
40,4,AXIS_ONLY,75,1269.7569716818882,2055.7952870131053,932.6163581556943,1977.2131623900545,40000.0,1.0685381149996829,91.0,2.0,1.0
40,4,DIM_ADAPTIVE,75,1520.953952604807,1838.614530773121,1249.0502566158075,1901.118017710551,40000.0,1.0518758190009976,72.0,1.0,3.0
40,4,FIXED8_UNIQUE,75,1305.1227855562609,1781.6937928869727,949.2388224387537,1572.8335376595587,40000.0,1.054087033000542,86.0,2.0,2.0
40,4,HISTORICAL,75,1570.388254211659,2070.418575141882,1245.6977025286615,1953.496339919131,40000.0,1.273972511291504,87.0,2.0,4.0
40,5,AXIS_ONLY,75,1.9490981432542969,1.9584746302146534,1.7530853370849542,2.1692723529872566,40000.0,0.9629129479999392,150.0,1.0,3.0
40,5,DIM_ADAPTIVE,75,7.658408155607489,31.96740936354414,1.4294064436875367,51.79492054286226,40000.0,1.0013617549993796,147.0,0.0,4.0
40,5,FIXED8_UNIQUE,75,1.2575527164730644,1.2579741518194543,0.9753694093317122,1.5607027856176074,40000.0,0.9756563219998498,129.0,1.0,1.0
40,5,HISTORICAL,75,1.83781724604296,1.6063880339242846,1.5353840003684667,2.0229476769503325,40000.0,1.2302911281585691,129.0,1.0,2.0
40,6,AXIS_ONLY,75,41.64632215844637,50.66527470004214,22.5172670496058,69.86011010378608,40000.0,0.9826854080001796,164.0,1.0,2.0
40,6,DIM_ADAPTIVE,75,69.74916773819686,106.62457462178709,35.613603115748454,118.19259249678632,40000.0,0.974986496999918,142.0,0.0,3.0
40,6,FIXED8_UNIQUE,75,16.040584620825598,35.03133526961831,7.917872597879352,44.1504609653805,40000.0,0.9844057880000036,188.0,0.0,1.0
40,6,HISTORICAL,75,70.52338466829328,92.35615681583137,41.99688624369449,114.55985451519913,40000.0,1.234487533569336,145.0,1.0,4.0
40,7,AXIS_ONLY,75,3017.647121212241,2844.7127775216522,2114.9365822088757,3594.419996059142,40000.0,1.0273315849990468,44.0,3.0,2.0
40,7,DIM_ADAPTIVE,75,3080.659168909188,3105.0718050657347,2353.3470674150944,4018.838286600376,40000.0,1.0234296519993222,36.0,2.0,4.0
40,7,FIXED8_UNIQUE,75,2726.7688125667264,2672.422938490316,2004.8115625488126,3467.999175189235,40000.0,1.0344621620006365,40.0,3.0,1.0
40,7,HISTORICAL,75,3018.4723922118787,2918.0014658046216,2101.833530623793,3681.2824677752506,40000.0,1.25376558303833,38.0,3.0,3.0
40,8,AXIS_ONLY,75,37.99406119668986,38.00971288228868,37.055121679005964,38.904169981064406,40000.0,0.9436974480013304,194.0,0.0,4.0
40,8,DIM_ADAPTIVE,75,33.09333240723839,36.61399314861448,30.578212956624096,34.7180948158759,40000.0,0.938241685000321,125.0,0.0,1.0
40,8,FIXED8_UNIQUE,75,35.698053376378155,38.347498612276425,33.58874149828337,37.586229193987975,40000.0,0.9455930489984894,173.0,0.0,2.0
40,8,HISTORICAL,75,37.62163807318738,37.52189088655262,36.92185886245414,38.09535585825458,40000.0,1.161752223968506,175.0,0.0,3.0
40,9,AXIS_ONLY,75,38.85681199085991,46.744888801968834,36.878837476618315,39.48682227981553,40000.0,0.9493958019993444,192.0,0.0,4.0
40,9,DIM_ADAPTIVE,75,38.45648881827909,51.135699266425284,36.86995266314732,39.386796042362505,40000.0,0.9472996959993908,127.0,0.0,1.0
40,9,FIXED8_UNIQUE,75,38.58746383902806,44.0914489999484,36.16845263380265,39.53598517170633,40000.0,0.9398351999989244,173.0,0.0,3.0
40,9,HISTORICAL,75,38.56070821973666,48.65919312860257,36.492088586211736,39.28611152459544,40000.0,1.1784417629241943,176.0,0.0,2.0
40,10,AXIS_ONLY,75,69004.19847210254,73738.7706074565,48635.03170811084,89342.18849448953,40000.0,1.051692479999474,162.0,1.0,2.0
40,10,DIM_ADAPTIVE,75,70342.37068754129,79744.30648815924,38285.797864833294,102157.23079802,40000.0,1.0446209759993508,120.0,0.0,3.0
40,10,FIXED8_UNIQUE,75,63305.675617045934,63131.2837567278,37060.78759380497,83658.41491943871,40000.0,1.0413688159987942,145.0,1.0,1.0
40,10,HISTORICAL,75,96990.22958603207,101857.92981325946,75084.22358047079,125720.48177485958,40000.0,1.294309377670288,145.0,1.0,4.0
40,11,AXIS_ONLY,75,555.3196830520812,605.0858840500541,439.5012580207831,737.8296591873775,40000.0,1.0333417860001646,155.0,1.0,4.0
40,11,DIM_ADAPTIVE,75,521.5067702557832,550.3331368373695,430.0471915689151,647.3066979374856,40000.0,1.0334035819996643,86.0,1.0,3.0
40,11,FIXED8_UNIQUE,75,458.27457836835794,499.5625755692863,396.9160787606952,566.4777625062135,40000.0,1.0268972399990162,136.0,1.0,1.0
40,11,HISTORICAL,75,515.5340724872896,542.7525431687461,420.165780091148,654.5379493969397,40000.0,1.251070499420166,133.0,1.0,2.0
40,12,AXIS_ONLY,75,4878.242871957035,8012.609064194982,4051.1086311088557,6316.212498775405,40000.0,0.9795066820006468,177.0,0.0,4.0
40,12,DIM_ADAPTIVE,75,2071.50323561916,2584.186483394398,1599.2466157362235,2622.063941483205,40000.0,0.9792520009996224,124.0,0.0,1.0
40,12,FIXED8_UNIQUE,75,4276.534874957935,4509.524725790677,3837.2044786175584,5145.127992801154,40000.0,0.9789690459983832,171.0,0.0,3.0
40,12,HISTORICAL,75,3248.462945274732,5810.21909675773,2183.89978933709,4963.045853112953,40000.0,1.2377815246582031,154.0,0.0,2.0
40,13,AXIS_ONLY,75,21.744671681582677,23.3251974482429,17.37619825384743,26.134750005247785,40000.0,0.9603803579993836,190.0,0.0,4.0
40,13,DIM_ADAPTIVE,75,18.760247440297803,20.72954440152568,15.809718121361737,21.764620493640336,40000.0,0.943538653998985,126.0,0.0,2.0
40,13,FIXED8_UNIQUE,75,18.533442463978623,20.180066828539726,16.10632385972134,22.479317038466522,40000.0,0.9512673699991864,176.0,0.0,1.0
40,13,HISTORICAL,75,21.5386960556516,23.023760019195958,16.69694233631218,26.8264998714114,40000.0,1.2116069793701172,177.0,0.0,3.0
40,14,AXIS_ONLY,75,0.0192756675026686,0.019262239462596264,0.01682366870949175,0.0213696048315652,40000.0,0.9545309400000406,194.0,0.0,4.0
40,14,DIM_ADAPTIVE,75,0.0181549531745446,0.018280973858156278,0.01629099736604895,0.02050385629232385,40000.0,0.943742323999686,129.0,0.0,1.0
40,14,FIXED8_UNIQUE,75,0.0185004388803662,0.0186308555984013,0.01585812619239485,0.0213591296580979,40000.0,0.9444759390007677,176.0,0.0,2.0
40,14,HISTORICAL,75,0.0187489374989411,0.018613356092264124,0.01628137766331855,0.02124611463160735,40000.0,1.207831859588623,179.0,0.0,3.0
40,15,AXIS_ONLY,75,1913.3522552539025,1957.311188229147,1475.4109058653376,2298.1563926292374,40000.0,1.0516933720009547,133.0,1.0,3.0
40,15,DIM_ADAPTIVE,75,1521.5707004354829,1562.344207389025,974.3893078551653,1838.3777450581729,40000.0,1.0551919890003774,125.0,0.0,1.0
40,15,FIXED8_UNIQUE,75,1544.5084869494217,1603.8322766088402,972.6885148256945,2050.20520213921,40000.0,1.0523238059995492,163.0,0.0,2.0
40,15,HISTORICAL,75,1943.8472549250764,2043.185371102449,1595.870734231576,2520.554491489441,40000.0,1.332643985748291,109.0,1.0,4.0
40,16,AXIS_ONLY,75,30.582688663559907,30.418343610535594,24.029506041919078,34.850427250403825,40000.0,1.2171080820007774,39.0,2.0,3.0
40,16,DIM_ADAPTIVE,75,34.41580750051409,33.86359737136219,26.08096236902432,40.74806742221347,40000.0,1.21879749099935,29.0,1.0,4.0
40,16,FIXED8_UNIQUE,75,29.90995342063329,30.378933971330493,25.1302907789484,34.40814682079068,40000.0,1.2189360709999164,40.0,2.0,2.0
40,16,HISTORICAL,75,29.80257299857351,30.065903529177007,25.917312887502902,33.87098241967893,40000.0,1.5067381858825684,40.0,2.0,1.0
40,17,AXIS_ONLY,75,22.24175276440644,26.356804506574512,17.33766149353412,29.74185259677396,40000.0,1.0276117360008357,100.0,2.0,1.0
40,17,DIM_ADAPTIVE,75,28.76390190137577,38.43069382932178,19.550702456156003,40.31392258864942,40000.0,1.0212501290006912,71.0,1.0,4.0
40,17,FIXED8_UNIQUE,75,22.683954055470963,32.4445739369993,18.238647953978905,36.047140915919016,40000.0,1.0268326929999605,84.0,2.0,2.0
40,17,HISTORICAL,75,22.916402446867483,29.39051455638246,17.782999066437128,33.28554383571138,40000.0,1.307225465774536,85.0,2.0,3.0
40,18,AXIS_ONLY,75,85.54501357432837,110.29820652866634,67.01669878439554,125.15492301886428,40000.0,1.0312129670001011,93.0,2.0,1.0
40,18,DIM_ADAPTIVE,75,96.92384406489003,138.9650885645352,76.92927772580308,145.95846247548883,40000.0,1.02730410300137,58.0,1.0,4.0
40,18,FIXED8_UNIQUE,75,91.85322014884822,113.15838037413782,70.63978724758942,121.07129797136429,40000.0,1.0216793019990291,82.0,2.0,2.0
40,18,HISTORICAL,75,92.4960513658475,117.68184750666036,70.64642111593474,126.48087548311918,40000.0,1.3290696144104004,74.0,2.0,3.0
40,19,AXIS_ONLY,75,42.53693003857063,42.09830210454973,32.3941558307391,50.35980593011942,40000.0,0.956687474001228,35.0,2.0,3.0
40,19,DIM_ADAPTIVE,75,19.51671535996457,24.442286131979444,16.21046553025448,28.68862284030006,40000.0,0.9640948879987264,45.0,1.0,1.0
40,19,FIXED8_UNIQUE,75,26.39174438743271,31.476201236573342,20.705604753905767,42.39087429574458,40000.0,0.9672921589990436,47.0,2.0,2.0
40,19,HISTORICAL,75,45.76675196981364,44.5543908121806,35.867900042083264,51.37154568705375,40000.0,1.225769281387329,32.0,2.0,4.0
40,20,AXIS_ONLY,75,1.6955801464486058,1.717018741668373,1.5272447774032756,1.9212902742166307,40000.0,1.0197268079991773,114.0,2.0,3.0
40,20,DIM_ADAPTIVE,75,1.9496849827603453,1.9583434976126037,1.81872883709795,2.111847696709958,40000.0,1.0148675440013903,93.0,1.0,4.0
40,20,FIXED8_UNIQUE,75,1.6833936030328118,1.656985039814317,1.488597426998865,1.838786347108069,40000.0,1.01992867700028,107.0,1.0,2.0
40,20,HISTORICAL,75,1.584637565521973,1.6001088351161297,1.469243727160034,1.7303552405359408,40000.0,1.311389446258545,124.0,1.0,1.0
40,21,AXIS_ONLY,75,12.196386983603418,21.051237592017838,4.71613060845257,34.11281049079528,40000.0,0.999994259000232,181.0,0.0,2.0
40,21,DIM_ADAPTIVE,75,14.96462026511648,22.933113767257478,4.714274552130069,38.55420043673509,40000.0,1.0075092330007465,124.0,0.0,4.0
40,21,FIXED8_UNIQUE,75,12.197606228305972,20.67806283781001,4.178687266915626,34.11363941937378,40000.0,1.0089095109997288,164.0,0.0,3.0
40,21,HISTORICAL,75,12.19444192795163,19.59706841288503,2.551250247613286,34.11136217362063,40000.0,1.3165597915649414,161.0,0.0,1.0
40,22,AXIS_ONLY,75,7.273426229975527,13.926634735303475,1.9555783573274539,21.783606616989225,40000.0,0.9457124180007668,190.0,0.0,2.0
40,22,DIM_ADAPTIVE,75,7.27257758136777,17.859633456403326,1.9555972153600576,27.781544426208526,40000.0,0.949657410999862,124.0,0.0,1.0
40,22,FIXED8_UNIQUE,75,8.744212579131187,14.904544347203647,1.9555899859302028,21.783754570157967,40000.0,0.9532594569991488,171.0,0.0,4.0
40,22,HISTORICAL,75,7.274240587892223,14.65964113975731,1.9555161931256182,21.781277155376237,40000.0,1.2609128952026367,166.0,0.0,3.0
40,23,AXIS_ONLY,75,3.0579300341062776,3.2732950246849195,2.212596362312201,3.9936516415332903,40000.0,1.481984136000392,27.0,2.0,3.0
40,23,DIM_ADAPTIVE,75,3.2737597389701136,3.738020944473641,2.570357042836193,4.778585981373122,40000.0,1.4828523099986342,18.0,1.0,4.0
40,23,FIXED8_UNIQUE,75,2.9623268725733567,3.461824392713169,2.3539696312867844,4.246594403017447,40000.0,1.4826059339993662,26.0,2.0,2.0
40,23,HISTORICAL,75,2.755122862475502,3.336257779763695,2.1276451005069106,3.830644065458855,40000.0,1.7599427700042725,28.0,2.0,1.0
40,24,AXIS_ONLY,75,1421.9607477002526,1430.4973072382154,1295.6492464332066,1496.7620269067847,40000.0,1.012620863999473,82.0,2.0,1.0
40,24,DIM_ADAPTIVE,75,1465.3185576445262,1638.9778981852107,1311.144608101218,1696.4520945539352,40000.0,1.0127828000004229,61.0,1.0,4.0
40,24,FIXED8_UNIQUE,75,1423.987088263782,1516.3871390501658,1241.5136823657153,1543.259524283737,40000.0,1.011742732998755,84.0,1.0,2.0
40,24,HISTORICAL,75,1462.2276097192257,1527.0905021063077,1248.8378609910278,1573.5620827813773,40000.0,1.260620355606079,72.0,1.0,3.0
