protocol_version,function_id,category,dimension,run_id,noise_eta,noise_seed,noise_scale_Sf,noise_sigma,FE_budget,fe_used,best_noisy_f_reported,true_final_f,f_opt,true_final_error,n_accept,n_reloc,wall_time_sec,status
R5-C8-noise-v1.0,1,Unimodal,30,0,0.0,8010000,19311041868.125267,0.0,300000,300000,2364425.602610498,2364425.602610498,100.0,2364325.602610498,1786,2,8.381242036819458,ok
R5-C8-noise-v1.0,1,Unimodal,30,0,0.0001,8010000,19311041868.125267,1931104.1868125268,300000,300000,17831302.767484147,22023406.423528954,100.0,22023306.423528954,868,14,7.746433258056641,ok
R5-C8-noise-v1.0,1,Unimodal,30,0,0.001,8010000,19311041868.125267,19311041.868125267,300000,300000,234580752.62048417,272115614.62258625,100.0,272115514.62258625,607,14,8.298998355865479,ok
R5-C8-noise-v1.0,1,Unimodal,30,0,0.01,8010000,19311041868.125267,193110418.6812527,300000,300000,1272565023.3669949,1850628766.1642492,100.0,1850628666.1642492,409,18,8.768393993377686,ok
R5-C8-noise-v1.0,1,Unimodal,30,1,0.0,8010001,19311041868.125267,0.0,300000,300000,10107340.805521982,10107340.805521982,100.0,10107240.805521982,1606,4,8.200679540634155,ok
R5-C8-noise-v1.0,1,Unimodal,30,1,0.0001,8010001,19311041868.125267,1931104.1868125268,300000,300000,23879649.968989536,30700147.06109001,100.0,30700047.06109001,846,13,7.875215768814087,ok
R5-C8-noise-v1.0,1,Unimodal,30,1,0.001,8010001,19311041868.125267,19311041.868125267,300000,300000,241443938.23692894,290554592.156583,100.0,290554492.156583,707,16,8.850544929504395,ok
R5-C8-noise-v1.0,1,Unimodal,30,1,0.01,8010001,19311041868.125267,193110418.6812527,300000,300000,1218190820.066182,1855908881.9930124,100.0,1855908781.9930124,380,17,9.134104013442993,ok
R5-C8-noise-v1.0,1,Unimodal,30,2,0.0,8010002,19311041868.125267,0.0,300000,300000,8005316.044871672,8005316.044871672,100.0,8005216.044871672,1614,4,8.26566457748413,ok
R5-C8-noise-v1.0,1,Unimodal,30,2,0.0001,8010002,19311041868.125267,1931104.1868125268,300000,300000,25438324.633467346,30098819.678216416,100.0,30098719.678216416,798,14,7.82609486579895,ok
R5-C8-noise-v1.0,1,Unimodal,30,2,0.001,8010002,19311041868.125267,19311041.868125267,300000,300000,124659716.3559457,168921191.91230324,100.0,168921091.91230324,601,14,8.445892810821533,ok
R5-C8-noise-v1.0,1,Unimodal,30,2,0.01,8010002,19311041868.125267,193110418.6812527,300000,300000,2524097522.6499248,2997038134.9785614,100.0,2997038034.9785614,278,17,9.011207342147827,ok
R5-C8-noise-v1.0,1,Unimodal,30,3,0.0,8010003,19311041868.125267,0.0,300000,300000,8469777.34782366,8469777.34782366,100.0,8469677.34782366,1710,3,8.000337600708008,ok
R5-C8-noise-v1.0,1,Unimodal,30,3,0.0001,8010003,19311041868.125267,1931104.1868125268,300000,300000,23871457.66866737,30122605.937578097,100.0,30122505.937578097,798,13,8.890434741973877,ok
R5-C8-noise-v1.0,1,Unimodal,30,3,0.001,8010003,19311041868.125267,19311041.868125267,300000,300000,139548527.81687748,202276297.34250224,100.0,202276197.34250224,621,14,9.001492738723755,ok
R5-C8-noise-v1.0,1,Unimodal,30,3,0.01,8010003,19311041868.125267,193110418.6812527,300000,300000,2352709717.432962,2853349003.454789,100.0,2853348903.454789,410,18,8.659808874130249,ok
R5-C8-noise-v1.0,1,Unimodal,30,4,0.0,8010004,19311041868.125267,0.0,300000,300000,4363305.758640867,4363305.758640867,100.0,4363205.758640867,1594,5,7.75252628326416,ok
R5-C8-noise-v1.0,1,Unimodal,30,4,0.0001,8010004,19311041868.125267,1931104.1868125268,300000,300000,30626034.218260597,36021430.072330594,100.0,36021330.072330594,725,13,8.469699144363403,ok
R5-C8-noise-v1.0,1,Unimodal,30,4,0.001,8010004,19311041868.125267,19311041.868125267,300000,300000,131271262.70759284,187739118.16060084,100.0,187739018.16060084,628,16,8.262034893035889,ok
R5-C8-noise-v1.0,1,Unimodal,30,4,0.01,8010004,19311041868.125267,193110418.6812527,300000,300000,969864331.7908638,1484840711.8129547,100.0,1484840611.8129547,374,16,8.530813694000244,ok
R5-C8-noise-v1.0,2,Unimodal,30,0,0.0,8020000,82380372351.79697,0.0,300000,300000,415709.9239429937,415709.9239429937,200.0,415509.9239429937,1452,4,6.630734920501709,ok
R5-C8-noise-v1.0,2,Unimodal,30,0,0.0001,8020000,82380372351.79697,8238037.235179697,300000,300000,15264445.940401133,34184825.62926248,200.0,34184625.62926248,786,14,7.565337181091309,ok
R5-C8-noise-v1.0,2,Unimodal,30,0,0.001,8020000,82380372351.79697,82380372.35179697,300000,300000,-122362540.42631277,150142872.57867292,200.0,150142672.57867292,799,16,7.246196985244751,ok
R5-C8-noise-v1.0,2,Unimodal,30,0,0.01,8020000,82380372351.79697,823803723.5179697,300000,300000,-344570502.7045989,2380483627.345258,200.0,2380483427.345258,763,16,7.3361430168151855,ok
R5-C8-noise-v1.0,2,Unimodal,30,1,0.0,8020001,82380372351.79697,0.0,300000,300000,461433.26889112906,461433.26889112906,200.0,461233.26889112906,1499,4,6.592043161392212,ok
R5-C8-noise-v1.0,2,Unimodal,30,1,0.0001,8020001,82380372351.79697,8238037.235179697,300000,300000,-8365118.094872203,17641545.8865239,200.0,17641345.8865239,711,12,7.278751850128174,ok
R5-C8-noise-v1.0,2,Unimodal,30,1,0.001,8020001,82380372351.79697,82380372.35179697,300000,300000,-144103413.67056328,104471417.72444591,200.0,104471217.72444591,661,14,7.742985248565674,ok
R5-C8-noise-v1.0,2,Unimodal,30,1,0.01,8020001,82380372351.79697,823803723.5179697,300000,300000,1633772359.997367,3978049084.497203,200.0,3978048884.497203,723,15,7.755167007446289,ok
R5-C8-noise-v1.0,2,Unimodal,30,2,0.0,8020002,82380372351.79697,0.0,300000,300000,543895.192255188,543895.192255188,200.0,543695.192255188,1673,2,7.657876968383789,ok
R5-C8-noise-v1.0,2,Unimodal,30,2,0.0001,8020002,82380372351.79697,8238037.235179697,300000,300000,-62256.52038395777,17091562.54987801,200.0,17091362.54987801,747,13,6.511328458786011,ok
R5-C8-noise-v1.0,2,Unimodal,30,2,0.001,8020002,82380372351.79697,82380372.35179697,300000,300000,-108117751.17327905,132217657.81783879,200.0,132217457.81783879,717,14,7.190294981002808,ok
R5-C8-noise-v1.0,2,Unimodal,30,2,0.01,8020002,82380372351.79697,823803723.5179697,300000,300000,2270661615.5173984,4333301075.7049675,200.0,4333300875.7049675,749,16,7.549566030502319,ok
R5-C8-noise-v1.0,2,Unimodal,30,3,0.0,8020003,82380372351.79697,0.0,300000,300000,1086633.9363546576,1086633.9363546576,200.0,1086433.9363546576,1379,5,7.112674713134766,ok
R5-C8-noise-v1.0,2,Unimodal,30,3,0.0001,8020003,82380372351.79697,8238037.235179697,300000,300000,2945646.073234316,22007123.553904157,200.0,22006923.553904157,738,13,6.859630584716797,ok
R5-C8-noise-v1.0,2,Unimodal,30,3,0.001,8020003,82380372351.79697,82380372.35179697,300000,300000,-77533305.94073027,161628944.74573797,200.0,161628744.74573797,683,13,7.529285192489624,ok
R5-C8-noise-v1.0,2,Unimodal,30,3,0.01,8020003,82380372351.79697,823803723.5179697,300000,300000,2121175814.268877,4412606815.547276,200.0,4412606615.547276,672,13,7.6908698081970215,ok
R5-C8-noise-v1.0,2,Unimodal,30,4,0.0,8020004,82380372351.79697,0.0,300000,300000,839848.9286801919,839848.9286801919,200.0,839648.9286801919,1637,3,7.1353700160980225,ok
R5-C8-noise-v1.0,2,Unimodal,30,4,0.0001,8020004,82380372351.79697,8238037.235179697,300000,300000,-4261872.030799853,11495139.808428308,200.0,11494939.808428308,721,13,6.609953165054321,ok
R5-C8-noise-v1.0,2,Unimodal,30,4,0.001,8020004,82380372351.79697,82380372.35179697,300000,300000,-104901364.55058146,135348272.73492053,200.0,135348072.73492053,684,13,7.472692966461182,ok
R5-C8-noise-v1.0,2,Unimodal,30,4,0.01,8020004,82380372351.79697,823803723.5179697,300000,300000,1606497519.3644042,3840546159.884439,200.0,3840545959.884439,651,13,7.170189380645752,ok
R5-C8-noise-v1.0,3,Unimodal,30,0,0.0,8030000,7812629023.290453,0.0,300000,300000,25550.334699106148,25550.334699106148,300.0,25250.334699106148,1571,4,7.082326650619507,ok
R5-C8-noise-v1.0,3,Unimodal,30,0,0.0001,8030000,7812629023.290453,781262.9023290453,300000,300000,-3128370.9264871515,220937.16133185427,300.0,220637.16133185427,302,18,7.316220760345459,ok
R5-C8-noise-v1.0,3,Unimodal,30,0,0.001,8030000,7812629023.290453,7812629.0232904535,300000,300000,-26429142.72236571,1649038.0657272993,300.0,1648738.0657272993,288,18,6.8754189014434814,ok
R5-C8-noise-v1.0,3,Unimodal,30,0,0.01,8030000,7812629023.290453,78126290.23290454,300000,300000,-254314685.45162076,80616123.33027984,300.0,80615823.33027984,267,18,7.222400426864624,ok
R5-C8-noise-v1.0,3,Unimodal,30,1,0.0,8030001,7812629023.290453,0.0,300000,300000,3795.483312297222,3795.483312297222,300.0,3495.483312297222,1633,3,6.9716572761535645,ok
R5-C8-noise-v1.0,3,Unimodal,30,1,0.0001,8030001,7812629023.290453,781262.9023290453,300000,300000,-2004406.400214516,333496.55616424046,300.0,333196.55616424046,302,17,7.197542190551758,ok
R5-C8-noise-v1.0,3,Unimodal,30,1,0.001,8030001,7812629023.290453,7812629.0232904535,300000,300000,-22891207.05243193,251868.28850528688,300.0,251568.28850528688,296,17,7.175998210906982,ok
R5-C8-noise-v1.0,3,Unimodal,30,1,0.01,8030001,7812629023.290453,78126290.23290454,300000,300000,-221511237.27900764,12279058.35886801,300.0,12278758.35886801,283,17,7.1805336475372314,ok
R5-C8-noise-v1.0,3,Unimodal,30,2,0.0,8030002,7812629023.290453,0.0,300000,300000,6534.947963815302,6534.947963815302,300.0,6234.947963815302,1624,3,6.133023738861084,ok
R5-C8-noise-v1.0,3,Unimodal,30,2,0.0001,8030002,7812629023.290453,781262.9023290453,300000,300000,-1944167.6202099777,229994.48171700706,300.0,229694.48171700706,316,18,7.161806344985962,ok
R5-C8-noise-v1.0,3,Unimodal,30,2,0.001,8030002,7812629023.290453,7812629.0232904535,300000,300000,-21874910.464325696,273664.60027974105,300.0,273364.60027974105,314,18,7.597532272338867,ok
R5-C8-noise-v1.0,3,Unimodal,30,2,0.01,8030002,7812629023.290453,78126290.23290454,300000,300000,-202788820.57504296,60505095.57227578,300.0,60504795.57227578,303,20,7.180678606033325,ok
R5-C8-noise-v1.0,3,Unimodal,30,3,0.0,8030003,7812629023.290453,0.0,300000,300000,31249.974838552032,31249.974838552032,300.0,30949.974838552032,1608,3,7.164473295211792,ok
R5-C8-noise-v1.0,3,Unimodal,30,3,0.0001,8030003,7812629023.290453,781262.9023290453,300000,300000,-2473718.220272247,169362.58581846926,300.0,169062.58581846926,269,17,7.209789037704468,ok
R5-C8-noise-v1.0,3,Unimodal,30,3,0.001,8030003,7812629023.290453,7812629.0232904535,300000,300000,-23926547.966221564,2504260.094685598,300.0,2503960.094685598,261,17,7.510559797286987,ok
R5-C8-noise-v1.0,3,Unimodal,30,3,0.01,8030003,7812629023.290453,78126290.23290454,300000,300000,-191028427.32415238,18928245.54346243,300.0,18927945.54346243,251,17,7.1771204471588135,ok
R5-C8-noise-v1.0,3,Unimodal,30,4,0.0,8030004,7812629023.290453,0.0,300000,300000,1343.581702961047,1343.581702961047,300.0,1043.581702961047,1513,4,7.021892786026001,ok
R5-C8-noise-v1.0,3,Unimodal,30,4,0.0001,8030004,7812629023.290453,781262.9023290453,300000,300000,-2330341.1080900505,423280.7550689824,300.0,422980.7550689824,292,18,6.6844987869262695,ok
R5-C8-noise-v1.0,3,Unimodal,30,4,0.001,8030004,7812629023.290453,7812629.0232904535,300000,300000,-26878043.132673576,658175.4989167529,300.0,657875.4989167529,284,18,7.199668884277344,ok
R5-C8-noise-v1.0,3,Unimodal,30,4,0.01,8030004,7812629023.290453,78126290.23290454,300000,300000,-249309582.42560422,26052603.890299086,300.0,26052303.890299086,272,20,7.1294190883636475,ok
R5-C8-noise-v1.0,4,Multimodal,30,0,0.0,8040000,95873.6567791026,0.0,300000,300000,472.15891347414106,472.15891347414106,400.0,72.15891347414106,1445,8,8.339734554290771,ok
R5-C8-noise-v1.0,4,Multimodal,30,0,0.0001,8040000,95873.6567791026,9.587365677910261,300000,300000,496.0922543375491,516.0594710628615,400.0,116.05947106286146,755,15,7.817846059799194,ok
R5-C8-noise-v1.0,4,Multimodal,30,0,0.001,8040000,95873.6567791026,95.8736567791026,300000,300000,868.5634282609885,1085.4867916612202,400.0,685.4867916612202,690,15,8.429348230361938,ok
R5-C8-noise-v1.0,4,Multimodal,30,0,0.01,8040000,95873.6567791026,958.736567791026,300000,300000,5721.134317583622,7972.843322995959,400.0,7572.843322995959,542,19,8.478383302688599,ok
R5-C8-noise-v1.0,4,Multimodal,30,1,0.0,8040001,95873.6567791026,0.0,300000,300000,473.28663969791734,473.28663969791734,400.0,73.28663969791734,1263,10,8.394083023071289,ok
R5-C8-noise-v1.0,4,Multimodal,30,1,0.0001,8040001,95873.6567791026,9.587365677910261,300000,300000,486.247687804349,514.2748078980962,400.0,114.27480789809624,787,15,8.108421564102173,ok
R5-C8-noise-v1.0,4,Multimodal,30,1,0.001,8040001,95873.6567791026,95.8736567791026,300000,300000,732.9673217676512,1100.8482366644707,400.0,700.8482366644707,734,16,8.43920373916626,ok
R5-C8-noise-v1.0,4,Multimodal,30,1,0.01,8040001,95873.6567791026,958.736567791026,300000,300000,11360.173984854979,13161.390464954637,400.0,12761.390464954637,586,16,9.031115770339966,ok
R5-C8-noise-v1.0,4,Multimodal,30,2,0.0,8040002,95873.6567791026,0.0,300000,300000,406.1560677370381,406.1560677370381,400.0,6.156067737038086,1479,6,8.71453309059143,ok
R5-C8-noise-v1.0,4,Multimodal,30,2,0.0001,8040002,95873.6567791026,9.587365677910261,300000,300000,490.0427542409067,515.8196431133493,400.0,115.81964311334934,741,14,7.963544130325317,ok
R5-C8-noise-v1.0,4,Multimodal,30,2,0.001,8040002,95873.6567791026,95.8736567791026,300000,300000,966.6980619918323,1191.1918803906701,400.0,791.1918803906701,695,14,8.911396503448486,ok
R5-C8-noise-v1.0,4,Multimodal,30,2,0.01,8040002,95873.6567791026,958.736567791026,300000,300000,10925.58140607437,13634.649387128535,400.0,13234.649387128535,476,14,8.44642949104309,ok
R5-C8-noise-v1.0,4,Multimodal,30,3,0.0,8040003,95873.6567791026,0.0,300000,300000,473.214024534934,473.214024534934,400.0,73.21402453493403,1508,6,7.926647186279297,ok
R5-C8-noise-v1.0,4,Multimodal,30,3,0.0001,8040003,95873.6567791026,9.587365677910261,300000,300000,507.03814719295286,532.6661795119136,400.0,132.66617951191358,664,12,8.510103940963745,ok
R5-C8-noise-v1.0,4,Multimodal,30,3,0.001,8040003,95873.6567791026,95.8736567791026,300000,300000,806.8144905057327,1107.8171226123734,400.0,707.8171226123734,647,13,8.484947919845581,ok
R5-C8-noise-v1.0,4,Multimodal,30,3,0.01,8040003,95873.6567791026,958.736567791026,300000,300000,4896.510984042176,7664.440393489274,400.0,7264.440393489274,564,17,9.380150318145752,ok
R5-C8-noise-v1.0,4,Multimodal,30,4,0.0,8040004,95873.6567791026,0.0,300000,300000,472.8435325276643,472.8435325276643,400.0,72.84353252766431,1388,9,8.408686637878418,ok
R5-C8-noise-v1.0,4,Multimodal,30,4,0.0001,8040004,95873.6567791026,9.587365677910261,300000,300000,528.1150806352258,556.5933041604749,400.0,156.59330416047487,657,13,8.807001113891602,ok
R5-C8-noise-v1.0,4,Multimodal,30,4,0.001,8040004,95873.6567791026,95.8736567791026,300000,300000,786.2380352695134,1060.4559523851194,400.0,660.4559523851194,712,16,8.69790244102478,ok
R5-C8-noise-v1.0,4,Multimodal,30,4,0.01,8040004,95873.6567791026,958.736567791026,300000,300000,12813.690390035536,15039.95752610737,400.0,14639.95752610737,526,20,8.537098407745361,ok
R5-C8-noise-v1.0,8,Multimodal,30,0,0.0,8080000,144.4430936255476,0.0,300000,300000,1085.2779638994355,1085.2779638994355,800.0,285.27796389943546,858,17,7.356672525405884,ok
R5-C8-noise-v1.0,8,Multimodal,30,0,0.0001,8080000,144.4430936255476,0.01444430936255476,300000,300000,1065.4388100709389,1065.4746038785884,800.0,265.47460387858837,309,15,8.105944395065308,ok
R5-C8-noise-v1.0,8,Multimodal,30,0,0.001,8080000,144.4430936255476,0.14444309362554758,300000,300000,1071.018166926044,1071.3642068886932,800.0,271.36420688869316,322,15,8.149744510650635,ok
R5-C8-noise-v1.0,8,Multimodal,30,0,0.01,8080000,144.4430936255476,1.444430936255476,300000,300000,1066.424621869682,1070.0040026346342,800.0,270.00400263463416,354,15,8.920196056365967,ok
R5-C8-noise-v1.0,8,Multimodal,30,1,0.0,8080001,144.4430936255476,0.0,300000,300000,1096.7495997895637,1096.7495997895637,800.0,296.7495997895637,827,17,7.411752462387085,ok
R5-C8-noise-v1.0,8,Multimodal,30,1,0.0001,8080001,144.4430936255476,0.01444430936255476,300000,300000,1096.6647435369925,1096.6991819208915,800.0,296.69918192089153,335,16,8.11612844467163,ok
R5-C8-noise-v1.0,8,Multimodal,30,1,0.001,8080001,144.4430936255476,0.14444309362554758,300000,300000,1113.2554943805126,1113.6567669862188,800.0,313.6567669862188,323,17,8.106273651123047,ok
R5-C8-noise-v1.0,8,Multimodal,30,1,0.01,8080001,144.4430936255476,1.444430936255476,300000,300000,1132.9847437827107,1137.3564971920978,800.0,337.3564971920978,375,16,8.800852298736572,ok
R5-C8-noise-v1.0,8,Multimodal,30,2,0.0,8080002,144.4430936255476,0.0,300000,300000,1088.5897616829075,1088.5897616829075,800.0,288.58976168290747,638,20,7.62642240524292,ok
R5-C8-noise-v1.0,8,Multimodal,30,2,0.0001,8080002,144.4430936255476,0.01444430936255476,300000,300000,1088.6396795182898,1088.6697989534357,800.0,288.6697989534357,364,17,8.134709596633911,ok
R5-C8-noise-v1.0,8,Multimodal,30,2,0.001,8080002,144.4430936255476,0.14444309362554758,300000,300000,1072.7620551361824,1073.0632494876413,800.0,273.0632494876413,351,16,8.298717260360718,ok
R5-C8-noise-v1.0,8,Multimodal,30,2,0.01,8080002,144.4430936255476,1.444430936255476,300000,300000,1063.9609501312113,1067.5814346783636,800.0,267.5814346783636,392,19,7.634042739868164,ok
R5-C8-noise-v1.0,8,Multimodal,30,3,0.0,8080003,144.4430936255476,0.0,300000,300000,1081.3200413840952,1081.3200413840952,800.0,281.32004138409525,731,19,8.19781756401062,ok
R5-C8-noise-v1.0,8,Multimodal,30,3,0.0001,8080003,144.4430936255476,0.01444430936255476,300000,300000,1113.0820916583998,1113.1203954037364,800.0,313.12039540373644,339,16,8.134766101837158,ok
R5-C8-noise-v1.0,8,Multimodal,30,3,0.001,8080003,144.4430936255476,0.14444309362554758,300000,300000,1080.8114304557093,1081.0227083002167,800.0,281.02270830021666,364,18,8.143238067626953,ok
R5-C8-noise-v1.0,8,Multimodal,30,3,0.01,8080003,144.4430936255476,1.444430936255476,300000,300000,1117.3899072292159,1121.2202817628772,800.0,321.2202817628772,395,16,7.638067960739136,ok
R5-C8-noise-v1.0,8,Multimodal,30,4,0.0,8080004,144.4430936255476,0.0,300000,300000,1078.090002176879,1078.090002176879,800.0,278.0900021768789,777,19,8.233393430709839,ok
R5-C8-noise-v1.0,8,Multimodal,30,4,0.0001,8080004,144.4430936255476,0.01444430936255476,300000,300000,1083.329188024378,1083.3677772068595,800.0,283.3677772068595,359,16,8.579747200012207,ok
R5-C8-noise-v1.0,8,Multimodal,30,4,0.001,8080004,144.4430936255476,0.14444309362554758,300000,300000,1067.2909462530831,1067.823301789662,800.0,267.8233017896621,350,18,8.22078537940979,ok
R5-C8-noise-v1.0,8,Multimodal,30,4,0.01,8080004,144.4430936255476,1.444430936255476,300000,300000,1063.2773705075788,1066.6729612154854,800.0,266.67296121548543,356,17,7.727736711502075,ok
R5-C8-noise-v1.0,12,Multimodal,30,0,0.0,8120000,6.111239958093847,0.0,300000,300000,1200.9416979033524,1200.9416979033524,1200.0,0.9416979033524058,262,20,568.9738159179688,ok
R5-C8-noise-v1.0,12,Multimodal,30,0,0.0001,8120000,6.111239958093847,0.0006111239958093848,300000,300000,1200.8759419398596,1200.8773016546572,1200.0,0.8773016546572308,240,16,567.3589730262756,ok
R5-C8-noise-v1.0,12,Multimodal,30,0,0.001,8120000,6.111239958093847,0.006111239958093847,300000,300000,1201.0556253681573,1201.0710453564466,1200.0,1.0710453564465752,237,16,560.7935144901276,ok
R5-C8-noise-v1.0,12,Multimodal,30,0,0.01,8120000,6.111239958093847,0.061112399580938476,300000,300000,1200.8287932165595,1201.0218836853653,1200.0,1.0218836853653102,271,18,566.2662408351898,ok
R5-C8-noise-v1.0,12,Multimodal,30,1,0.0,8120001,6.111239958093847,0.0,300000,300000,1200.8774454165414,1200.8774454165414,1200.0,0.8774454165413772,236,20,562.1718456745148,ok
R5-C8-noise-v1.0,12,Multimodal,30,1,0.0001,8120001,6.111239958093847,0.0006111239958093848,300000,300000,1200.7134250851868,1200.715547616765,1200.0,0.7155476167649795,211,15,569.4492621421814,ok
R5-C8-noise-v1.0,12,Multimodal,30,1,0.001,8120001,6.111239958093847,0.006111239958093847,300000,300000,1200.6908539307813,1200.7089443369862,1200.0,0.7089443369861783,216,15,579.2666912078857,ok
R5-C8-noise-v1.0,12,Multimodal,30,1,0.01,8120001,6.111239958093847,0.061112399580938476,300000,300000,1200.4427886348333,1200.6236926968816,1200.0,0.6236926968815624,242,16,578.5280871391296,ok
R5-C8-noise-v1.0,12,Multimodal,30,2,0.0,8120002,6.111239958093847,0.0,300000,300000,1200.9222150072408,1200.9222150072408,1200.0,0.9222150072407658,333,20,596.4821758270264,ok
R5-C8-noise-v1.0,12,Multimodal,30,2,0.0001,8120002,6.111239958093847,0.0006111239958093848,300000,300000,1200.8495600556405,1200.8515333984944,1200.0,0.8515333984944391,250,17,589.9067301750183,ok
R5-C8-noise-v1.0,12,Multimodal,30,2,0.001,8120002,6.111239958093847,0.006111239958093847,300000,300000,1200.5786834352277,1200.5947568206955,1200.0,0.5947568206954656,264,16,585.9037473201752,ok
R5-C8-noise-v1.0,12,Multimodal,30,2,0.01,8120002,6.111239958093847,0.061112399580938476,300000,300000,1200.5049120121462,1200.6838993357646,1200.0,0.6838993357646359,254,19,574.1911351680756,ok
R5-C8-noise-v1.0,12,Multimodal,30,3,0.0,8120003,6.111239958093847,0.0,300000,300000,1200.8172329615704,1200.8172329615704,1200.0,0.8172329615704257,260,20,568.846364736557,ok
R5-C8-noise-v1.0,12,Multimodal,30,3,0.0001,8120003,6.111239958093847,0.0006111239958093848,300000,300000,1200.722672105834,1200.7245632701786,1200.0,0.724563270178578,252,18,587.2073826789856,ok
R5-C8-noise-v1.0,12,Multimodal,30,3,0.001,8120003,6.111239958093847,0.006111239958093847,300000,300000,1200.6647966911648,1200.6829739619614,1200.0,0.682973961961352,279,17,587.1517648696899,ok
R5-C8-noise-v1.0,12,Multimodal,30,3,0.01,8120003,6.111239958093847,0.061112399580938476,300000,300000,1200.7723919396446,1200.9368984698804,1200.0,0.9368984698803615,267,17,585.7069990634918,ok
R5-C8-noise-v1.0,12,Multimodal,30,4,0.0,8120004,6.111239958093847,0.0,300000,300000,1201.0744992348941,1201.0744992348941,1200.0,1.0744992348941196,255,20,582.3083829879761,ok
R5-C8-noise-v1.0,12,Multimodal,30,4,0.0001,8120004,6.111239958093847,0.0006111239958093848,300000,300000,1200.4455072128624,1200.4474248607014,1200.0,0.4474248607014033,271,16,571.3361251354218,ok
R5-C8-noise-v1.0,12,Multimodal,30,4,0.001,8120004,6.111239958093847,0.006111239958093847,300000,300000,1200.6525684333676,1200.6663423636637,1200.0,0.6663423636637162,226,15,583.8210415840149,ok
R5-C8-noise-v1.0,12,Multimodal,30,4,0.01,8120004,6.111239958093847,0.061112399580938476,300000,300000,1201.0098245072372,1201.1530049987211,1200.0,1.1530049987211441,225,15,586.4151623249054,ok
R5-C8-noise-v1.0,17,Hybrid,30,0,0.0,8170000,14770757354.172186,0.0,300000,300000,87556.28483546614,87556.28483546614,1700.0,85856.28483546614,1505,6,18.15989089012146,ok
R5-C8-noise-v1.0,17,Hybrid,30,0,0.0001,8170000,14770757354.172186,1477075.7354172186,300000,300000,7106883.4218197,11162188.80401172,1700.0,11160488.80401172,684,14,18.260864973068237,ok
R5-C8-noise-v1.0,17,Hybrid,30,0,0.001,8170000,14770757354.172186,14770757.354172187,300000,300000,40326970.01695377,88134075.58521226,1700.0,88132375.58521226,505,18,17.561448097229004,ok
R5-C8-noise-v1.0,17,Hybrid,30,0,0.01,8170000,14770757354.172186,147707573.54172185,300000,300000,49881544.53928131,468378803.76217973,1700.0,468377103.76217973,217,18,17.140678644180298,ok
R5-C8-noise-v1.0,17,Hybrid,30,1,0.0,8170001,14770757354.172186,0.0,300000,300000,254627.7848498091,254627.7848498091,1700.0,252927.7848498091,1495,6,18.031374216079712,ok
R5-C8-noise-v1.0,17,Hybrid,30,1,0.0001,8170001,14770757354.172186,1477075.7354172186,300000,300000,-1845443.5746137435,3257020.3319887454,1700.0,3255320.3319887454,673,14,16.862171411514282,ok
R5-C8-noise-v1.0,17,Hybrid,30,1,0.001,8170001,14770757354.172186,14770757.354172187,300000,300000,66130086.421407044,100782642.6137106,1700.0,100780942.6137106,464,15,18.007413625717163,ok
R5-C8-noise-v1.0,17,Hybrid,30,1,0.01,8170001,14770757354.172186,147707573.54172185,300000,300000,-98997173.31408456,206718821.53212318,1700.0,206717121.53212318,289,19,17.829097986221313,ok
R5-C8-noise-v1.0,17,Hybrid,30,2,0.0,8170002,14770757354.172186,0.0,300000,300000,289576.53429480374,289576.53429480374,1700.0,287876.53429480374,1680,4,17.182955265045166,ok
R5-C8-noise-v1.0,17,Hybrid,30,2,0.0001,8170002,14770757354.172186,1477075.7354172186,300000,300000,3398114.703089161,6065395.042668377,1700.0,6063695.042668377,584,13,16.72265386581421,ok
R5-C8-noise-v1.0,17,Hybrid,30,2,0.001,8170002,14770757354.172186,14770757.354172187,300000,300000,16899879.49820479,43764710.285122655,1700.0,43763010.285122655,565,18,17.34450912475586,ok
R5-C8-noise-v1.0,17,Hybrid,30,2,0.01,8170002,14770757354.172186,147707573.54172185,300000,300000,423158767.04875416,668905029.5351932,1700.0,668903329.5351932,339,18,17.634700775146484,ok
R5-C8-noise-v1.0,17,Hybrid,30,3,0.0,8170003,14770757354.172186,0.0,300000,300000,167476.72086009933,167476.72086009933,1700.0,165776.72086009933,1500,7,16.920565366744995,ok
R5-C8-noise-v1.0,17,Hybrid,30,3,0.0001,8170003,14770757354.172186,1477075.7354172186,300000,300000,6305077.791762878,9117124.773174249,1700.0,9115424.773174249,692,16,18.29796051979065,ok
R5-C8-noise-v1.0,17,Hybrid,30,3,0.001,8170003,14770757354.172186,14770757.354172187,300000,300000,49536520.25327096,83587377.61099431,1700.0,83585677.61099431,491,17,17.734006643295288,ok
R5-C8-noise-v1.0,17,Hybrid,30,3,0.01,8170003,14770757354.172186,147707573.54172185,300000,300000,81074039.60607636,547775868.1206368,1700.0,547774168.1206368,271,19,17.70890212059021,ok
R5-C8-noise-v1.0,17,Hybrid,30,4,0.0,8170004,14770757354.172186,0.0,300000,300000,110172.58386238082,110172.58386238082,1700.0,108472.58386238082,1564,4,17.690587043762207,ok
R5-C8-noise-v1.0,17,Hybrid,30,4,0.0001,8170004,14770757354.172186,1477075.7354172186,300000,300000,3793811.6440375373,8103886.374684451,1700.0,8102186.374684451,668,14,17.367002964019775,ok
R5-C8-noise-v1.0,17,Hybrid,30,4,0.001,8170004,14770757354.172186,14770757.354172187,300000,300000,9222611.940625325,52448350.94246276,1700.0,52446650.94246276,552,17,17.340789794921875,ok
R5-C8-noise-v1.0,17,Hybrid,30,4,0.01,8170004,14770757354.172186,147707573.54172185,300000,300000,353631166.55346173,729951982.662817,1700.0,729950282.662817,303,20,17.590680599212646,ok
R5-C8-noise-v1.0,20,Hybrid,30,0,0.0,8200000,1.7060306317067241e+19,0.0,300000,300000,18015.10720856422,18015.10720856422,2000.0,16015.107208564219,1415,7,13.963158369064331,ok
R5-C8-noise-v1.0,20,Hybrid,30,0,0.0001,8200000,1.7060306317067241e+19,1706030631706724.2,300000,300000,-4419213636601376.5,182552945401954.62,2000.0,182552945399954.62,479,20,14.266305923461914,ok
R5-C8-noise-v1.0,20,Hybrid,30,0,0.001,8200000,1.7060306317067241e+19,1.7060306317067242e+16,300000,300000,-4.583511235041762e+16,182553469615698.72,2000.0,182553469613698.72,343,20,13.566588640213013,ok
R5-C8-noise-v1.0,20,Hybrid,30,0,0.01,8200000,1.7060306317067241e+19,1.7060306317067242e+17,300000,300000,-4.599941091558583e+17,182549044474823.53,2000.0,182549044472823.53,217,20,14.3920259475708,ok
R5-C8-noise-v1.0,20,Hybrid,30,1,0.0,8200001,1.7060306317067241e+19,0.0,300000,300000,29893.585216080428,29893.585216080428,2000.0,27893.585216080428,1464,6,13.535627603530884,ok
R5-C8-noise-v1.0,20,Hybrid,30,1,0.0001,8200001,1.7060306317067241e+19,1706030631706724.2,300000,300000,-1198567995207529.5,2827487737185283.5,2000.0,2827487737183283.5,460,17,14.814795732498169,ok
R5-C8-noise-v1.0,20,Hybrid,30,1,0.001,8200001,1.7060306317067241e+19,1.7060306317067242e+16,300000,300000,-6921300657875120.0,3.8949928421233736e+16,2000.0,3.8949928421231736e+16,357,17,14.004571437835693,ok
R5-C8-noise-v1.0,20,Hybrid,30,1,0.01,8200001,1.7060306317067241e+19,1.7060306317067242e+17,300000,300000,-4.836758876336253e+17,6.0407477364521624e+16,2000.0,6.0407477364519624e+16,218,18,13.954920053482056,ok
R5-C8-noise-v1.0,20,Hybrid,30,2,0.0,8200002,1.7060306317067241e+19,0.0,300000,300000,40223.18283063943,40223.18283063943,2000.0,38223.18283063943,1633,4,13.672915935516357,ok
R5-C8-noise-v1.0,20,Hybrid,30,2,0.0001,8200002,1.7060306317067241e+19,1706030631706724.2,300000,300000,-3010319006892590.5,1533198844282146.5,2000.0,1533198844280146.5,519,18,14.141533851623535,ok
R5-C8-noise-v1.0,20,Hybrid,30,2,0.001,8200002,1.7060306317067241e+19,1.7060306317067242e+16,300000,300000,-3355257133412432.0,4.300390423638814e+16,2000.0,4.300390423638614e+16,443,18,13.732686996459961,ok
R5-C8-noise-v1.0,20,Hybrid,30,2,0.01,8200002,1.7060306317067241e+19,1.7060306317067242e+17,300000,300000,-5.5331745314749606e+17,4434286497805888.5,2000.0,4434286497803888.5,232,20,13.986345291137695,ok
R5-C8-noise-v1.0,20,Hybrid,30,3,0.0,8200003,1.7060306317067241e+19,0.0,300000,300000,34639.53830930045,34639.53830930045,2000.0,32639.53830930045,1484,6,14.09688138961792,ok
R5-C8-noise-v1.0,20,Hybrid,30,3,0.0001,8200003,1.7060306317067241e+19,1706030631706724.2,300000,300000,-248744215017603.0,6476052584296711.0,2000.0,6476052584294711.0,400,14,13.685164451599121,ok
R5-C8-noise-v1.0,20,Hybrid,30,3,0.001,8200003,1.7060306317067241e+19,1.7060306317067242e+16,300000,300000,-3.465016310432244e+16,1.7649945083203126e+16,2000.0,1.7649945083201126e+16,347,15,14.301966190338135,ok
R5-C8-noise-v1.0,20,Hybrid,30,3,0.01,8200003,1.7060306317067241e+19,1.7060306317067242e+17,300000,300000,-4.209830977462035e+17,3.5767880449347508e+16,2000.0,3.5767880449345508e+16,221,18,13.35304307937622,ok
R5-C8-noise-v1.0,20,Hybrid,30,4,0.0,8200004,1.7060306317067241e+19,0.0,300000,300000,40884.317382554334,40884.317382554334,2000.0,38884.317382554334,1412,6,14.024876117706299,ok
R5-C8-noise-v1.0,20,Hybrid,30,4,0.0001,8200004,1.7060306317067241e+19,1706030631706724.2,300000,300000,-2682929168259657.0,2002973136465986.2,2000.0,2002973136463986.2,414,15,14.374783039093018,ok
R5-C8-noise-v1.0,20,Hybrid,30,4,0.001,8200004,1.7060306317067241e+19,1.7060306317067242e+16,300000,300000,-6552821343650504.0,5.6249216785643304e+16,2000.0,5.6249216785641304e+16,317,15,13.420752048492432,ok
R5-C8-noise-v1.0,20,Hybrid,30,4,0.01,8200004,1.7060306317067241e+19,1.7060306317067242e+17,300000,300000,-3.7068580338124256e+17,8.130593133427954e+16,2000.0,8.130593133427754e+16,209,17,14.040790796279907,ok
R5-C8-noise-v1.0,22,Hybrid,30,0,0.0,8220000,3.9803360880615634e+18,0.0,300000,300000,2850.962034051722,2850.962034051722,2200.0,650.9620340517222,1096,13,79.92831707000732,ok
R5-C8-noise-v1.0,22,Hybrid,30,0,0.0001,8220000,3.9803360880615634e+18,398033608806156.4,300000,300000,-629354134721402.2,736206919663601.2,2200.0,736206919661401.2,331,17,83.69632339477539,ok
R5-C8-noise-v1.0,22,Hybrid,30,0,0.001,8220000,3.9803360880615634e+18,3980336088061563.5,300000,300000,-1.2880413785619898e+16,775196758230135.9,2200.0,775196758227935.9,270,17,78.11454153060913,ok
R5-C8-noise-v1.0,22,Hybrid,30,0,0.01,8220000,3.9803360880615634e+18,3.980336088061563e+16,300000,300000,-1.3577876969063302e+17,777335747867318.9,2200.0,777335747865118.9,171,17,82.68754458427429,ok
R5-C8-noise-v1.0,22,Hybrid,30,1,0.0,8220001,3.9803360880615634e+18,0.0,300000,300000,2786.840993750098,2786.840993750098,2200.0,586.8409937500978,1138,12,80.30201077461243,ok
R5-C8-noise-v1.0,22,Hybrid,30,1,0.0001,8220001,3.9803360880615634e+18,398033608806156.4,300000,300000,-558555424232138.75,626028146237395.0,2200.0,626028146235195.0,362,20,82.80657696723938,ok
R5-C8-noise-v1.0,22,Hybrid,30,1,0.001,8220001,3.9803360880615634e+18,3980336088061563.5,300000,300000,-9180025669811638.0,586008078398530.2,2200.0,586008078396330.2,264,20,79.88987016677856,ok
R5-C8-noise-v1.0,22,Hybrid,30,1,0.01,8220001,3.9803360880615634e+18,3.980336088061563e+16,300000,300000,-9.923004544772578e+16,7548145380385508.0,2200.0,7548145380383308.0,171,20,81.34431481361389,ok
R5-C8-noise-v1.0,22,Hybrid,30,2,0.0,8220002,3.9803360880615634e+18,0.0,300000,300000,2573.0832023898697,2573.0832023898697,2200.0,373.0832023898697,1155,12,82.36935615539551,ok
R5-C8-noise-v1.0,22,Hybrid,30,2,0.0001,8220002,3.9803360880615634e+18,398033608806156.4,300000,300000,-779733433925547.2,332274750281387.6,2200.0,332274750279187.6,383,18,78.631014585495,ok
R5-C8-noise-v1.0,22,Hybrid,30,2,0.001,8220002,3.9803360880615634e+18,3980336088061563.5,300000,300000,-1.214682855256456e+16,4425829933473.245,2200.0,4425829931273.245,301,19,80.64443874359131,ok
R5-C8-noise-v1.0,22,Hybrid,30,2,0.01,8220002,3.9803360880615634e+18,3.980336088061563e+16,300000,300000,-1.095365048625469e+17,4422171426379827.0,2200.0,4422171426377627.0,159,20,80.27171802520752,ok
R5-C8-noise-v1.0,22,Hybrid,30,3,0.0,8220003,3.9803360880615634e+18,0.0,300000,300000,3719.242145684486,3719.242145684486,2200.0,1519.2421456844859,135,0,80.9488422870636,ok
R5-C8-noise-v1.0,22,Hybrid,30,3,0.0001,8220003,3.9803360880615634e+18,398033608806156.4,300000,300000,-581901086137393.0,668666258649627.2,2200.0,668666258647427.2,354,17,79.33493518829346,ok
R5-C8-noise-v1.0,22,Hybrid,30,3,0.001,8220003,3.9803360880615634e+18,3980336088061563.5,300000,300000,-6364253147056725.0,1540942674814008.2,2200.0,1540942674811808.2,281,17,80.47248959541321,ok
R5-C8-noise-v1.0,22,Hybrid,30,3,0.01,8220003,3.9803360880615634e+18,3.980336088061563e+16,300000,300000,-1.0300500604124952e+17,1.0159155387458146e+16,2200.0,1.0159155387455946e+16,150,18,80.17016935348511,ok
R5-C8-noise-v1.0,22,Hybrid,30,4,0.0,8220004,3.9803360880615634e+18,0.0,300000,300000,2407.518489481388,2407.518489481388,2200.0,207.51848948138786,1240,11,82.59240746498108,ok
R5-C8-noise-v1.0,22,Hybrid,30,4,0.0001,8220004,3.9803360880615634e+18,398033608806156.4,300000,300000,-544760952732209.44,501335197391250.7,2200.0,501335197389050.7,386,17,79.34614324569702,ok
R5-C8-noise-v1.0,22,Hybrid,30,4,0.001,8220004,3.9803360880615634e+18,3980336088061563.5,300000,300000,-6419871708785820.0,3809977999623006.0,2200.0,3809977999620806.0,274,20,78.04279088973999,ok
R5-C8-noise-v1.0,22,Hybrid,30,4,0.01,8220004,3.9803360880615634e+18,3.980336088061563e+16,300000,300000,-7.78245433546308e+16,4.926521997442154e+16,2200.0,4.9265219974419336e+16,138,20,77.02481722831726,ok
R5-C8-noise-v1.0,23,Composition,30,0,0.0,8230000,5678.656225299512,0.0,300000,300000,2522.8769733348836,2522.8769733348836,2300.0,222.8769733348836,1358,6,20.232821464538574,ok
R5-C8-noise-v1.0,23,Composition,30,0,0.0001,8230000,5678.656225299512,0.5678656225299512,300000,300000,2540.995572226575,2542.123702988044,2300.0,242.123702988044,756,14,21.293660402297974,ok
R5-C8-noise-v1.0,23,Composition,30,0,0.001,8230000,5678.656225299512,5.678656225299512,300000,300000,2590.8027075324417,2605.9518989905337,2300.0,305.95189899053366,569,14,20.5397891998291,ok
R5-C8-noise-v1.0,23,Composition,30,0,0.01,8230000,5678.656225299512,56.78656225299512,300000,300000,2882.6172765187866,3031.5913319665738,2300.0,731.5913319665738,509,17,20.22482180595398,ok
R5-C8-noise-v1.0,23,Composition,30,1,0.0,8230001,5678.656225299512,0.0,300000,300000,2522.8618175560246,2522.8618175560246,2300.0,222.86181755602456,1421,6,20.162167072296143,ok
R5-C8-noise-v1.0,23,Composition,30,1,0.0001,8230001,5678.656225299512,0.5678656225299512,300000,300000,2538.8849199768147,2540.2547214240913,2300.0,240.25472142409126,808,14,20.87119698524475,ok
R5-C8-noise-v1.0,23,Composition,30,1,0.001,8230001,5678.656225299512,5.678656225299512,300000,300000,2560.772343914779,2575.4490423556954,2300.0,275.4490423556954,622,15,20.831217050552368,ok
R5-C8-noise-v1.0,23,Composition,30,1,0.01,8230001,5678.656225299512,56.78656225299512,300000,300000,2749.5710062690055,2892.289265895547,2300.0,592.289265895547,427,17,20.605265378952026,ok
R5-C8-noise-v1.0,23,Composition,30,2,0.0,8230002,5678.656225299512,0.0,300000,300000,2522.86048536231,2522.86048536231,2300.0,222.8604853623101,1410,6,20.913249492645264,ok
R5-C8-noise-v1.0,23,Composition,30,2,0.0001,8230002,5678.656225299512,0.5678656225299512,300000,300000,2535.655348530266,2537.074430201428,2300.0,237.07443020142819,775,13,20.699978828430176,ok
R5-C8-noise-v1.0,23,Composition,30,2,0.001,8230002,5678.656225299512,5.678656225299512,300000,300000,2584.1388856998055,2600.4219159047075,2300.0,300.4219159047075,645,16,20.15863800048828,ok
R5-C8-noise-v1.0,23,Composition,30,2,0.01,8230002,5678.656225299512,56.78656225299512,300000,300000,2795.659778050262,2954.544949312502,2300.0,654.544949312502,465,17,20.02808904647827,ok
R5-C8-noise-v1.0,23,Composition,30,3,0.0,8230003,5678.656225299512,0.0,300000,300000,2522.85888278934,2522.85888278934,2300.0,222.85888278934,1304,8,20.120142698287964,ok
R5-C8-noise-v1.0,23,Composition,30,3,0.0001,8230003,5678.656225299512,0.5678656225299512,300000,300000,2526.878900881869,2528.04596530072,2300.0,228.04596530072013,769,15,21.87587308883667,ok
R5-C8-noise-v1.0,23,Composition,30,3,0.001,8230003,5678.656225299512,5.678656225299512,300000,300000,2590.9662146607716,2606.3996487888257,2300.0,306.39964878882574,584,15,21.461313247680664,ok
R5-C8-noise-v1.0,23,Composition,30,3,0.01,8230003,5678.656225299512,56.78656225299512,300000,300000,2663.007924559553,2814.103242223902,2300.0,514.1032422239018,463,15,20.140270709991455,ok
R5-C8-noise-v1.0,23,Composition,30,4,0.0,8230004,5678.656225299512,0.0,300000,300000,2522.859220298219,2522.859220298219,2300.0,222.85922029821904,1329,7,20.19906783103943,ok
R5-C8-noise-v1.0,23,Composition,30,4,0.0001,8230004,5678.656225299512,0.5678656225299512,300000,300000,2532.0585601524995,2533.7053918515994,2300.0,233.70539185159942,774,14,20.0247802734375,ok
R5-C8-noise-v1.0,23,Composition,30,4,0.001,8230004,5678.656225299512,5.678656225299512,300000,300000,2587.6318206280976,2606.691849744297,2300.0,306.6918497442971,620,16,20.232268571853638,ok
R5-C8-noise-v1.0,23,Composition,30,4,0.01,8230004,5678.656225299512,56.78656225299512,300000,300000,2942.401458285794,3104.85576857165,2300.0,804.8557685716501,412,17,20.184005737304688,ok
R5-C8-noise-v1.0,26,Composition,30,0,0.0,8260000,1711.8548974413234,0.0,300000,300000,2800.1886881552464,2800.1886881552464,2600.0,200.18868815524638,1613,4,117.54928469657898,ok
R5-C8-noise-v1.0,26,Composition,30,0,0.0001,8260000,1711.8548974413234,0.17118548974413234,300000,300000,2707.6311160913847,2708.1377429640056,2600.0,108.13774296400561,603,13,117.96587586402893,ok
R5-C8-noise-v1.0,26,Composition,30,0,0.001,8260000,1711.8548974413234,1.7118548974413235,300000,300000,2708.8124272546556,2712.6098379798673,2600.0,112.60983797986728,597,16,118.6559100151062,ok
R5-C8-noise-v1.0,26,Composition,30,0,0.01,8260000,1711.8548974413234,17.118548974413233,300000,300000,2693.0309096176643,2743.894888453858,2600.0,143.89488845385813,366,17,119.94041514396667,ok
R5-C8-noise-v1.0,26,Composition,30,1,0.0,8260001,1711.8548974413234,0.0,300000,300000,2700.6277565239666,2700.6277565239666,2600.0,100.62775652396658,1297,9,117.97521257400513,ok
R5-C8-noise-v1.0,26,Composition,30,1,0.0001,8260001,1711.8548974413234,0.17118548974413234,300000,300000,2705.2664576097386,2705.8436631285213,2600.0,105.84366312852126,713,14,118.27323794364929,ok
R5-C8-noise-v1.0,26,Composition,30,1,0.001,8260001,1711.8548974413234,1.7118548974413235,300000,300000,2801.7827475736162,2806.1693395466036,2600.0,206.16933954660362,589,15,118.69185376167297,ok
R5-C8-noise-v1.0,26,Composition,30,1,0.01,8260001,1711.8548974413234,17.118548974413233,300000,300000,2878.3263724499266,2911.4952112579576,2600.0,311.49521125795764,384,15,118.64438700675964,ok
R5-C8-noise-v1.0,26,Composition,30,2,0.0,8260002,1711.8548974413234,0.0,300000,300000,2800.1882235367307,2800.1882235367307,2600.0,200.18822353673067,1719,3,117.3032112121582,ok
R5-C8-noise-v1.0,26,Composition,30,2,0.0001,8260002,1711.8548974413234,0.17118548974413234,300000,300000,2711.3995546804567,2711.83329235197,2600.0,111.83329235197016,705,15,118.47641015052795,ok
R5-C8-noise-v1.0,26,Composition,30,2,0.001,8260002,1711.8548974413234,1.7118548974413235,300000,300000,2708.5721707725365,2711.898262444941,2600.0,111.89826244494088,598,16,115.97939419746399,ok
R5-C8-noise-v1.0,26,Composition,30,2,0.01,8260002,1711.8548974413234,17.118548974413233,300000,300000,2897.7592673641225,2946.1528878373483,2600.0,346.1528878373483,249,19,112.97766494750977,ok
R5-C8-noise-v1.0,26,Composition,30,3,0.0,8260003,1711.8548974413234,0.0,300000,300000,2800.305733158916,2800.305733158916,2600.0,200.30573315891615,1442,7,112.4601411819458,ok
R5-C8-noise-v1.0,26,Composition,30,3,0.0001,8260003,1711.8548974413234,0.17118548974413234,300000,300000,2801.7567386834935,2802.113002710839,2600.0,202.11300271083883,696,15,113.51813650131226,ok
R5-C8-noise-v1.0,26,Composition,30,3,0.001,8260003,1711.8548974413234,1.7118548974413235,300000,300000,2805.0829704395405,2810.1581033226685,2600.0,210.15810332266847,539,17,114.93885111808777,ok
R5-C8-noise-v1.0,26,Composition,30,3,0.01,8260003,1711.8548974413234,17.118548974413233,300000,300000,2836.492868893132,2883.4826663485437,2600.0,283.4826663485437,377,17,114.00140285491943,ok
R5-C8-noise-v1.0,26,Composition,30,4,0.0,8260004,1711.8548974413234,0.0,300000,300000,2800.0889118172245,2800.0889118172245,2600.0,200.08891181722447,1592,4,112.278892993927,ok
R5-C8-noise-v1.0,26,Composition,30,4,0.0001,8260004,1711.8548974413234,0.17118548974413234,300000,300000,2802.614651865091,2803.0963023403297,2600.0,203.09630234032966,668,15,113.00192642211914,ok
R5-C8-noise-v1.0,26,Composition,30,4,0.001,8260004,1711.8548974413234,1.7118548974413235,300000,300000,2717.7586676740407,2721.24718253237,2600.0,121.24718253237006,521,17,115.13189268112183,ok
R5-C8-noise-v1.0,26,Composition,30,4,0.01,8260004,1711.8548974413234,17.118548974413233,300000,300000,2717.93061968379,2754.396561063179,2600.0,154.39656106317898,388,19,112.84220743179321,ok
R5-C8-noise-v1.0,30,Composition,30,0,0.0,8300000,1.0473717769102148e+18,0.0,300000,300000,20550.848507386447,20550.848507386447,3000.0,17550.848507386447,1499,7,108.2095775604248,ok
R5-C8-noise-v1.0,30,Composition,30,0,0.0001,8300000,1.0473717769102148e+18,104737177691021.48,300000,300000,-211212155359243.7,119917820140111.33,3000.0,119917820137111.33,382,20,109.68937587738037,ok
R5-C8-noise-v1.0,30,Composition,30,0,0.001,8300000,1.0473717769102148e+18,1047371776910214.8,300000,300000,-2679422270898238.5,328036415541144.3,3000.0,328036415538144.3,297,20,109.44494986534119,ok
R5-C8-noise-v1.0,30,Composition,30,0,0.01,8300000,1.0473717769102148e+18,1.0473717769102148e+16,300000,300000,-3.0666400589220504e+16,8331236160593785.0,3000.0,8331236160590785.0,187,20,109.64908123016357,ok
R5-C8-noise-v1.0,30,Composition,30,1,0.0,8300001,1.0473717769102148e+18,0.0,300000,300000,31341.90282563953,31341.90282563953,3000.0,28341.90282563953,1405,9,109.21580791473389,ok
R5-C8-noise-v1.0,30,Composition,30,1,0.0001,8300001,1.0473717769102148e+18,104737177691021.48,300000,300000,-216744925926952.16,80200347038480.1,3000.0,80200347035480.1,283,13,113.88053321838379,ok
R5-C8-noise-v1.0,30,Composition,30,1,0.001,8300001,1.0473717769102148e+18,1047371776910214.8,300000,300000,-1793705021848934.5,616139954117839.9,3000.0,616139954114839.9,232,13,111.45381116867065,ok
R5-C8-noise-v1.0,30,Composition,30,1,0.01,8300001,1.0473717769102148e+18,1.0473717769102148e+16,300000,300000,-3.0768415835045724e+16,216861046412846.47,3000.0,216861046409846.47,195,20,113.73076319694519,ok
R5-C8-noise-v1.0,30,Composition,30,2,0.0,8300002,1.0473717769102148e+18,0.0,300000,300000,35890.809298623135,35890.809298623135,3000.0,32890.809298623135,1432,8,109.84661507606506,ok
R5-C8-noise-v1.0,30,Composition,30,2,0.0001,8300002,1.0473717769102148e+18,104737177691021.48,300000,300000,-196756300251932.25,66429565714655.23,3000.0,66429565711655.23,332,17,112.70336818695068,ok
R5-C8-noise-v1.0,30,Composition,30,2,0.001,8300002,1.0473717769102148e+18,1047371776910214.8,300000,300000,-2662889926346526.0,803449630879820.5,3000.0,803449630876820.5,287,18,115.13019895553589,ok
R5-C8-noise-v1.0,30,Composition,30,2,0.01,8300002,1.0473717769102148e+18,1.0473717769102148e+16,300000,300000,-3.09003486600886e+16,3794813322299065.5,3000.0,3794813322296065.5,190,18,113.15266942977905,ok
R5-C8-noise-v1.0,30,Composition,30,3,0.0,8300003,1.0473717769102148e+18,0.0,300000,300000,29653.501953993768,29653.501953993768,3000.0,26653.501953993768,1496,7,111.91910529136658,ok
R5-C8-noise-v1.0,30,Composition,30,3,0.0001,8300003,1.0473717769102148e+18,104737177691021.48,300000,300000,-251393407452844.5,121249591900384.55,3000.0,121249591897384.55,369,20,110.57020998001099,ok
R5-C8-noise-v1.0,30,Composition,30,3,0.001,8300003,1.0473717769102148e+18,1047371776910214.8,300000,300000,-2850718014813891.5,296551816252185.1,3000.0,296551816249185.1,302,20,110.85347652435303,ok
R5-C8-noise-v1.0,30,Composition,30,3,0.01,8300003,1.0473717769102148e+18,1.0473717769102148e+16,300000,300000,-3.117450597293055e+16,298192337730217.7,3000.0,298192337727217.7,213,20,108.71858310699463,ok
R5-C8-noise-v1.0,30,Composition,30,4,0.0,8300004,1.0473717769102148e+18,0.0,300000,300000,35911.975370956316,35911.975370956316,3000.0,32911.975370956316,1456,7,111.98220634460449,ok
R5-C8-noise-v1.0,30,Composition,30,4,0.0001,8300004,1.0473717769102148e+18,104737177691021.48,300000,300000,-253825693251912.7,100566687039571.48,3000.0,100566687036571.48,365,18,110.92215633392334,ok
R5-C8-noise-v1.0,30,Composition,30,4,0.001,8300004,1.0473717769102148e+18,1047371776910214.8,300000,300000,-2442426852027065.0,1101496950887776.2,3000.0,1101496950884776.2,294,19,112.32991075515747,ok
R5-C8-noise-v1.0,30,Composition,30,4,0.01,8300004,1.0473717769102148e+18,1.0473717769102148e+16,300000,300000,-2.523460334077417e+16,1654575390460652.5,3000.0,1654575390457652.5,218,20,111.69741463661194,ok
