case_id,parameter,level,parameter_value
Delta0_frac__lower,Delta0_frac,lower,0.025
Delta0_frac__upper,Delta0_frac,upper,0.1
baseline,baseline,baseline,
c_minus__stronger_contraction,c_minus,stronger_contraction,0.5856620185738528
c_minus__weaker_contraction,c_minus,weaker_contraction,0.8366600265340756
delta0_frac__lower,delta0_frac,lower,0.0025
delta0_frac__upper,delta0_frac,upper,0.01
gate_stag_scale__lower,gate_stag_scale,lower,40.0
gate_stag_scale__upper,gate_stag_scale,upper,160.0
mem_pull__lower,mem_pull,lower,0.175
mem_pull__upper,mem_pull,upper,0.525
mem_push__lower,mem_push,lower,0.125
mem_push__upper,mem_push,upper,0.375
s0_frac__lower,s0_frac,lower,0.01
s0_frac__upper,s0_frac,upper,0.04
stag_trigger__lower,stag_trigger,lower,30.0
stag_trigger__upper,stag_trigger,upper,120.0
