case_id,parameter,level,parameter_value,function_id,category,median_corrected_error,mean_corrected_error,min_corrected_error,max_corrected_error,q25_corrected_error,q75_corrected_error,median_wall_seconds,n_runs
Delta0_frac__lower,Delta0_frac,lower,0.025,1,Unimodal,5686836.620680642,5522839.806393941,3122956.747449209,7599140.523824685,3819997.1243248847,7385268.015690281,7.927192789997207,5
Delta0_frac__lower,Delta0_frac,lower,0.025,2,Unimodal,640961.3693388479,882122.8722424924,550978.4953047435,1522774.388511707,620030.5880236329,1075869.520033531,6.420490671000152,5
Delta0_frac__lower,Delta0_frac,lower,0.025,3,Unimodal,11455.928238803668,87512.56134317783,470.4922324464199,399434.73162467,528.738092583021,25672.91652738603,6.337992772998405,5
Delta0_frac__lower,Delta0_frac,lower,0.025,4,Multimodal,73.55940123271512,61.11450841440251,1.5719469844825085,79.68344162873217,72.42991691807902,78.32783530800373,7.700994732003892,5
Delta0_frac__lower,Delta0_frac,lower,0.025,5,Multimodal,21.222817286678605,21.239389709818806,21.15133368893703,21.353977248452,21.22055795556844,21.24826236945796,7.436571185004141,5
Delta0_frac__lower,Delta0_frac,lower,0.025,6,Multimodal,38.93729868216633,37.9252900981849,32.78939231049833,40.39816438482512,38.17641514908041,39.325179964354334,86.12481164700148,5
Delta0_frac__lower,Delta0_frac,lower,0.025,7,Multimodal,0.7048673718898044,0.5592792468718472,0.1938738295843904,0.7561187900265622,0.419514978191728,0.7220212646667505,7.420822413994756,5
Delta0_frac__lower,Delta0_frac,lower,0.025,8,Multimodal,299.54399902265595,303.14423865351176,285.08789561974095,319.7894745388828,297.22470662713545,314.0751174591437,7.10502530499798,5
Delta0_frac__lower,Delta0_frac,lower,0.025,9,Multimodal,425.7014002281401,408.54229107830724,303.07140923713814,454.260405478617,421.6315439469254,438.0466965007156,7.355652127000212,5
Delta0_frac__lower,Delta0_frac,lower,0.025,10,Multimodal,3715.055809391477,3642.118417083448,3087.193499228584,3983.171508009064,3449.8776335090024,3975.293635279113,12.421599763998527,5
Delta0_frac__lower,Delta0_frac,lower,0.025,11,Multimodal,3806.6539860694047,3972.7140433284717,3679.471732482236,4367.076262130822,3767.18846549236,4243.179770467536,12.516392368001108,5
Delta0_frac__lower,Delta0_frac,lower,0.025,12,Multimodal,0.4657237144904229,0.5219707435962391,0.3768883231909967,0.7556439408208462,0.4125780417268743,0.5990196977520554,497.7570470240025,5
Delta0_frac__lower,Delta0_frac,lower,0.025,13,Multimodal,0.3244320396602234,0.3399736348850183,0.2570167011072044,0.4697894267014817,0.2661984390374527,0.3824315679187293,7.486481222003931,5
Delta0_frac__lower,Delta0_frac,lower,0.025,14,Multimodal,0.3400574419858913,0.3316522164412163,0.2787201004316557,0.3747252346079222,0.2971187205237129,0.3676395846568994,7.511208691001229,5
Delta0_frac__lower,Delta0_frac,lower,0.025,15,Multimodal,16.614089043543345,17.941914328507437,13.268431592940717,26.32974714971965,13.855172242669369,19.642131613664105,8.576516108994838,5
Delta0_frac__lower,Delta0_frac,lower,0.025,16,Multimodal,13.676882126113467,13.553620821342065,13.081153605358397,13.742705753493963,13.546110610635878,13.721252011108618,44.69535211400216,5
Delta0_frac__lower,Delta0_frac,lower,0.025,17,Hybrid,132768.96418625943,163175.4797615789,38968.39115364778,313985.2230307136,84284.06986465395,245870.7505726196,15.276157727996178,5
Delta0_frac__lower,Delta0_frac,lower,0.025,18,Hybrid,109795.31426619065,105667.63415123243,70228.75618094445,157357.27537290193,75064.90739643128,115891.9175396938,9.520904188000712,5
Delta0_frac__lower,Delta0_frac,lower,0.025,19,Hybrid,34.34357484805719,35.32390112973353,30.24699569483937,43.05274971891595,30.468617571868663,38.50756781498649,31.86541169499833,5
Delta0_frac__lower,Delta0_frac,lower,0.025,20,Hybrid,30476.45665287679,36584.02191741421,22444.03495473199,70578.89662697745,25121.45809395063,34299.26325853419,12.05437577500561,5
Delta0_frac__lower,Delta0_frac,lower,0.025,21,Hybrid,39644.18872571006,38071.02987036052,22331.344747452706,56348.11891899661,32104.797889906826,39926.699069736416,22.48957268099912,5
Delta0_frac__lower,Delta0_frac,lower,0.025,22,Hybrid,444.78115069709565,587.4439804357188,290.38972768533495,939.9873070191306,378.1061195183424,883.9555972586904,69.90020349800034,5
Delta0_frac__lower,Delta0_frac,lower,0.025,23,Composition,222.86021439441265,222.86122136665108,222.85845190743655,222.86547827603,222.86019553885623,222.86176671651992,18.38947875099984,5
Delta0_frac__lower,Delta0_frac,lower,0.025,24,Composition,240.61421985826885,240.82804608580835,238.75228784943192,243.5691388550072,240.2646576552829,240.939926211051,20.46434192400193,5
Delta0_frac__lower,Delta0_frac,lower,0.025,25,Composition,222.8453952625532,220.46287007146648,212.68430568822123,226.76894508550777,215.198766971851,224.8169373491992,20.79230310400453,5
Delta0_frac__lower,Delta0_frac,lower,0.025,26,Composition,200.18316603970425,160.25928964849703,100.314408467455,200.257116255762,100.3451617779574,200.1965957016064,105.92959185799556,5
Delta0_frac__lower,Delta0_frac,lower,0.025,27,Composition,404.6488450812499,404.3204296551183,402.3940128572176,406.5164525990317,402.854590153373,405.1882475847192,106.23043363800387,5
Delta0_frac__lower,Delta0_frac,lower,0.025,28,Composition,5057.075686776726,4908.070619536782,3852.065995779072,5818.442855790159,4597.220065469731,5215.548493868222,66.72354512799939,5
Delta0_frac__lower,Delta0_frac,lower,0.025,29,Composition,9360.132436241136,13299.476109600791,7852.060459002079,27076.426350689395,8613.611129758627,13595.150172312717,51.84659731799911,5
Delta0_frac__lower,Delta0_frac,lower,0.025,30,Composition,26299.776707911093,24818.83858561887,20601.716504737225,28610.179262474976,22061.61975198237,26520.90070098868,100.80260763100524,5
Delta0_frac__upper,Delta0_frac,upper,0.1,1,Unimodal,7540061.646277099,10171547.480820388,5079264.852792983,18496723.14129801,7314028.459236659,12427659.30449719,7.3854311859977315,5
Delta0_frac__upper,Delta0_frac,upper,0.1,2,Unimodal,588344.13313861,650514.9150875026,484597.9801489801,874344.6151613048,544413.5243959199,760874.3225926978,6.370661371998722,5
Delta0_frac__upper,Delta0_frac,upper,0.1,3,Unimodal,15199.736627869845,17390.758891009355,915.8219157951768,36145.86531083548,1476.8581248991304,33215.512475647134,6.372876407003787,5
Delta0_frac__upper,Delta0_frac,upper,0.1,4,Multimodal,72.8338649465893,69.3904342239222,51.182767595075006,76.4511986093276,71.93014841112017,74.55419155749888,7.616473269998096,5
Delta0_frac__upper,Delta0_frac,upper,0.1,5,Multimodal,21.132731228666785,21.15602708174374,21.00629010877969,21.339400482561587,21.063585820836693,21.238127767873948,7.4378624460005085,5
Delta0_frac__upper,Delta0_frac,upper,0.1,6,Multimodal,34.346065591662295,34.955532588516874,32.0644233298558,37.56771450966664,34.299384216856424,36.5000752945432,85.65948527400178,5
Delta0_frac__upper,Delta0_frac,upper,0.1,7,Multimodal,0.3446858085933399,0.3739952612680099,0.1475115203659243,0.5935673348756154,0.2633706876374617,0.5208409548677082,7.537086864002049,5
Delta0_frac__upper,Delta0_frac,upper,0.1,8,Multimodal,315.5998893831795,342.5934127967059,262.00992597961795,508.30925197958345,295.146136466416,331.9018601747325,7.119991965002555,5
Delta0_frac__upper,Delta0_frac,upper,0.1,9,Multimodal,372.9429929729965,373.31669252775316,289.9678222747152,455.498603069836,346.7258224753257,401.4482218458925,7.534302650994505,5
Delta0_frac__upper,Delta0_frac,upper,0.1,10,Multimodal,4088.464703832408,4957.890001001598,3932.552804651428,6513.218229118162,3984.521804845492,6270.692462560497,12.655127158999676,5
Delta0_frac__upper,Delta0_frac,upper,0.1,11,Multimodal,4501.611660498346,4235.7690020916125,3557.5455418529127,4911.390637964531,3597.654660350241,4610.642509792029,12.736643046999234,5
Delta0_frac__upper,Delta0_frac,upper,0.1,12,Multimodal,0.7640851617309181,0.7864966298297986,0.6688236219404189,0.8788601253481829,0.7525892453002143,0.8681249948292589,499.2207066219999,5
Delta0_frac__upper,Delta0_frac,upper,0.1,13,Multimodal,0.3256112647218288,0.36053619187641744,0.3013499033183962,0.5314227248895804,0.3153177120868804,0.3289793543654014,7.451690016001521,5
Delta0_frac__upper,Delta0_frac,upper,0.1,14,Multimodal,0.3861964458415059,0.3801569763102634,0.2915298299769802,0.4428259790406628,0.352837193530604,0.4273954331615641,7.308715287006635,5
Delta0_frac__upper,Delta0_frac,upper,0.1,15,Multimodal,18.628853565000554,21.799797572401758,16.202468894559843,36.25724856205693,16.77810383555493,21.132313004836533,8.347326292001526,5
Delta0_frac__upper,Delta0_frac,upper,0.1,16,Multimodal,13.673131881648487,13.616409712457108,13.382437097806816,13.825002840160096,13.519990877116244,13.681485865553896,44.247357112995815,5
Delta0_frac__upper,Delta0_frac,upper,0.1,17,Hybrid,175937.12219883053,175418.96659182193,60539.005325561375,308999.1146394813,149397.19031346805,182222.4004817684,15.32221302200196,5
Delta0_frac__upper,Delta0_frac,upper,0.1,18,Hybrid,91646.94553976432,87680.23542990023,53084.27874786482,113184.87021201562,84176.51715619626,96308.5654936601,9.673326983000152,5
Delta0_frac__upper,Delta0_frac,upper,0.1,19,Hybrid,35.77465366561887,36.94036425593426,27.309418943620585,44.205636722796726,33.93895744819156,43.47315449944358,32.69522361500276,5
Delta0_frac__upper,Delta0_frac,upper,0.1,20,Hybrid,40989.780044905376,42278.32065900134,27063.84759794112,66713.83594055507,34838.26082793553,41785.8788836696,12.173556227004156,5
Delta0_frac__upper,Delta0_frac,upper,0.1,21,Hybrid,45041.49631906344,44649.02944404307,38791.723514081095,51023.52530429874,39602.848039143806,48785.55404362831,22.852420105999045,5
Delta0_frac__upper,Delta0_frac,upper,0.1,22,Hybrid,403.2414699943465,443.79363837061976,305.7889261673031,593.2550338079773,400.58624407585785,516.096517807614,71.11667292699713,5
Delta0_frac__upper,Delta0_frac,upper,0.1,23,Composition,222.87259591163772,222.87651486582482,222.86717738385687,222.8915726350024,222.87011933192295,222.88110906670408,18.57985121099773,5
Delta0_frac__upper,Delta0_frac,upper,0.1,24,Composition,224.83878910884823,224.07689032389118,217.3688520790065,229.3553078988939,219.55813219841,229.2633703342972,20.74241013899882,5
Delta0_frac__upper,Delta0_frac,upper,0.1,25,Composition,211.42590979996655,211.54475859775766,208.1410847919542,214.88104960146893,210.1827171048326,213.093031690566,21.11117377100163,5
Delta0_frac__upper,Delta0_frac,upper,0.1,26,Composition,200.12144950599213,160.2469125892847,100.36015945180998,200.21328506975124,100.38973202339184,200.14993689547828,106.8956553379976,5
Delta0_frac__upper,Delta0_frac,upper,0.1,27,Composition,405.3917365034026,405.85268637065167,402.6571903872127,408.8409498345464,404.9760255280608,407.3975296000358,107.37203853399842,5
Delta0_frac__upper,Delta0_frac,upper,0.1,28,Composition,3737.172960816617,3786.3221829725044,3056.035227206886,4452.9225658751175,3243.3729279882464,4442.107232975656,66.07517625400214,5
Delta0_frac__upper,Delta0_frac,upper,0.1,29,Composition,15811.77449585172,17098.170920152726,10300.218480589738,29788.25792064073,10940.173856303638,18650.429847377804,51.69375887999922,5
Delta0_frac__upper,Delta0_frac,upper,0.1,30,Composition,40200.852924546,46069.66953556547,27127.172963422458,88515.1026739864,33820.93175646843,40684.28735940405,100.85417000400048,5
baseline,baseline,baseline,,1,Unimodal,8005216.044871672,6661933.111893736,2364325.602610498,10107240.805521982,4363205.758640867,8469677.34782366,7.832753419000255,5
baseline,baseline,baseline,,2,Unimodal,543695.192255188,669304.2500248321,415509.9239429937,1086433.9363546576,461233.26889112906,839648.9286801919,6.6757374730000265,5
baseline,baseline,baseline,,3,Unimodal,6234.947963815302,13394.864503346349,1043.581702961047,30949.974838552032,3495.483312297222,25250.334699106148,6.794738446999872,5
baseline,baseline,baseline,,4,Multimodal,72.84353252766431,59.531835594338965,6.156067737038086,73.28663969791734,72.15891347414106,73.21402453493403,8.136892202000126,5
baseline,baseline,baseline,,5,Multimodal,21.26209710923945,21.229904440060956,20.940297783505457,21.386419403171654,21.25805143801665,21.30265646637156,7.691713146999973,5
baseline,baseline,baseline,,6,Multimodal,35.91661451592063,34.85970522758428,30.636102225777563,36.6250807123497,34.960557696086084,36.16017098778741,90.90024543399976,5
baseline,baseline,baseline,,7,Multimodal,0.4340379893880026,0.49507608159319716,0.1917093716413092,0.72392815852902,0.4183961441331121,0.7073087442745418,8.094642827999905,5
baseline,baseline,baseline,,8,Multimodal,285.27796389943546,286.00547378657615,278.0900021768789,296.7495997895637,281.32004138409525,288.58976168290747,7.575342121000176,5
baseline,baseline,baseline,,9,Multimodal,417.51408594054624,399.13053827611714,309.695823107842,468.1652637888783,354.104159792792,446.1733587505271,7.999711976000071,5
baseline,baseline,baseline,,10,Multimodal,3247.0274970473947,3150.653274585346,2706.3676408375395,3409.092114592848,3094.0232020223048,3296.755918426643,13.675017343000036,5
baseline,baseline,baseline,,11,Multimodal,3919.7405637303946,3879.875925213027,3606.487946946205,4105.352938792754,3695.947209873062,4071.850966722722,13.348490280000078,5
baseline,baseline,baseline,,12,Multimodal,0.9222150072407658,0.9266181047198188,0.8172329615704257,1.0744992348941196,0.8774454165413772,0.9416979033524058,525.7752097980001,5
baseline,baseline,baseline,,13,Multimodal,0.3129456414847027,0.3109100778868196,0.2527776008350884,0.388860749621017,0.25785130258555,0.34211509490774,7.660663292000208,5
baseline,baseline,baseline,,14,Multimodal,0.4135765114292553,0.39667537519626417,0.3128506212758566,0.5091221506575039,0.3332371188269007,0.4145904737918044,7.62945182600015,5
baseline,baseline,baseline,,15,Multimodal,15.0149737413376,15.001959641741951,13.659609852693166,16.43286552435484,13.97519353024677,15.92715556007738,8.745351671999742,5
baseline,baseline,baseline,,16,Multimodal,13.500780991440251,13.534215823866315,13.232164532151046,13.88128267614843,13.40785525866545,13.648995660926404,45.39208790700013,5
baseline,baseline,baseline,,17,Hybrid,165776.72086009933,180181.98174051184,85856.28483546614,287876.53429480374,108472.58386238082,252927.7848498091,16.512283582000236,5
baseline,baseline,baseline,,18,Hybrid,83543.10524039005,79587.72903484067,57833.62214495761,96315.07717021038,69463.70805572232,90783.13256292292,9.953565948999312,5
baseline,baseline,baseline,,19,Hybrid,37.20602639587264,36.7013871793542,31.710641334784214,42.00206666092368,34.08172770726037,38.50647379793008,33.66854323699954,5
baseline,baseline,baseline,,20,Hybrid,32639.53830930045,30731.14618942777,16015.10720856422,38884.317382554334,27893.585216080428,38223.18283063943,12.803705602999798,5
baseline,baseline,baseline,,21,Hybrid,42034.29300437345,42996.45278844314,31473.19598867235,55603.172577005535,32111.45808541981,53760.14428674452,24.34204884600058,5
baseline,baseline,baseline,,22,Hybrid,586.8409937500978,667.5293730715127,207.51848948138783,1519.242145684486,373.0832023898697,650.9620340517222,77.6119728069998,5
baseline,baseline,baseline,,23,Composition,222.8604853623101,222.86347586815546,222.85888278934,222.8769733348836,222.85922029821904,222.86181755602456,19.880984919000184,5
baseline,baseline,baseline,,24,Composition,227.0557783303884,227.33370449770456,225.8466020592873,230.38225478197185,226.2990704283416,227.0848168885336,22.433647066999583,5
baseline,baseline,baseline,,25,Composition,214.87765154479803,217.58103627380987,213.56562533608985,225.356394031352,213.8159767321549,220.28953372465455,23.245728115999555,5
baseline,baseline,baseline,,26,Composition,200.18822353673067,180.27986263841686,100.62775652396658,200.30573315891613,200.08891181722447,200.1886881552464,117.27731018099983,5
baseline,baseline,baseline,,27,Composition,404.22263314816337,404.84537743972453,403.783845491188,406.9292773262992,403.9218190229353,405.3693122100367,117.21232528899964,5
baseline,baseline,baseline,,28,Composition,4431.6793241839705,4202.19293477156,3288.2067296164105,4768.802470636165,3878.312566244069,4643.963583177185,72.88429815100062,5
baseline,baseline,baseline,,29,Composition,12879.23867523476,12934.707332708836,8518.996168661773,20553.77764287329,9444.879369227829,13276.64480754653,55.74571596100032,5
baseline,baseline,baseline,,30,Composition,28341.90282563953,27669.80759131984,17550.848507386447,32911.97537095632,26653.501953993768,32890.809298623135,108.97068457100067,5
c_minus__stronger_contraction,c_minus,stronger_contraction,0.5856620185738528,1,Unimodal,7554450.838824847,6469511.5582082365,1734341.1327235422,9517956.221101984,5679417.891078961,7861391.707311851,7.403264323998883,5
c_minus__stronger_contraction,c_minus,stronger_contraction,0.5856620185738528,2,Unimodal,531405.8971736763,588846.4213548664,458568.29476987873,891185.5503999308,502955.4219053264,560116.9425255193,6.577285642000788,5
c_minus__stronger_contraction,c_minus,stronger_contraction,0.5856620185738528,3,Unimodal,6159.872625241207,14615.442448658117,1442.026976345676,32682.45506027917,2563.8931896569948,30228.96439176754,6.461149556002056,5
c_minus__stronger_contraction,c_minus,stronger_contraction,0.5856620185738528,4,Multimodal,72.62345096724749,72.4888425197289,71.97752699912797,72.87393836067207,72.28522276647737,72.68407350511961,7.642668827997113,5
c_minus__stronger_contraction,c_minus,stronger_contraction,0.5856620185738528,5,Multimodal,21.207423658394305,21.190394521233905,21.017928535145305,21.38627696564572,21.036877116326536,21.30346633065767,7.651975480999681,5
c_minus__stronger_contraction,c_minus,stronger_contraction,0.5856620185738528,6,Multimodal,36.74017812289878,37.26094913716774,34.43580619955844,40.3490262910824,35.01876363488566,39.760971437413446,87.82965771000454,5
c_minus__stronger_contraction,c_minus,stronger_contraction,0.5856620185738528,7,Multimodal,0.4823072253976761,0.5306337776438113,0.3183147592850446,0.9224089138451744,0.447174092488126,0.4829638972030352,7.649481731001288,5
c_minus__stronger_contraction,c_minus,stronger_contraction,0.5856620185738528,8,Multimodal,285.2922558817975,284.07041269281837,267.98602147704787,296.8470629115918,280.9919882237575,289.2347349698971,7.432631053998193,5
c_minus__stronger_contraction,c_minus,stronger_contraction,0.5856620185738528,9,Multimodal,446.3323396561973,417.7945141523231,309.78275578947887,468.16955856117056,418.1951663958905,446.49275035887786,7.3916532849980285,5
c_minus__stronger_contraction,c_minus,stronger_contraction,0.5856620185738528,10,Multimodal,3286.6582959779157,3316.3753785806393,3087.667598260834,3592.711139258541,3203.1733557278385,3411.666503678067,12.541598496994991,5
c_minus__stronger_contraction,c_minus,stronger_contraction,0.5856620185738528,11,Multimodal,3706.855888226693,3830.2534875142037,3553.959299565704,4408.087104063433,3617.40678568335,3864.9583600318383,12.968847511001512,5
c_minus__stronger_contraction,c_minus,stronger_contraction,0.5856620185738528,12,Multimodal,0.8881127842257683,0.947009921103745,0.8482762331000231,1.0764974053820424,0.8878976044470619,1.0342655783638293,503.60683174600126,5
c_minus__stronger_contraction,c_minus,stronger_contraction,0.5856620185738528,13,Multimodal,0.2985391185145545,0.3195775204617348,0.2791074866033796,0.4170402253380416,0.2935998800878678,0.3096008917648305,7.462122835000628,5
c_minus__stronger_contraction,c_minus,stronger_contraction,0.5856620185738528,14,Multimodal,0.3601218221506315,0.38956582096784587,0.2927142681953683,0.4872227774574185,0.3377274540339385,0.4700427830018725,7.440901959998882,5
c_minus__stronger_contraction,c_minus,stronger_contraction,0.5856620185738528,15,Multimodal,14.947209613540052,15.850721271378507,13.459254930851555,20.588575260680045,14.777145526940105,15.481421024880774,8.492732985992916,5
c_minus__stronger_contraction,c_minus,stronger_contraction,0.5856620185738528,16,Multimodal,13.6406123700865,13.599223096637388,13.1888923204599,13.847119681400956,13.514432372531246,13.80505873870834,44.262151241004176,5
c_minus__stronger_contraction,c_minus,stronger_contraction,0.5856620185738528,17,Hybrid,193325.07748967383,188728.79022644876,79645.74340342054,328475.51530232746,95789.30690444142,246408.30803238053,15.083064908998496,5
c_minus__stronger_contraction,c_minus,stronger_contraction,0.5856620185738528,18,Hybrid,86665.48247683932,91362.92810035232,58045.384938831136,134310.26098915588,72821.59309575634,104971.91900117892,9.564001268001448,5
c_minus__stronger_contraction,c_minus,stronger_contraction,0.5856620185738528,19,Hybrid,37.96752006562542,37.43870278262521,30.503154497347623,44.42920271155776,34.28949501732086,40.00414162127436,32.007692125000176,5
c_minus__stronger_contraction,c_minus,stronger_contraction,0.5856620185738528,20,Hybrid,36428.92306253234,35298.85942356007,17552.888779619625,47233.05098059554,30489.89482004512,44789.539475007696,12.09754044500005,5
c_minus__stronger_contraction,c_minus,stronger_contraction,0.5856620185738528,21,Hybrid,56838.68834937562,54503.56483322782,15386.195521107657,94743.5775222548,48257.30476724033,57292.05800616075,22.943034361000173,5
c_minus__stronger_contraction,c_minus,stronger_contraction,0.5856620185738528,22,Hybrid,389.2359598878347,452.0360688668378,316.82589915674,610.0002164015441,376.9571272869539,567.1611416011165,70.58596647900413,5
c_minus__stronger_contraction,c_minus,stronger_contraction,0.5856620185738528,23,Composition,222.8629100488206,222.86228875599008,222.85748833724392,222.86606545519132,222.85956786827865,222.8654120704159,18.504438267002115,5
c_minus__stronger_contraction,c_minus,stronger_contraction,0.5856620185738528,24,Composition,229.39740320070177,228.69934151199158,226.9666937087718,230.1755582980013,227.23028696570876,229.72676538677436,20.426853989003572,5
c_minus__stronger_contraction,c_minus,stronger_contraction,0.5856620185738528,25,Composition,218.56161756952588,216.26915923385286,211.3658468002645,219.5448283901219,212.6204371326012,219.2530662767508,21.017993289002334,5
c_minus__stronger_contraction,c_minus,stronger_contraction,0.5856620185738528,26,Composition,200.18276082580724,180.23587510196793,100.3470925325846,200.2832021612635,200.16662685426263,200.19969313592173,107.25156493700342,5
c_minus__stronger_contraction,c_minus,stronger_contraction,0.5856620185738528,27,Composition,404.5822273040462,405.02388393589155,403.9510239622746,406.9333487864856,404.2425397487754,405.41027987787584,107.21650856399356,5
c_minus__stronger_contraction,c_minus,stronger_contraction,0.5856620185738528,28,Composition,4649.282795598496,4290.58852866381,3289.1130920252053,4891.405737939156,3834.29816756363,4788.842850192566,66.18270998299704,5
c_minus__stronger_contraction,c_minus,stronger_contraction,0.5856620185738528,29,Composition,21367.17551876994,18495.394196955815,9235.80739633795,24256.821931313727,14768.972670719437,22848.19346763801,51.82435592899856,5
c_minus__stronger_contraction,c_minus,stronger_contraction,0.5856620185738528,30,Composition,30304.29751649617,34323.35475093209,21688.94323185533,49978.72059385731,26427.45180250411,43217.36060994753,100.20174459500412,5
c_minus__weaker_contraction,c_minus,weaker_contraction,0.8366600265340756,1,Unimodal,3822395.01070657,3943282.1235652776,1320499.4834846645,6341410.174397729,3035478.2292912765,5196627.719946149,7.313055817001441,5
c_minus__weaker_contraction,c_minus,weaker_contraction,0.8366600265340756,2,Unimodal,332483.344668051,433884.42922145093,264793.0222182259,687202.25461214,326264.1338261886,558679.3907826493,6.334586112003308,5
c_minus__weaker_contraction,c_minus,weaker_contraction,0.8366600265340756,3,Unimodal,6512.703526992337,12146.656931101403,990.3546570827776,29273.11972067845,1315.1189346840251,22641.987816069428,6.387687034999544,5
c_minus__weaker_contraction,c_minus,weaker_contraction,0.8366600265340756,4,Multimodal,76.60682906493929,74.21910151283024,68.28430407279052,77.44268608833369,71.87789091359446,76.8837974244932,7.737190446001477,5
c_minus__weaker_contraction,c_minus,weaker_contraction,0.8366600265340756,5,Multimodal,21.270810770518096,21.271081195320743,21.141084686231466,21.387518406943173,21.266708083713183,21.2892840291978,7.376962392001587,5
c_minus__weaker_contraction,c_minus,weaker_contraction,0.8366600265340756,6,Multimodal,35.097533547358125,35.01698038462932,33.412966200755704,37.39995161376601,33.43614280780628,35.738307753460504,85.92189641499863,5
c_minus__weaker_contraction,c_minus,weaker_contraction,0.8366600265340756,7,Multimodal,0.1456908102330771,0.22956660661693595,0.0620393821371862,0.6018040139979348,0.0847942663443745,0.2535045603721073,7.736229164998804,5
c_minus__weaker_contraction,c_minus,weaker_contraction,0.8366600265340756,8,Multimodal,287.79892011134416,288.5181643426265,280.81706610745664,296.5662866278533,283.4488734095594,293.95967545691906,7.309374553005909,5
c_minus__weaker_contraction,c_minus,weaker_contraction,0.8366600265340756,9,Multimodal,417.5075176037724,399.3827678496957,309.08793782599355,470.8605338228274,353.32298169574005,446.1348683001452,7.523638079001103,5
c_minus__weaker_contraction,c_minus,weaker_contraction,0.8366600265340756,10,Multimodal,3274.9340209760194,3208.8293274246626,3093.6694596501457,3277.087643578545,3123.440871800023,3275.01464111858,12.725908264001191,5
c_minus__weaker_contraction,c_minus,weaker_contraction,0.8366600265340756,11,Multimodal,3658.688162422692,3756.787024555513,3536.2831435356075,4066.3722011617447,3597.5654560244293,3925.026159633091,12.88333136899746,5
c_minus__weaker_contraction,c_minus,weaker_contraction,0.8366600265340756,12,Multimodal,0.6067376695614257,0.6520124574290549,0.3514129545924334,0.9928629970629572,0.5866659799412446,0.7223826859872133,499.3674265070004,5
c_minus__weaker_contraction,c_minus,weaker_contraction,0.8366600265340756,13,Multimodal,0.2068796321416357,0.22029132013776684,0.1896446856924285,0.2850918735907726,0.2056462931498117,0.2141941161141858,7.303934728995955,5
c_minus__weaker_contraction,c_minus,weaker_contraction,0.8366600265340756,14,Multimodal,0.4088174632174741,0.43525800094280387,0.3676168513866287,0.5801019687487496,0.3727526489935826,0.4470010723675841,7.442358398999204,5
c_minus__weaker_contraction,c_minus,weaker_contraction,0.8366600265340756,15,Multimodal,14.50902776673206,14.384926896972093,12.026051724708168,16.502217754542244,13.577862635731664,15.309474603146327,8.444566609003232,5
c_minus__weaker_contraction,c_minus,weaker_contraction,0.8366600265340756,16,Multimodal,13.5576391131342,13.518072509626972,13.2153791782207,13.808981322242062,13.339287930562705,13.669075003975196,44.80516953000188,5
c_minus__weaker_contraction,c_minus,weaker_contraction,0.8366600265340756,17,Hybrid,175280.80402142872,160842.45618613358,52062.63176049724,264286.1374741109,94495.5931973156,218087.1144773155,15.140927894004562,5
c_minus__weaker_contraction,c_minus,weaker_contraction,0.8366600265340756,18,Hybrid,98773.74082865796,94665.72501079079,56560.11452065343,127100.23971596804,65820.44942954993,125074.08055912462,9.48667297099746,5
c_minus__weaker_contraction,c_minus,weaker_contraction,0.8366600265340756,19,Hybrid,34.54787478953017,36.07337617325707,31.53223834741289,41.1111112403903,33.88207336613959,39.29358312281238,31.702813815994887,5
c_minus__weaker_contraction,c_minus,weaker_contraction,0.8366600265340756,20,Hybrid,26563.954733021623,26764.280906413034,18891.338341133247,33405.15290307318,26401.51432950624,28559.44422533088,12.02281911799946,5
c_minus__weaker_contraction,c_minus,weaker_contraction,0.8366600265340756,21,Hybrid,44678.14056054065,40246.75482310433,17086.598020711608,54446.362613534286,38494.87862484387,46527.79429589126,22.61827151600301,5
c_minus__weaker_contraction,c_minus,weaker_contraction,0.8366600265340756,22,Hybrid,379.30998539847815,437.2043895504745,99.0521539277688,709.7428028775635,335.1608743504112,662.7561311981508,69.56636873300158,5
c_minus__weaker_contraction,c_minus,weaker_contraction,0.8366600265340756,23,Composition,222.87109308855904,222.87984271691977,222.86050000742895,222.9038835816009,222.868129176356,222.89560773065384,18.231018838996533,5
c_minus__weaker_contraction,c_minus,weaker_contraction,0.8366600265340756,24,Composition,227.2143837261765,227.10923729976895,224.19151023955283,229.9650749418006,226.83924620247672,227.3359713888381,20.76519974900293,5
c_minus__weaker_contraction,c_minus,weaker_contraction,0.8366600265340756,25,Composition,220.39361915545305,220.07281364957188,214.94368883263317,223.3898139358471,219.40870813573565,222.2282381881905,21.03797574299824,5
c_minus__weaker_contraction,c_minus,weaker_contraction,0.8366600265340756,26,Composition,200.18694760508836,180.27508350459323,100.6326565679842,200.2478623995012,200.11415531745024,200.19379563294208,107.01970152200374,5
c_minus__weaker_contraction,c_minus,weaker_contraction,0.8366600265340756,27,Composition,404.0708610589363,404.4540708512876,402.9461547373726,406.11957274926,404.0075350106931,405.12623070017617,106.69796531900649,5
c_minus__weaker_contraction,c_minus,weaker_contraction,0.8366600265340756,28,Composition,4642.014640448584,4430.666843386012,3283.4009715284137,4988.387097029337,4462.212188945054,4777.319318978674,65.622820175995,5
c_minus__weaker_contraction,c_minus,weaker_contraction,0.8366600265340756,29,Composition,18520.299207547403,19629.72233753318,14048.235368197926,25551.280946159983,15398.24971156082,24630.54645419977,51.724348317002296,5
c_minus__weaker_contraction,c_minus,weaker_contraction,0.8366600265340756,30,Composition,28313.86110904757,27430.017144342768,12211.921707225849,39192.80375987642,25809.081073791767,31622.418071772237,99.73522262900951,5
delta0_frac__lower,delta0_frac,lower,0.0025,1,Unimodal,3164768.4627760337,3021716.9340951196,884054.2662700564,5668031.225834525,1776951.0060217238,3614779.709573259,8.081280092999805,5
delta0_frac__lower,delta0_frac,lower,0.0025,2,Unimodal,161830.86506943655,173892.99112956188,53119.7696198763,374053.7849674762,116218.51711044436,164242.01888057598,6.964800671001285,5
delta0_frac__lower,delta0_frac,lower,0.0025,3,Unimodal,8882.879281335088,15270.434249587608,788.9294865297134,35774.86640134062,1185.4662719875012,29720.029806745115,7.150978131998272,5
delta0_frac__lower,delta0_frac,lower,0.0025,4,Multimodal,68.5479464359031,43.23767434248786,3.4375838956570988,70.92702760681027,3.883770663037126,69.39204311103168,8.777535508001165,5
delta0_frac__lower,delta0_frac,lower,0.0025,5,Multimodal,20.660367304828128,20.649166915775687,20.47011293380467,20.80070785081648,20.59375783627445,20.720888653154702,8.177480672999081,5
delta0_frac__lower,delta0_frac,lower,0.0025,6,Multimodal,37.56539351103288,36.01538162821562,31.0477229498714,39.08842432188828,34.27316802790335,38.10219933038218,93.19675142300184,5
delta0_frac__lower,delta0_frac,lower,0.0025,7,Multimodal,0.062785981261527,0.06807043354253886,0.050680460850458,0.0861054199217505,0.062472361676896,0.0783079440020628,7.923037791999377,5
delta0_frac__lower,delta0_frac,lower,0.0025,8,Multimodal,304.4924377312518,291.9580229289694,256.1630955599487,320.5454885557033,265.0494241391143,313.5396686588288,7.578283162001753,5
delta0_frac__lower,delta0_frac,lower,0.0025,9,Multimodal,417.0038333745658,403.1325487364214,333.5263530493112,466.73287848460814,353.43406182267995,444.96561695094215,8.344063460001053,5
delta0_frac__lower,delta0_frac,lower,0.0025,10,Multimodal,3222.2522683308907,3066.5975731948797,2582.084927178763,3260.736181499124,3016.4563152640694,3251.4581737015524,13.214196557000832,5
delta0_frac__lower,delta0_frac,lower,0.0025,11,Multimodal,3575.2621930975947,3664.9716881937056,3331.9313439622583,4331.064813023853,3333.6913569286844,3752.908733956136,13.555230684996786,5
delta0_frac__lower,delta0_frac,lower,0.0025,12,Multimodal,0.9783410711736452,0.9323431616165635,0.7572800622731393,1.0239844796633406,0.8883917857388042,1.0137184092338885,508.418460527002,5
delta0_frac__lower,delta0_frac,lower,0.0025,13,Multimodal,0.2849559276821765,0.2951032679399759,0.2630831215810758,0.3596272433974263,0.2686351902607384,0.2992148567784625,7.318379213000298,5
delta0_frac__lower,delta0_frac,lower,0.0025,14,Multimodal,0.3957018573507866,0.3879458031893591,0.2836952773277517,0.4625966812704973,0.3602270685073563,0.4375081314904037,7.457317476000753,5
delta0_frac__lower,delta0_frac,lower,0.0025,15,Multimodal,9.266545396263837,21.177901824053514,7.712585952959898,71.53435363391532,7.868372458515523,9.507651678613,8.262271552997845,5
delta0_frac__lower,delta0_frac,lower,0.0025,16,Multimodal,13.492858056482874,13.524705489259896,13.295036065045906,13.799022906966911,13.437100596803475,13.59950982100031,43.49334046700096,5
delta0_frac__lower,delta0_frac,lower,0.0025,17,Hybrid,200637.25310346184,333316.0189703587,42045.86050371278,1016548.9397767484,84118.48969165765,323229.5517762128,15.22922950299835,5
delta0_frac__lower,delta0_frac,lower,0.0025,18,Hybrid,92540.59165572377,86079.8365509545,56041.22149662317,101057.43946671516,87156.5758929759,93603.35424273448,9.425866342997324,5
delta0_frac__lower,delta0_frac,lower,0.0025,19,Hybrid,30.700347162141497,29.566504417376745,23.15058041975476,35.78826405633254,23.47918915023274,34.71414129842219,31.50474055199811,5
delta0_frac__lower,delta0_frac,lower,0.0025,20,Hybrid,24989.186066865444,26473.2060692344,17550.511047207234,36470.64154878443,19010.70821565318,34344.98346766168,11.95889435099889,5
delta0_frac__lower,delta0_frac,lower,0.0025,21,Hybrid,38789.53317586333,41568.826774889916,26145.559710446792,60907.5321199545,34124.90445251251,47876.60441567246,22.34001893099776,5
delta0_frac__lower,delta0_frac,lower,0.0025,22,Hybrid,588.4547104855374,561.122161162399,361.03914612192057,726.6370367108498,497.8539643055883,631.6259481880993,69.15701255900058,5
delta0_frac__lower,delta0_frac,lower,0.0025,23,Composition,222.85387090560744,222.8522308150512,222.8483846256895,222.85448703997827,222.85046113134285,222.85395037263788,18.05790154299757,5
delta0_frac__lower,delta0_frac,lower,0.0025,24,Composition,227.3591866619336,227.55149902955628,226.37450005743176,228.9841047581904,226.67819731134887,228.3615063588768,20.263912702001107,5
delta0_frac__lower,delta0_frac,lower,0.0025,25,Composition,212.8977518609968,214.67138574743723,209.80744205492783,225.98614970837025,211.52777499094785,213.1378101219434,20.618720671998744,5
delta0_frac__lower,delta0_frac,lower,0.0025,26,Composition,200.1132368467684,180.22453930267892,100.58405948783592,200.1940894734007,200.11081234934227,200.1204983560474,104.82526878799764,5
delta0_frac__lower,delta0_frac,lower,0.0025,27,Composition,403.30343812975207,403.3736002845304,402.9627103636772,404.0361164275501,403.2415924679544,403.3241440337183,105.8656959689979,5
delta0_frac__lower,delta0_frac,lower,0.0025,28,Composition,4419.762469626443,4230.629256140597,3162.317786374626,4785.269493530189,4241.122331098936,4544.674200072792,65.6912060249997,5
delta0_frac__lower,delta0_frac,lower,0.0025,29,Composition,6426.72768697299,7498.5488769947715,3993.750321953219,13181.680605506794,5859.555024483221,8031.03074605763,51.60194502599916,5
delta0_frac__lower,delta0_frac,lower,0.0025,30,Composition,22488.538392340164,21528.918255212113,16741.073653168314,26377.975317510944,17099.131593595474,24937.87231944568,98.8337232949998,5
delta0_frac__upper,delta0_frac,upper,0.01,1,Unimodal,9493134.505272243,13903550.040509352,2565252.033274172,32058722.63580741,7671633.019169581,17729008.00902335,7.140656274001231,5
delta0_frac__upper,delta0_frac,upper,0.01,2,Unimodal,2597917.573646908,2820252.636222617,2039916.038653738,3589139.8489646125,2505200.2015160867,3369089.51833174,6.31130973299878,5
delta0_frac__upper,delta0_frac,upper,0.01,3,Unimodal,14061.949603128936,16736.855810665646,316.4316011064079,34320.051955948904,830.151548034155,34155.69434510981,6.236402210000961,5
delta0_frac__upper,delta0_frac,upper,0.01,4,Multimodal,75.11327719349993,75.6690565190809,71.06502280936473,80.36097564233387,73.06218339903967,78.74382355116632,7.44924710199848,5
delta0_frac__upper,delta0_frac,upper,0.01,5,Multimodal,21.205909838320053,21.15604927704494,20.980496813090667,21.31557677451497,21.02055381864909,21.25770914064992,7.296411081999395,5
delta0_frac__upper,delta0_frac,upper,0.01,6,Multimodal,37.5758345944397,37.06725875862166,34.8583452899403,39.4833025666253,35.383169060022055,38.03564228208097,85.47857978500178,5
delta0_frac__upper,delta0_frac,upper,0.01,7,Multimodal,0.6818333471902633,0.7074982199568695,0.6321139795169302,0.7864903390726568,0.6549963518740469,0.78205708213045,7.414533635004773,5
delta0_frac__upper,delta0_frac,upper,0.01,8,Multimodal,293.2707883383082,306.05260705019685,276.1897976543255,352.6076837734415,287.0370145389602,321.1577509459489,7.016466203000164,5
delta0_frac__upper,delta0_frac,upper,0.01,9,Multimodal,428.415377841651,407.3693743074713,312.6375783138453,479.4508939150073,362.1131584600498,454.22986300680304,7.338940272995387,5
delta0_frac__upper,delta0_frac,upper,0.01,10,Multimodal,3386.4759940659624,3330.1773728736816,2868.677436419115,3749.04562210736,3182.1093806544577,3464.578431121512,12.428449846003788,5
delta0_frac__upper,delta0_frac,upper,0.01,11,Multimodal,3928.3712685493992,3900.436923087133,3665.8449151514,4198.925428042761,3714.9159787272056,3994.127024964897,12.373518762004096,5
delta0_frac__upper,delta0_frac,upper,0.01,12,Multimodal,1.0385455754769737,0.9186377988240565,0.5901591169633775,1.0586735436904746,0.8533830374512945,1.0524277205381622,494.3429498629994,5
delta0_frac__upper,delta0_frac,upper,0.01,13,Multimodal,0.3167051559216816,0.3362652664368852,0.2662594288838136,0.4286282182440573,0.3145235552422036,0.3552099738926699,7.349242896998476,5
delta0_frac__upper,delta0_frac,upper,0.01,14,Multimodal,0.3693230878236591,0.4466164805754488,0.2772985264841736,0.6503686912105877,0.3688086808379012,0.5672834165209224,7.330327522002335,5
delta0_frac__upper,delta0_frac,upper,0.01,15,Multimodal,18.88257622092715,17.19251700559953,12.836427133488314,20.18351757085452,14.881224415708855,19.178839687018808,8.322921162005514,5
delta0_frac__upper,delta0_frac,upper,0.01,16,Multimodal,13.93921378978598,13.796765976174948,13.409018891820551,14.023654248444018,13.667666269555184,13.944276681269002,43.75443270799588,5
delta0_frac__upper,delta0_frac,upper,0.01,17,Hybrid,200312.3123648767,165582.5923600283,77008.54702445929,205822.44433057104,139209.92579535674,205559.73228487777,14.923791353001434,5
delta0_frac__upper,delta0_frac,upper,0.01,18,Hybrid,127568.50213614428,114991.06840327595,67787.63303082137,174559.90770992162,72432.18006381136,132607.11907568105,9.281190515001072,5
delta0_frac__upper,delta0_frac,upper,0.01,19,Hybrid,45.06258855079204,43.842030326918255,31.479124688966976,53.78903390807318,40.79132018842756,48.08808429833152,31.34177352199913,5
delta0_frac__upper,delta0_frac,upper,0.01,20,Hybrid,41840.519354838005,48961.05219286615,39320.31672718857,78951.86029357684,40687.82179603808,44004.74279268923,11.707814189998317,5
delta0_frac__upper,delta0_frac,upper,0.01,21,Hybrid,60191.54018255285,61764.81476155178,36679.03941902518,97388.11824430636,52725.641816248215,61839.73414562631,21.979003676999127,5
delta0_frac__upper,delta0_frac,upper,0.01,22,Hybrid,620.8781543699647,608.9743664279525,578.940969644751,631.5038944235648,589.8303771033684,623.7184365981138,68.49793843599764,5
delta0_frac__upper,delta0_frac,upper,0.01,23,Composition,222.9247119411725,222.94825185366844,222.8832977316697,223.07979339234225,222.90362835659064,222.94982784656716,17.85021155999857,5
delta0_frac__upper,delta0_frac,upper,0.01,24,Composition,225.92213899608717,227.37556876076596,223.72217340901943,231.75084156187268,225.39741080302477,230.08527903382583,20.217203367996262,5
delta0_frac__upper,delta0_frac,upper,0.01,25,Composition,223.71713205273727,220.6403778610752,213.65602772983905,226.6211478646146,214.1240379619744,225.08354369621065,20.47008604500297,5
delta0_frac__upper,delta0_frac,upper,0.01,26,Composition,200.15383140919903,160.34585551105047,100.36826776926,200.32689259995823,100.60227451451692,200.27801126231816,104.83630296200135,5
delta0_frac__upper,delta0_frac,upper,0.01,27,Composition,409.2535040256416,408.3016858023901,405.249156728336,411.2162203576149,406.0345602335183,409.75498766684,104.48680974500166,5
delta0_frac__upper,delta0_frac,upper,0.01,28,Composition,4710.668514557194,4504.671375087735,3313.6449300188515,5212.749350075816,4406.604749992401,4879.689330794415,64.10220151200338,5
delta0_frac__upper,delta0_frac,upper,0.01,29,Composition,43851.00108447736,46255.56900311683,30590.773599545377,62093.53650555934,32764.44224246774,61978.09158353431,49.71674323199841,5
delta0_frac__upper,delta0_frac,upper,0.01,30,Composition,59446.52430778922,54207.119733939726,32652.866976076803,66489.42797121912,49191.68886627124,63255.09054834223,97.13091358599922,5
gate_stag_scale__lower,gate_stag_scale,lower,40.0,1,Unimodal,6550511.091195358,6281672.277621451,2217026.769793195,11350628.93235286,2741068.208490484,8549126.386275357,7.5071150380099425,5
gate_stag_scale__lower,gate_stag_scale,lower,40.0,2,Unimodal,622497.106651581,714287.3692688011,531513.3129910565,1207436.4260224726,556210.5857836594,653779.414895236,6.408231984998565,5
gate_stag_scale__lower,gate_stag_scale,lower,40.0,3,Unimodal,6786.367573026665,16208.82044938792,1370.3269126806026,35468.58362086585,3964.339611955849,33454.484528410634,6.429883614007849,5
gate_stag_scale__lower,gate_stag_scale,lower,40.0,4,Multimodal,72.18091349838198,58.508086870850796,3.573064077288734,76.12937342441393,67.66364570234441,72.99343765182493,7.532973043998936,5
gate_stag_scale__lower,gate_stag_scale,lower,40.0,5,Multimodal,21.25876557055267,21.29890879882198,21.18672408117709,21.46618599046008,21.19539376010357,21.3874745918165,7.376970133002032,5
gate_stag_scale__lower,gate_stag_scale,lower,40.0,6,Multimodal,36.10000897061684,36.599262580199955,31.504859784233872,40.93211016153077,35.703591660261964,38.75574232435633,86.20589970699803,5
gate_stag_scale__lower,gate_stag_scale,lower,40.0,7,Multimodal,0.1912176910913103,0.3336008622566623,0.0932836678690591,0.6857744420838117,0.1856288198041511,0.5120996904349795,7.596478624996962,5
gate_stag_scale__lower,gate_stag_scale,lower,40.0,8,Multimodal,288.67854311319707,289.49650808423183,265.43561297043607,315.3924769460159,280.8170406730683,297.1588667184419,7.207143624997116,5
gate_stag_scale__lower,gate_stag_scale,lower,40.0,9,Multimodal,417.5199496790351,385.9012589018623,286.78806405673004,469.81452491136815,309.1580794081217,446.2256764540566,7.322394085989799,5
gate_stag_scale__lower,gate_stag_scale,lower,40.0,10,Multimodal,3249.741568483194,3170.9424386919836,2890.541606436658,3333.2951476629096,3094.057994883746,3287.0758759934106,12.66661409700464,5
gate_stag_scale__lower,gate_stag_scale,lower,40.0,11,Multimodal,3676.333000504981,3790.521827787759,3606.5778963943503,4074.825574204133,3674.632576021028,3920.240091814303,12.733018356011598,5
gate_stag_scale__lower,gate_stag_scale,lower,40.0,12,Multimodal,0.7551098881849612,0.7524412664594365,0.6032806326995797,0.91622743393782,0.6639956532108044,0.8235927242640173,503.3539038119925,5
gate_stag_scale__lower,gate_stag_scale,lower,40.0,13,Multimodal,0.3327405391846696,0.3380606002150216,0.2567276993413543,0.4867444952756159,0.2783661754197055,0.3357240918537627,7.546228813997004,5
gate_stag_scale__lower,gate_stag_scale,lower,40.0,14,Multimodal,0.3669332350616514,0.38033071148738595,0.3584847774345689,0.4086821052701452,0.3598292614747151,0.4077241781958491,7.6427043069998035,5
gate_stag_scale__lower,gate_stag_scale,lower,40.0,15,Multimodal,14.831153452709714,14.932680113676042,11.619273548828003,18.39292954386701,14.575945423091298,15.244098599884182,8.569283536999137,5
gate_stag_scale__lower,gate_stag_scale,lower,40.0,16,Multimodal,13.495239987904595,13.499126440537975,13.232409582882156,13.85837477537666,13.277304159778396,13.632303696748068,44.21777702899999,5
gate_stag_scale__lower,gate_stag_scale,lower,40.0,17,Hybrid,142182.6713972048,186414.1035579624,105626.05124439804,310043.1341180516,114374.08363226573,259844.57739789184,15.198203918000218,5
gate_stag_scale__lower,gate_stag_scale,lower,40.0,18,Hybrid,72006.16821643992,76733.50098525004,45661.30564882302,120465.85593454668,58812.68290118062,86721.49222525998,9.454955029999836,5
gate_stag_scale__lower,gate_stag_scale,lower,40.0,19,Hybrid,34.18813962377294,34.77049845551433,31.16003634512367,39.11912844220933,32.42726145010556,36.95792641636013,32.45115334200091,5
gate_stag_scale__lower,gate_stag_scale,lower,40.0,20,Hybrid,30156.24568219383,27036.02922765502,10039.201581932815,34683.24082619723,27410.73162500717,32890.72642294407,12.016486456996065,5
gate_stag_scale__lower,gate_stag_scale,lower,40.0,21,Hybrid,50660.243720968814,48887.657363105805,33790.27576156943,62198.4398150458,43620.47910195213,54168.84841599284,22.730535223003244,5
gate_stag_scale__lower,gate_stag_scale,lower,40.0,22,Hybrid,430.0913346453126,515.3134429948238,203.49432840228565,851.3648670480861,332.694921452694,758.9217634257411,70.14287309598876,5
gate_stag_scale__lower,gate_stag_scale,lower,40.0,23,Composition,222.86322563213207,222.8637746067643,222.85853661972715,222.86888249872936,222.86286216717053,222.86536611606243,18.394964467006503,5
gate_stag_scale__lower,gate_stag_scale,lower,40.0,24,Composition,228.00625945318825,228.9358821530346,227.56557382775785,231.10704072330643,227.7320979873612,230.2684387735594,21.093026514005032,5
gate_stag_scale__lower,gate_stag_scale,lower,40.0,25,Composition,218.58963245285983,218.52586434941122,214.34471438301807,223.88437294901317,215.00151206629332,220.8090898958717,20.973870351997903,5
gate_stag_scale__lower,gate_stag_scale,lower,40.0,26,Composition,200.1319538946318,180.22601541835394,100.33807025615806,200.3012300062228,200.1130520574511,200.24577087730583,106.94641202200728,5
gate_stag_scale__lower,gate_stag_scale,lower,40.0,27,Composition,404.1911269366092,404.45282568850814,402.89607121237714,407.2092280072634,403.5520004875534,404.4157017987377,106.7389045279997,5
gate_stag_scale__lower,gate_stag_scale,lower,40.0,28,Composition,4531.3030276146665,4211.253181012508,3288.2312294569465,4783.759250558257,3808.453949224886,4644.518448207785,67.35039727900585,5
gate_stag_scale__lower,gate_stag_scale,lower,40.0,29,Composition,16660.040737593583,14935.653034358216,7173.113025612509,19217.864691726776,13531.649096438432,18095.59762041977,51.75899678599672,5
gate_stag_scale__lower,gate_stag_scale,lower,40.0,30,Composition,27353.521262025384,29884.60745664137,15803.90062338877,52187.40284173901,18426.463531733603,35651.74902432009,100.38026062499556,5
gate_stag_scale__upper,gate_stag_scale,upper,160.0,1,Unimodal,4505559.377834237,4223574.19829734,1068654.2334528903,6878082.575324516,3643267.900176288,5022306.90469877,7.372486702995957,5
gate_stag_scale__upper,gate_stag_scale,upper,160.0,2,Unimodal,657149.9430938,631907.6183315997,278689.8129770437,914491.6712293884,566250.9662372487,742955.6981205177,6.493340897999588,5
gate_stag_scale__upper,gate_stag_scale,upper,160.0,3,Unimodal,9205.469993025625,15181.036237822875,889.1784215660482,32757.163139952405,1407.013784430583,31646.355850139716,6.545958045011503,5
gate_stag_scale__upper,gate_stag_scale,upper,160.0,4,Multimodal,69.5333773868461,44.79820700769394,1.841930815597664,75.52555066098381,3.655796907369279,73.43437926767285,7.538444796009571,5
gate_stag_scale__upper,gate_stag_scale,upper,160.0,5,Multimodal,21.13173114581423,21.139221377951458,20.99897708001754,21.28489796329552,21.11581492743801,21.16468577319199,7.336921305992291,5
gate_stag_scale__upper,gate_stag_scale,upper,160.0,6,Multimodal,36.34673539599624,35.745495283181455,33.87681522073592,36.6829570156948,35.3773652743771,36.44360350910324,86.62026211200282,5
gate_stag_scale__upper,gate_stag_scale,upper,160.0,7,Multimodal,0.6149946078717221,0.5640484820720986,0.255840659321052,0.7823756170497518,0.4353215426118595,0.7317099835061072,7.482774469011929,5
gate_stag_scale__upper,gate_stag_scale,upper,160.0,8,Multimodal,285.2990029798977,286.02447539301994,278.1924139880141,296.76144761142746,281.3733624054853,288.49614998027505,7.210285918001318,5
gate_stag_scale__upper,gate_stag_scale,upper,160.0,9,Multimodal,417.51891865009566,399.15237931785106,309.7782314693179,468.1575822547743,354.0892455532969,446.21791866177045,7.450986244002706,5
gate_stag_scale__upper,gate_stag_scale,upper,160.0,10,Multimodal,3248.7820138271272,3143.213096144624,2677.313863342113,3408.7131132353497,3094.0210421242064,3287.235448194324,12.548982852997142,5
gate_stag_scale__upper,gate_stag_scale,upper,160.0,11,Multimodal,3700.8419812709744,3855.6577068965657,3550.830387412157,4499.141734021026,3606.5259943569617,3920.948437421708,12.724092674005078,5
gate_stag_scale__upper,gate_stag_scale,upper,160.0,12,Multimodal,0.7291312781335364,0.7158595832600441,0.3367808392640654,0.9984494262646422,0.6245962577681894,0.8903401148697867,502.71843012599857,5
gate_stag_scale__upper,gate_stag_scale,upper,160.0,13,Multimodal,0.3350407181392256,0.3413040916862883,0.2921644249599922,0.3911564633986018,0.3181263938395204,0.3700324580941014,7.442226193001261,5
gate_stag_scale__upper,gate_stag_scale,upper,160.0,14,Multimodal,0.3471580456625815,0.31648968680697176,0.1922955126192391,0.3661915859941018,0.3126731185870994,0.364130171171837,7.529924444999779,5
gate_stag_scale__upper,gate_stag_scale,upper,160.0,15,Multimodal,14.66015826804255,14.45308255195091,12.359128028766918,15.889754697480384,14.51945537202664,14.83691639343806,8.616162070000428,5
gate_stag_scale__upper,gate_stag_scale,upper,160.0,16,Multimodal,13.499881012911146,13.513961347221038,13.225607624591248,13.88245824084106,13.312906190362355,13.648953667399384,44.84617546699883,5
gate_stag_scale__upper,gate_stag_scale,upper,160.0,17,Hybrid,250091.46372144853,442530.018041831,55871.34672791702,1464714.9439855749,96198.47967192066,345773.85610229353,15.364038165003876,5
gate_stag_scale__upper,gate_stag_scale,upper,160.0,18,Hybrid,86624.10240329424,86497.13038072061,68241.82933522545,95813.0388158015,86429.4043063308,95377.27704295106,9.5919683730026,5
gate_stag_scale__upper,gate_stag_scale,upper,160.0,19,Hybrid,38.10772344932184,38.34742929399899,32.03689771880568,41.994230343199206,37.80632285585443,41.791972102813816,32.26147779599705,5
gate_stag_scale__upper,gate_stag_scale,upper,160.0,20,Hybrid,35084.90140060574,44920.25317294141,28498.174800643854,91128.781907876,34004.50249355187,35884.90526202963,12.28740531700896,5
gate_stag_scale__upper,gate_stag_scale,upper,160.0,21,Hybrid,52423.130711770296,46718.04570305416,31673.480130341835,58115.50862745684,36149.62971541609,55228.479330285714,22.83409982301237,5
gate_stag_scale__upper,gate_stag_scale,upper,160.0,22,Hybrid,452.48347429432624,486.9625462540479,334.0104813835724,712.9048822854656,361.84917619707767,573.5647171097976,70.17861188000825,5
gate_stag_scale__upper,gate_stag_scale,upper,160.0,23,Composition,222.86171983646815,222.8608175315616,222.85543223398827,222.86366401575333,222.8609870717214,222.86228449987675,18.160654048988363,5
gate_stag_scale__upper,gate_stag_scale,upper,160.0,24,Composition,227.59024420051264,227.60277638700444,226.43395573437783,228.5806045639192,226.86686522582977,228.5422122103828,20.7645631179912,5
gate_stag_scale__upper,gate_stag_scale,upper,160.0,25,Composition,218.4264189257019,217.7676153488047,212.25915399995893,221.69557378054924,215.1831194569877,221.2738105808257,21.020781312996405,5
gate_stag_scale__upper,gate_stag_scale,upper,160.0,26,Composition,200.1677570863817,180.2505737078035,100.46158424784744,200.2754647356346,200.139785713121,200.2082767560328,107.89336760999868,5
gate_stag_scale__upper,gate_stag_scale,upper,160.0,27,Composition,405.14605342217146,404.8961959963385,403.4894379671805,406.1720150365545,403.8456174246744,405.8278561311117,106.95594457599508,5
gate_stag_scale__upper,gate_stag_scale,upper,160.0,28,Composition,4440.081537935082,4211.800534113942,3288.1980822103706,4760.268031972775,3925.814036324443,4644.640982127041,66.67833521499415,5
gate_stag_scale__upper,gate_stag_scale,upper,160.0,29,Composition,8990.298235212505,16023.953224491914,6937.528862965639,37286.804956610285,7330.94657504136,19574.18749262977,54.24637396199978,5
gate_stag_scale__upper,gate_stag_scale,upper,160.0,30,Composition,26348.475551348,27780.330390945513,23393.549794057293,35495.015537619896,24504.560468022028,29160.050603680345,105.49022747699928,5
mem_pull__lower,mem_pull,lower,0.175,1,Unimodal,2936026.1924339994,4679397.439199954,1544229.3124041194,8728740.504526401,1817703.2072151816,8370287.979420068,7.253425300004892,5
mem_pull__lower,mem_pull,lower,0.175,2,Unimodal,549241.5001389023,738122.2659756847,376533.0520843697,1698322.349862086,440215.3099513436,626299.1178417224,6.26144345200737,5
mem_pull__lower,mem_pull,lower,0.175,3,Unimodal,11764.775047745645,16142.584362401558,280.43542767690906,36759.41126687353,1897.58668080681,30010.71338890489,6.2788600519998,5
mem_pull__lower,mem_pull,lower,0.175,4,Multimodal,71.03246465648567,72.354951285813,69.9195292140202,77.35922736810863,70.82401116899524,72.63952402145526,7.482484282998485,5
mem_pull__lower,mem_pull,lower,0.175,5,Multimodal,21.26379850975536,21.233175851135616,21.03360594890387,21.508180258252537,21.051895909314453,21.308398629451855,7.362718771997606,5
mem_pull__lower,mem_pull,lower,0.175,6,Multimodal,35.28447722656483,35.520934105535204,31.090276212882827,39.11503315844743,34.88930200912023,37.22558192066072,85.38112279199413,5
mem_pull__lower,mem_pull,lower,0.175,7,Multimodal,0.4175986880336495,0.5290613080859202,0.2504335022572377,0.8834373260554003,0.3838178828366381,0.7100191412466756,7.492760963999899,5
mem_pull__lower,mem_pull,lower,0.175,8,Multimodal,319.8867330810667,333.34467380053457,289.0036149934051,379.9834000102974,310.8033120134264,367.0463089044772,7.087530686010723,5
mem_pull__lower,mem_pull,lower,0.175,9,Multimodal,446.3196710841355,443.7294616181465,359.272670573597,491.489165341073,445.8730676287687,475.6927334631587,7.269868732008035,5
mem_pull__lower,mem_pull,lower,0.175,10,Multimodal,3317.929580366186,3523.4728800569383,3276.9256015558494,4017.417721191405,3296.442077861413,3708.649419309837,12.457941104003112,5
mem_pull__lower,mem_pull,lower,0.175,11,Multimodal,4018.98343101812,4094.8611903069095,3757.921655961964,4563.065711747669,3953.733169186089,4180.601983620705,12.552083009999478,5
mem_pull__lower,mem_pull,lower,0.175,12,Multimodal,0.7069955519652922,0.6443022193047909,0.4443207902450012,0.7775266725436722,0.5737791937547172,0.7188888880152717,501.5681385219941,5
mem_pull__lower,mem_pull,lower,0.175,13,Multimodal,0.2994324374697044,0.31073707378818655,0.2618213887587899,0.3881709816153034,0.2984290910883374,0.3058314700087976,7.368662512992159,5
mem_pull__lower,mem_pull,lower,0.175,14,Multimodal,0.2947566659354379,0.276704208181809,0.2294189683218519,0.2996454056562925,0.2621001941138274,0.2975998068816352,7.48488508099399,5
mem_pull__lower,mem_pull,lower,0.175,15,Multimodal,15.589349747304825,15.57164428505962,13.659609852693166,17.43741599929467,13.928465820851445,17.243380005153995,8.339961174002383,5
mem_pull__lower,mem_pull,lower,0.175,16,Multimodal,13.652276347362204,13.712545106729157,13.414699504423195,14.14185295695438,13.52403111446256,13.829865610443449,43.89960710400192,5
mem_pull__lower,mem_pull,lower,0.175,17,Hybrid,200271.42635991503,196907.82702041563,73260.25964686579,313295.4886926352,110602.3425018338,287109.61790082825,15.158939244996873,5
mem_pull__lower,mem_pull,lower,0.175,18,Hybrid,98540.4179060474,102877.38956171814,83463.8532740286,139769.69120522766,91893.0667260313,100719.91869725578,9.589865531001124,5
mem_pull__lower,mem_pull,lower,0.175,19,Hybrid,36.02715790167372,35.74122514317155,29.40779385935048,42.265334367366,33.28491815255575,37.720921434911816,32.06617027000175,5
mem_pull__lower,mem_pull,lower,0.175,20,Hybrid,40980.7352470267,39385.47625972757,26417.55325916198,50358.634650576416,37294.46621088381,41875.99193098894,11.929814465998788,5
mem_pull__lower,mem_pull,lower,0.175,21,Hybrid,54274.02979055004,49391.012704512665,20077.069439734118,70004.54146967594,45870.66123476284,56728.76158784036,22.770398029999345,5
mem_pull__lower,mem_pull,lower,0.175,22,Hybrid,432.18958457172266,611.2151392478415,209.41109879609485,1519.242145684486,347.24525509064915,547.9876120962554,70.28639588099031,5
mem_pull__lower,mem_pull,lower,0.175,23,Composition,222.86505619577383,222.86259396340475,222.85592129678707,222.868810629398,222.857531025531,222.8656506695338,18.180874383004262,5
mem_pull__lower,mem_pull,lower,0.175,24,Composition,230.9916797028636,234.25937781896909,227.80637379726704,242.3777825365405,228.97744351532629,241.14360954284805,20.51267446100246,5
mem_pull__lower,mem_pull,lower,0.175,25,Composition,218.64365948623615,219.50388269341693,211.7488303999289,229.08677378891932,213.8076507028154,224.2324990891848,21.063441128004342,5
mem_pull__lower,mem_pull,lower,0.175,26,Composition,200.2224086062511,180.2733287505249,100.36184969670968,200.3549045555942,200.2027677747656,200.22471311930397,106.87511670299864,5
mem_pull__lower,mem_pull,lower,0.175,27,Composition,407.30853372387264,406.76491463480824,404.0555685370364,409.3234044558585,405.54177278372526,407.5952936735485,106.6933839669946,5
mem_pull__lower,mem_pull,lower,0.175,28,Composition,4653.022512374399,4704.570329470431,3285.35070091079,5859.614194436974,4643.963583177185,5080.900656452804,66.34311315300874,5
mem_pull__lower,mem_pull,lower,0.175,29,Composition,12714.320445898073,13136.351808149653,7990.016016857437,23319.232065731965,8518.996168661773,13139.19434359902,52.663425524006016,5
mem_pull__lower,mem_pull,lower,0.175,30,Composition,33344.613863231185,32593.80350502308,25857.192799178894,38783.26360915648,31472.36972277194,33511.57753077691,101.30230262300756,5
mem_pull__upper,mem_pull,upper,0.525,1,Unimodal,4804517.83354958,4225652.89863996,792118.828344848,5985192.305513958,4461049.943664539,5085385.582126875,7.383862991002388,5
mem_pull__upper,mem_pull,upper,0.525,2,Unimodal,692556.9658791854,742866.8369849095,247887.0314532404,1561446.8513475987,375898.3829225838,836544.9533219397,6.410436848003883,5
mem_pull__upper,mem_pull,upper,0.525,3,Unimodal,7989.018835820798,14476.95799998958,1862.7782963366176,32801.37636633249,7353.153682735256,22378.462818722728,6.3234591870132135,5
mem_pull__upper,mem_pull,upper,0.525,4,Multimodal,73.10214631409269,66.38999348627672,35.368490036120136,81.08407140341257,68.65657972109784,73.73867995666035,7.62698231000104,5
mem_pull__upper,mem_pull,upper,0.525,5,Multimodal,21.308398629451855,21.295350344507096,21.206336168677808,21.386419403171654,21.23317430724171,21.342423213992447,7.460337746000732,5
mem_pull__upper,mem_pull,upper,0.525,6,Multimodal,34.26771494379636,34.8797442698891,30.03999563902198,39.32551593523056,33.051759753803594,37.71373507759301,87.2284847930132,5
mem_pull__upper,mem_pull,upper,0.525,7,Multimodal,0.4086806433014089,0.3990982759665712,0.3031592580525739,0.501278518299614,0.3237793446429577,0.4585936155363015,7.582242712989682,5
mem_pull__upper,mem_pull,upper,0.525,8,Multimodal,254.6606458454712,261.9655386236774,207.10826542654613,314.517768730997,248.76352952612345,284.7774835892492,7.30394427999272,5
mem_pull__upper,mem_pull,upper,0.525,9,Multimodal,414.27441769881807,402.69868513725197,310.2672458593895,466.8760742750171,407.4095414730559,414.6661463799792,7.337313834999804,5
mem_pull__upper,mem_pull,upper,0.525,10,Multimodal,3163.293568827603,3435.7826252880427,3074.331807528737,4146.692652726935,3093.796403370854,3700.798693986084,12.498110194006586,5
mem_pull__upper,mem_pull,upper,0.525,11,Multimodal,4255.909985872029,3952.4499695582576,3361.9480090617417,4279.907343296638,3604.1233888475726,4260.361120713305,12.86945592200209,5
mem_pull__upper,mem_pull,upper,0.525,12,Multimodal,1.0744992348941196,1.0152128767390423,0.5588178470306957,1.418454852785317,0.857766341090155,1.1665261078949245,506.083747015,5
mem_pull__upper,mem_pull,upper,0.525,13,Multimodal,0.2424668934097553,0.26763583614920206,0.1824553408098381,0.348207476221205,0.2272366277477431,0.3378128425574687,7.501090582009056,5
mem_pull__upper,mem_pull,upper,0.525,14,Multimodal,0.4574885871254537,0.42225282993749713,0.2572935762425459,0.5325270332903074,0.4062464349576657,0.457708518071513,7.490900800999952,5
mem_pull__upper,mem_pull,upper,0.525,15,Multimodal,16.315955474679868,15.48201460497953,13.659609852693166,17.071955943127705,13.730471535042623,16.632080219354293,8.388422991993139,5
mem_pull__upper,mem_pull,upper,0.525,16,Multimodal,13.513036572548344,13.59436972872768,13.356166580557783,13.870128712200083,13.481196258440832,13.751320519891353,44.3384864450054,5
mem_pull__upper,mem_pull,upper,0.525,17,Hybrid,146966.52624225337,147450.82354962363,110398.67214335434,180272.5188349652,133568.20569880056,166048.1948287447,15.379091620998224,5
mem_pull__upper,mem_pull,upper,0.525,18,Hybrid,95093.85297092352,93378.81147423388,75061.25790671153,112932.75494669205,86864.79490810103,96941.39663874128,9.3828789320105,5
mem_pull__upper,mem_pull,upper,0.525,19,Hybrid,34.33185525610111,32.61829591184314,28.243876879089385,35.58046643566536,30.305502825379563,34.6297781629803,32.44661662400176,5
mem_pull__upper,mem_pull,upper,0.525,20,Hybrid,26807.816834649817,28115.74529444143,18952.057846958935,37296.93443264502,26713.411454172056,30808.50590378132,12.105641328002092,5
mem_pull__upper,mem_pull,upper,0.525,21,Hybrid,40268.02746256115,44206.4998353593,36642.27880735816,63681.19906189258,38071.098780322594,42369.89506466198,22.99547182800597,5
mem_pull__upper,mem_pull,upper,0.525,22,Hybrid,557.0600034615709,747.5862062950407,349.5042469062437,1519.242145684486,464.944764916384,847.1798705065189,70.17407525100862,5
mem_pull__upper,mem_pull,upper,0.525,23,Composition,222.86066630104503,222.8624265408924,222.8574735504744,222.8724024605908,222.8593210238209,222.86226936853063,18.12728593299107,5
mem_pull__upper,mem_pull,upper,0.525,24,Composition,227.16831750542497,229.62608393166792,224.6810784647787,240.68479792830976,227.11527892673485,228.48094683309137,20.7173018159956,5
mem_pull__upper,mem_pull,upper,0.525,25,Composition,218.39517057046575,217.76098852294908,211.58192817525605,221.4177057635261,217.64485840652787,219.7652796989696,20.83377656900848,5
mem_pull__upper,mem_pull,upper,0.525,26,Composition,200.10121529866228,180.23239502601373,100.62959048242465,200.18369031990412,200.08107061630108,200.1664084127765,106.45954272900416,5
mem_pull__upper,mem_pull,upper,0.525,27,Composition,403.1695528786304,403.62854366987983,401.9269248062483,405.1156362897914,403.12614789792224,404.804456476807,107.6902459760022,5
mem_pull__upper,mem_pull,upper,0.525,28,Composition,4643.963583177185,4294.961782368946,3291.509668160676,4761.467182053935,4124.845966078533,4653.022512374399,66.2202456810046,5
mem_pull__upper,mem_pull,upper,0.525,29,Composition,10409.757927151782,17677.627461383287,8331.016749035083,37885.403050094144,10294.127152743407,21467.83242789201,51.56915383900923,5
mem_pull__upper,mem_pull,upper,0.525,30,Composition,22385.30359232181,23505.8769378239,15570.554992494195,36893.279738507015,17198.157166883462,25482.089198913032,100.11348558099417,5
mem_push__lower,mem_push,lower,0.125,1,Unimodal,7700392.185988564,6376152.515108051,2336954.951498484,9862110.791180968,4119693.623750714,7861611.023121522,7.271257353990222,5
mem_push__lower,mem_push,lower,0.125,2,Unimodal,978949.7190628508,859419.627082476,382741.90952394006,1126826.9459279217,740886.8217535961,1067692.739144072,6.390359045006335,5
mem_push__lower,mem_push,lower,0.125,3,Unimodal,8412.218088059344,14692.285689739449,364.7354355467842,32130.116871758197,1367.990627278804,31186.36742605412,6.408960483997362,5
mem_push__lower,mem_push,lower,0.125,4,Multimodal,70.95672825602503,71.43925193518508,68.9063412996415,75.65966295791429,69.5919888639657,72.08153829837892,7.606993036999484,5
mem_push__lower,mem_push,lower,0.125,5,Multimodal,21.291442319155976,21.282445878657747,21.044423935238,21.557570393204287,21.153646243520484,21.365146502169974,7.536529438002617,5
mem_push__lower,mem_push,lower,0.125,6,Multimodal,36.69418880566877,36.95891288643654,33.61452940601396,40.86062651750251,34.42746875906039,39.19775094393708,85.84386448400619,5
mem_push__lower,mem_push,lower,0.125,7,Multimodal,0.433930505354283,0.4391590868866615,0.1786020220603177,0.7568153658586425,0.30002058968455,0.5264269514755142,7.527019720990211,5
mem_push__lower,mem_push,lower,0.125,8,Multimodal,285.1219212368442,300.6654738411191,277.598734913134,355.08172104963955,278.9388026304909,306.5861893754868,7.168963439995423,5
mem_push__lower,mem_push,lower,0.125,9,Multimodal,446.2944067931328,413.6438001710902,309.96757994577206,447.1753780693744,418.2572203771424,446.5244156700296,7.300365931994747,5
mem_push__lower,mem_push,lower,0.125,10,Multimodal,3102.700810207529,3215.7119271605225,3012.925433251199,3466.440055119176,3090.684929341118,3405.808407883591,12.322780777001752,5
mem_push__lower,mem_push,lower,0.125,11,Multimodal,3678.984460813006,3723.9489108070675,3401.495190267404,4133.065261891808,3620.4322501983897,3785.76739086473,12.49628715700237,5
mem_push__lower,mem_push,lower,0.125,12,Multimodal,0.9080190626311831,0.8276756090662275,0.3624630692947903,0.9882715311041466,0.8928907301553863,0.9867336521456308,495.0176911419985,5
mem_push__lower,mem_push,lower,0.125,13,Multimodal,0.2900603787518321,0.3156785803187631,0.2567490820804323,0.378762129602137,0.2757748314697892,0.3770464796896249,7.535617992994958,5
mem_push__lower,mem_push,lower,0.125,14,Multimodal,0.4183411307001279,0.419265452345644,0.3605758829514798,0.5057646430218483,0.3731802264576345,0.4384653785971295,7.367286328008049,5
mem_push__lower,mem_push,lower,0.125,15,Multimodal,9.340376386392563,11.265127391295527,7.48740298640314,19.638322875691077,9.06269678916442,10.79683791882644,8.368398595004692,5
mem_push__lower,mem_push,lower,0.125,16,Multimodal,13.513687184465198,13.494653023958744,13.162679966028918,13.774646421966054,13.38099879807146,13.641252749262094,43.795405010998365,5
mem_push__lower,mem_push,lower,0.125,17,Hybrid,265233.63793319825,219959.57081586114,106057.49521104046,291132.60192078,156483.55771115984,280890.56130312703,15.093074592004996,5
mem_push__lower,mem_push,lower,0.125,18,Hybrid,76322.36140141852,70698.63881064687,34657.630528534835,90393.90406701036,63467.28148108772,88652.01657518288,9.708270087998244,5
mem_push__lower,mem_push,lower,0.125,19,Hybrid,30.20930480307152,32.129916094406646,27.81712338141665,37.7992670127428,29.9164715372076,34.90741373759465,32.1572018010047,5
mem_push__lower,mem_push,lower,0.125,20,Hybrid,31839.950664317512,31215.556661226175,28182.129210794068,35068.40213790756,28895.99131136476,32091.309981746985,12.092795171003672,5
mem_push__lower,mem_push,lower,0.125,21,Hybrid,50462.982825369385,53946.26518533357,32642.744458127447,84704.3177435756,39582.236428571305,62339.04447102411,22.63895953199244,5
mem_push__lower,mem_push,lower,0.125,22,Hybrid,355.2747212740901,330.85204801857145,198.11798729726888,423.97632338753465,311.0288150525193,365.8623930814442,70.1387139790022,5
mem_push__lower,mem_push,lower,0.125,23,Composition,222.86905737079405,222.86679236426252,222.861343313014,222.87182351050387,222.8614809562423,222.8702566707584,18.29843502600852,5
mem_push__lower,mem_push,lower,0.125,24,Composition,228.0880990159526,227.37295505450675,223.91899270546537,230.40046556576,225.3646280625362,229.0925899228196,21.05047647400352,5
mem_push__lower,mem_push,lower,0.125,25,Composition,216.8401709256559,217.8840408589589,213.0141541751036,225.10441584895895,215.53834418647648,218.92311915859955,21.35252341000887,5
mem_push__lower,mem_push,lower,0.125,26,Composition,200.18597626038536,180.27198157627646,100.37148786279477,200.35515514181637,200.1843569007988,200.262931715587,107.02839689300164,5
mem_push__lower,mem_push,lower,0.125,27,Composition,404.0804244941824,404.69086015389473,403.5559565829417,407.233288623368,403.71683018360864,404.8678008853731,106.82143508498848,5
mem_push__lower,mem_push,lower,0.125,28,Composition,4524.54031234208,4346.908053138521,3564.5002216325065,4807.4078813456335,4194.521365074569,4643.570485297816,66.94929120400047,5
mem_push__lower,mem_push,lower,0.125,29,Composition,19518.616124357428,16063.357033790779,8906.614957900712,21562.19538429431,9948.897178815369,20380.461523586077,52.01121329799935,5
mem_push__lower,mem_push,lower,0.125,30,Composition,31236.303988825093,31913.30474589704,28693.45123202821,36488.77616716227,29300.278481336056,33847.71386013357,100.31681368799764,5
mem_push__upper,mem_push,upper,0.375,1,Unimodal,6371615.358381411,5501069.084078908,1771107.747498711,7388699.817837205,4805899.065872808,7168023.430804405,7.358563180998317,5
mem_push__upper,mem_push,upper,0.375,2,Unimodal,941985.1534466484,855535.499683621,236180.74992529888,1584319.305842229,568436.2117310405,946756.0774728884,6.470777127004112,5
mem_push__upper,mem_push,upper,0.375,3,Unimodal,4709.9106153940265,14169.77712543185,303.999345805134,32531.278533181663,1656.3605035639723,31647.33662921445,6.505047744998592,5
mem_push__upper,mem_push,upper,0.375,4,Multimodal,70.32776000026399,58.31674403405081,4.345590870367516,74.45243914213887,68.56487830411379,73.89305185336985,7.657674187008524,5
mem_push__upper,mem_push,upper,0.375,5,Multimodal,21.209713340461576,21.22035217128921,21.0512786363654,21.49836468052604,21.131601044452964,21.210803154640075,7.471204178000335,5
mem_push__upper,mem_push,upper,0.375,6,Multimodal,35.004753069495,34.13723240472193,30.54253920311419,36.69673405578726,32.7168913369452,35.725244358268014,87.27365731299506,5
mem_push__upper,mem_push,upper,0.375,7,Multimodal,0.3295170744946745,0.41550419522436643,0.2075383000209285,0.7820243386731818,0.2557404139835171,0.5027008489495302,7.688082095992286,5
mem_push__upper,mem_push,upper,0.375,8,Multimodal,337.14308257697485,343.52158468638805,320.14608127317524,379.2673695616354,321.4491160332359,359.6022739869188,7.234738720988389,5
mem_push__upper,mem_push,upper,0.375,9,Multimodal,466.3952097841186,488.08341934307754,373.4148437725414,657.0288796839873,446.6307629426276,496.9474005321131,7.54719079300412,5
mem_push__upper,mem_push,upper,0.375,10,Multimodal,3308.599525191072,3372.33504109936,3047.68162966568,3817.2354624389736,3278.305407163505,3409.853181037566,12.456299664001564,5
mem_push__upper,mem_push,upper,0.375,11,Multimodal,4309.614174938462,4388.419335518025,3602.029360434788,5404.561950899243,4186.787526281421,4439.103665036208,12.833449148994989,5
mem_push__upper,mem_push,upper,0.375,12,Multimodal,0.6618761978368184,0.8392650673050411,0.4587106230551399,1.4466671057616622,0.5662807387827797,1.0627906710888055,504.11010016399086,5
mem_push__upper,mem_push,upper,0.375,13,Multimodal,0.2858142400079941,0.2774836043659433,0.2153733933794228,0.3461912781308456,0.238480466817009,0.3015586434944453,7.774087634999887,5
mem_push__upper,mem_push,upper,0.375,14,Multimodal,0.2963886686786736,0.3277363492412405,0.2680062241536234,0.434210234307784,0.2734463688277628,0.3666302502383587,7.622727879002923,5
mem_push__upper,mem_push,upper,0.375,15,Multimodal,16.148483767775588,17.84808297911054,11.894654193066115,28.39297375733668,15.218908383003736,17.585394794370586,8.665351290008402,5
mem_push__upper,mem_push,upper,0.375,16,Multimodal,14.08867859468114,14.062873128907677,13.799738698482996,14.43079721691288,13.90117620281626,14.093974931645109,45.14368066898896,5
mem_push__upper,mem_push,upper,0.375,17,Hybrid,220806.5508525942,172185.76399840805,67666.09711610217,232103.1379059053,109460.6598825891,230892.37423484947,15.631017696010533,5
mem_push__upper,mem_push,upper,0.375,18,Hybrid,88458.3295007587,87430.93048367475,80592.78275803874,93108.57062921864,84503.63776282933,90491.33176752832,9.57759483299742,5
mem_push__upper,mem_push,upper,0.375,19,Hybrid,38.43913763335081,39.34119189833573,33.51985204974471,43.60039168750632,38.17072779963996,42.97585032143684,32.08450019299926,5
mem_push__upper,mem_push,upper,0.375,20,Hybrid,34742.77917491831,38804.828133919786,29551.80926492522,65295.86739280811,29653.748691757013,34779.9361451903,12.205492652996329,5
mem_push__upper,mem_push,upper,0.375,21,Hybrid,44571.85696733027,41518.41948721044,24550.59586187377,67055.17097216955,24755.793760199685,46658.679874478905,22.55651355399459,5
mem_push__upper,mem_push,upper,0.375,22,Hybrid,444.3755087620407,658.059549687501,396.4170551223888,1426.6409463247735,430.5871875232688,592.2770507050336,70.26356315999874,5
mem_push__upper,mem_push,upper,0.375,23,Composition,222.85695369857692,222.85706994262154,222.85247789718323,222.86422131807467,222.85249542489328,222.8592013743796,18.519287885006637,5
mem_push__upper,mem_push,upper,0.375,24,Composition,228.2926762344532,232.44360704621985,226.91866146938852,245.75870782610764,227.59527458643424,233.65271511471565,20.920689513994148,5
mem_push__upper,mem_push,upper,0.375,25,Composition,221.6755802151997,233.9076385807968,213.04580288638044,263.1785719702707,218.6404312610248,252.9978065711084,21.23261700999865,5
mem_push__upper,mem_push,upper,0.375,26,Composition,200.21476409257863,180.22592791829828,100.35979022242054,200.24142282942785,200.09291943799008,200.22074300907437,107.57269443299448,5
mem_push__upper,mem_push,upper,0.375,27,Composition,404.2656398343147,404.6620118680418,403.49894911123147,406.5269498499965,403.7418286451593,405.2766918995071,106.76546455499192,5
mem_push__upper,mem_push,upper,0.375,28,Composition,4645.900151115338,4660.972863035943,3095.8858986259384,5859.666391556013,4624.368582752754,5079.043291129672,66.9254316919978,5
mem_push__upper,mem_push,upper,0.375,29,Composition,16475.800527245883,16718.70344149142,14210.167843015792,18789.47619113083,16457.543432702816,17660.529213361788,52.078571023012046,5
mem_push__upper,mem_push,upper,0.375,30,Composition,28419.50169952056,29321.38844230686,16718.759574190735,52113.29040222947,16901.661093667357,32453.72944192619,100.22990925901104,5
s0_frac__lower,s0_frac,lower,0.01,1,Unimodal,2502291.251536529,4592585.379434629,1357853.136294086,9974225.373400794,2346145.493152483,6782411.642789255,7.920605779001562,5
s0_frac__lower,s0_frac,lower,0.01,2,Unimodal,1084854.6820257157,1039757.7273654873,456907.0765373109,1661528.85868483,489409.8745542612,1506088.1450253185,6.917372293000881,5
s0_frac__lower,s0_frac,lower,0.01,3,Unimodal,13967.489977404692,17926.411335861787,589.6870686146311,39678.54275565165,868.586618499362,34527.7502591386,7.206512921000467,5
s0_frac__lower,s0_frac,lower,0.01,4,Multimodal,73.05283870757626,72.76264160702098,69.84696170608498,76.56488938738698,70.59026015480322,73.75825807925344,8.269618529999207,5
s0_frac__lower,s0_frac,lower,0.01,5,Multimodal,21.22224559818312,21.17451577996808,21.011823284742945,21.319677324341,21.066616948282785,21.252215744290535,8.00507202100016,5
s0_frac__lower,s0_frac,lower,0.01,6,Multimodal,39.09494101501798,38.91289721230241,35.79893104717962,43.86508447316464,36.44831090456432,39.3572186215855,94.05356315500104,5
s0_frac__lower,s0_frac,lower,0.01,7,Multimodal,0.3259788948371351,0.35223781663410136,0.1968602630123541,0.6555982484629794,0.2240691422990721,0.3586825345589659,8.215215674001229,5
s0_frac__lower,s0_frac,lower,0.01,8,Multimodal,299.7538555213009,294.0058188161482,267.7085669184873,314.8487916944953,281.659924022606,306.0579559238513,7.816432560000976,5
s0_frac__lower,s0_frac,lower,0.01,9,Multimodal,418.9165389735008,394.03683464538864,310.2720849589805,447.3304061682734,347.20106824014056,446.4640748860479,8.021294928001225,5
s0_frac__lower,s0_frac,lower,0.01,10,Multimodal,3087.237921423024,3128.0924051894694,2867.9331586182234,3422.5056942012325,2974.835321947161,3287.949929757706,13.726370223999766,5
s0_frac__lower,s0_frac,lower,0.01,11,Multimodal,4092.810211509485,4024.6548325411036,3446.747323493717,4639.791144249511,3748.659981009838,4195.26550244297,13.885732163000284,5
s0_frac__lower,s0_frac,lower,0.01,12,Multimodal,1.116524147185601,1.0602377766778317,0.6993842920119278,1.365495162832076,0.8674548794519978,1.2523304019075567,566.080208768999,5
s0_frac__lower,s0_frac,lower,0.01,13,Multimodal,0.3024780467683285,0.300808300949393,0.2373710514887079,0.3702432913321445,0.2423341335670557,0.3516149815907283,8.3611728270007,5
s0_frac__lower,s0_frac,lower,0.01,14,Multimodal,0.3947888255706857,0.45721157704779214,0.2538327906602262,0.6833986119099791,0.3168033709175688,0.6372342861805009,8.407362403999286,5
s0_frac__lower,s0_frac,lower,0.01,15,Multimodal,13.93792481069204,14.26039033201223,11.74942731761962,17.818254641252906,12.637900612970498,15.158444277526089,9.488791047000632,5
s0_frac__lower,s0_frac,lower,0.01,16,Multimodal,13.56446445684469,13.545091792352878,13.27615244188314,13.769612086845882,13.384321110951078,13.7309088652396,49.532491123,5
s0_frac__lower,s0_frac,lower,0.01,17,Hybrid,164375.9204412422,186159.61608485208,94476.78716877617,279479.0236097567,124803.76255901648,267662.5866454689,17.19339923299958,5
s0_frac__lower,s0_frac,lower,0.01,18,Hybrid,84301.02375919279,83447.87802377291,43020.56612323267,113029.66222573524,71698.63788548602,105189.50012521783,10.890293575999747,5
s0_frac__lower,s0_frac,lower,0.01,19,Hybrid,32.19279253900049,33.093220885795425,25.879025057812896,38.06592865032758,31.658599283298145,37.66975889853802,35.35201475500071,5
s0_frac__lower,s0_frac,lower,0.01,20,Hybrid,36669.81783029548,42401.95483443807,26573.12915769295,76721.23890009972,32460.693111496592,39584.89517260561,13.073611671001345,5
s0_frac__lower,s0_frac,lower,0.01,21,Hybrid,43064.55956080712,44712.61677504416,25862.591704197897,66696.31035827493,35793.42726362205,52146.19498831878,25.45041509800103,5
s0_frac__lower,s0_frac,lower,0.01,22,Hybrid,437.0171369568525,481.3396069519141,364.3110044978144,651.4878153761651,410.81521121050673,543.0668667182317,77.86091587400006,5
s0_frac__lower,s0_frac,lower,0.01,23,Composition,222.87048841189696,222.86745739813995,222.85855889743107,222.87835365195951,222.85927819156225,222.87060783785,19.98261455399916,5
s0_frac__lower,s0_frac,lower,0.01,24,Composition,228.19672088919515,228.96414317317885,226.9884358607651,231.41487486220285,228.02212174532812,230.19856250840303,22.378677601000163,5
s0_frac__lower,s0_frac,lower,0.01,25,Composition,217.53480157210743,217.58646906335034,212.42001099830625,223.6751127275502,215.1588147456464,219.14360527314147,23.06667971500065,5
s0_frac__lower,s0_frac,lower,0.01,26,Composition,200.1769406602998,180.24645976504854,100.32761825998024,200.28466587521143,200.17508313727055,200.2679908924806,121.78741400099898,5
s0_frac__lower,s0_frac,lower,0.01,27,Composition,403.9696983732565,404.23877720231087,403.8483731113938,405.35844758845406,403.8694753143605,404.1478916240894,121.66875404100028,5
s0_frac__lower,s0_frac,lower,0.01,28,Composition,4186.900346631363,4044.7814100706432,3183.53689166445,4643.778959672397,3919.1208064326056,4290.5700459524,75.4386804220012,5
s0_frac__lower,s0_frac,lower,0.01,29,Composition,16022.68800120982,18657.79275370787,7534.916371204974,32910.4468284143,12387.531795881076,24433.380771829176,58.03710524199778,5
s0_frac__lower,s0_frac,lower,0.01,30,Composition,30565.25480398159,31294.45747374834,20574.453272053917,41550.61758750201,29556.624215536664,34225.33748966752,112.77134815099998,5
s0_frac__upper,s0_frac,upper,0.04,1,Unimodal,3883319.7260393775,3983907.6183793456,1036621.8040554198,6966525.261476467,2452407.6779961376,5580663.6223293245,8.1241490350003,5
s0_frac__upper,s0_frac,upper,0.04,2,Unimodal,710385.7812631452,746107.2997602576,484486.5599204831,1192966.9752485158,504962.0543042552,837735.1280648885,6.962423562999902,5
s0_frac__upper,s0_frac,upper,0.04,3,Unimodal,18363.165216257257,17351.4107973032,1009.3551167492056,36043.966150348,1331.4186682393624,30009.148834922184,7.250167643000168,5
s0_frac__upper,s0_frac,upper,0.04,4,Multimodal,71.82568237450448,58.44470361747993,2.308763250261848,76.05294308755504,69.38761239451424,72.64851698056407,8.468455554000684,5
s0_frac__upper,s0_frac,upper,0.04,5,Multimodal,21.10269044483437,21.128175384293968,21.026004762923776,21.2485779419153,21.09014683163809,21.173456940158303,8.01844781699765,5
s0_frac__upper,s0_frac,upper,0.04,6,Multimodal,32.17165154577924,32.655586430981884,31.76664723326905,34.427099281307164,31.89168221309751,33.02085188145645,95.16128337800184,5
s0_frac__upper,s0_frac,upper,0.04,7,Multimodal,0.3364285581660624,0.29021155170914875,0.1778202399955262,0.393197290125272,0.2052891760733928,0.3383224941854905,8.251257832998817,5
s0_frac__upper,s0_frac,upper,0.04,8,Multimodal,278.8970271625733,283.7723271136567,246.7637232882014,327.56601558508873,270.6355663261511,294.9993032062689,8.111574209997343,5
s0_frac__upper,s0_frac,upper,0.04,9,Multimodal,414.5367602879205,394.5934433809904,309.45148782235947,448.0742652412744,355.0459209426481,445.85878261074936,8.244700895000278,5
s0_frac__upper,s0_frac,upper,0.04,10,Multimodal,3224.2385564898814,3201.2919857880142,3071.855735923633,3344.48951729737,3077.205578094212,3288.670541134974,14.188470569002677,5
s0_frac__upper,s0_frac,upper,0.04,11,Multimodal,3706.393821762269,3966.9813612156686,3414.729881399964,4919.436759374821,3605.054456437127,4189.291887104162,14.392200556998432,5
s0_frac__upper,s0_frac,upper,0.04,12,Multimodal,0.5974589542875037,0.672582106671598,0.4978627498369405,0.9130456255550145,0.5118987317007395,0.8426444719777919,565.3128878530006,5
s0_frac__upper,s0_frac,upper,0.04,13,Multimodal,0.2766600810655291,0.278654334219982,0.2355123147685844,0.317315113013592,0.2740343433686121,0.2897498188835925,7.936739657001453,5
s0_frac__upper,s0_frac,upper,0.04,14,Multimodal,0.4262921476918109,0.4152684634583238,0.3386410765510845,0.4903569595530825,0.3947236714734572,0.4263284620221839,8.121723023003142,5
s0_frac__upper,s0_frac,upper,0.04,15,Multimodal,14.67005765263275,14.352371175214785,11.65968727692666,18.8170867203753,11.716715666693515,14.898308559445695,8.967338414000551,5
s0_frac__upper,s0_frac,upper,0.04,16,Multimodal,13.598835309231845,13.528195333037548,13.199590188255796,13.759889650260448,13.369622560331209,13.713038957108438,48.150527117999445,5
s0_frac__upper,s0_frac,upper,0.04,17,Hybrid,159992.01499590994,172286.5906685405,54674.51498650541,286312.9984320977,102870.18946332455,257583.23546486485,16.77439186799893,5
s0_frac__upper,s0_frac,upper,0.04,18,Hybrid,91141.83674572648,87791.96480063698,49868.75372975343,109914.21335121436,85353.64639344305,102681.3737830476,10.159193314000731,5
s0_frac__upper,s0_frac,upper,0.04,19,Hybrid,35.0441891477617,38.84381547774069,32.70091243158299,54.51016174464007,32.89478495565663,39.06902910906206,35.15338281399818,5
s0_frac__upper,s0_frac,upper,0.04,20,Hybrid,32995.30261976827,33233.97487474651,20450.486835638258,42654.11626900337,31597.7806332988,38472.18801602388,13.431579997999506,5
s0_frac__upper,s0_frac,upper,0.04,21,Hybrid,34362.49131265748,37093.34165439468,32121.32204105099,42806.50028031749,33649.57485136946,42526.81978657797,25.11835163300202,5
s0_frac__upper,s0_frac,upper,0.04,22,Hybrid,328.5996041686621,352.90785730822716,174.16273947352556,581.9846339297169,274.8504550691605,404.9418539000708,78.25216241800081,5
s0_frac__upper,s0_frac,upper,0.04,23,Composition,222.86387886670585,222.86341497593057,222.8575984269501,222.8694237319141,222.85851204691835,222.8676618071645,20.04189341899837,5
s0_frac__upper,s0_frac,upper,0.04,24,Composition,226.6811108402621,226.7875705043395,222.07577303603105,230.80687859924,226.0173723600774,228.356717686087,23.206996640001307,5
s0_frac__upper,s0_frac,upper,0.04,25,Composition,215.03539403716425,215.71810998060565,212.07679261041855,218.9129749641711,214.56399877470403,218.00138951657027,23.146108936998644,5
s0_frac__upper,s0_frac,upper,0.04,26,Composition,200.0942302828712,160.2931060496716,100.34653679311803,200.34446377215409,100.48288357291084,200.19741582730376,114.36501352499909,5
s0_frac__upper,s0_frac,upper,0.04,27,Composition,404.4975462169814,404.8071068809366,403.1697856962346,407.56230009977753,403.7243353705194,405.08156702117,114.15898008300064,5
s0_frac__upper,s0_frac,upper,0.04,28,Composition,4098.76979922184,4047.662354194434,3213.168061050256,4773.556680476373,3946.4374781532897,4206.379752070413,70.20210473900079,5
s0_frac__upper,s0_frac,upper,0.04,29,Composition,14299.167827160272,13488.691736976534,4445.637198133607,20238.565068899454,11785.700272067716,16674.38831862162,54.84402229400075,5
s0_frac__upper,s0_frac,upper,0.04,30,Composition,28343.964848817617,30904.449894675745,28287.868842641605,35814.17416851937,28343.72733534201,33732.51427805812,109.2796383549976,5
stag_trigger__lower,stag_trigger,lower,30.0,1,Unimodal,4418397.595748012,4812537.671083619,1445327.6542090375,8124889.224890999,3275854.7016263283,6798219.178943719,7.354956944996957,5
stag_trigger__lower,stag_trigger,lower,30.0,2,Unimodal,541848.6425235224,608502.6406307383,415506.45197802666,865979.7425996872,483225.12787818775,735953.2381742678,6.317468687004293,5
stag_trigger__lower,stag_trigger,lower,30.0,3,Unimodal,6246.103047357848,13687.647097745765,955.7031425899148,30268.47931276917,1064.5366100098367,29903.41337600205,6.422290071001044,5
stag_trigger__lower,stag_trigger,lower,30.0,4,Multimodal,70.93492443052241,57.94714495920804,4.650899614563798,73.08674755479262,68.71136595160215,72.3517872445592,7.591364919004263,5
stag_trigger__lower,stag_trigger,lower,30.0,5,Multimodal,21.258050943282683,21.18066425282502,20.940300089986977,21.30265636689603,21.143802303531743,21.25851156042768,7.374993323988747,5
stag_trigger__lower,stag_trigger,lower,30.0,6,Multimodal,34.744818714037024,35.068133943834326,32.94350822396359,38.127628126626746,33.50696511763351,36.01774953691074,85.68188436099445,5
stag_trigger__lower,stag_trigger,lower,30.0,7,Multimodal,0.3952631094982735,0.3930650462556969,0.1290307441106506,0.6771586485094758,0.3146181901665841,0.4492545389935003,7.458472904996597,5
stag_trigger__lower,stag_trigger,lower,30.0,8,Multimodal,285.9370588943216,283.1613286511414,263.3429857984431,296.74962764845577,281.2449592989958,288.5320116154908,7.28783954300161,5
stag_trigger__lower,stag_trigger,lower,30.0,9,Multimodal,417.51408586006346,385.6806808259168,287.3912038606313,468.1634822851215,309.16117965889794,446.1734524648698,7.469086848010193,5
stag_trigger__lower,stag_trigger,lower,30.0,10,Multimodal,3247.0285656428587,3116.744065808159,2644.0279348588447,3301.881427176213,3094.0262907054075,3296.756110657472,12.63972780900076,5
stag_trigger__lower,stag_trigger,lower,30.0,11,Multimodal,3679.8017936018814,3764.9860211530554,3548.907999694329,4071.847324771488,3604.63233155592,3919.740656141661,12.935486735004815,5
stag_trigger__lower,stag_trigger,lower,30.0,12,Multimodal,0.9014917084014088,0.901893676346117,0.7152632546194582,1.0744992348941196,0.8071401578138193,1.0110740260017792,509.6054324180004,5
stag_trigger__lower,stag_trigger,lower,30.0,13,Multimodal,0.2824500286474176,0.264906764075431,0.1609850143108815,0.3478182735918835,0.2348259686864366,0.2984545351405359,7.652556328001083,5
stag_trigger__lower,stag_trigger,lower,30.0,14,Multimodal,0.4137406154832206,0.3875974957639755,0.2815228363060669,0.5091221506575039,0.3178032765658827,0.4157985998072036,7.619208232004894,5
stag_trigger__lower,stag_trigger,lower,30.0,15,Multimodal,12.832578980640392,13.025607949478944,11.030584575804824,16.475395094499618,11.129871243756725,13.659609852693166,8.575642772993888,5
stag_trigger__lower,stag_trigger,lower,30.0,16,Multimodal,13.500780975739872,13.534108889744221,13.232164549135176,13.881282554304336,13.407320699908496,13.648995669633225,45.70419795699127,5
stag_trigger__lower,stag_trigger,lower,30.0,17,Hybrid,198411.4874415376,254355.48878088075,108472.5880869994,439127.51675171655,196821.8468452968,328944.00477885344,15.56337176100351,5
stag_trigger__lower,stag_trigger,lower,30.0,18,Hybrid,65011.77467272602,77163.8819948759,51615.79163742287,109300.31280522472,57694.50934293083,102197.0215160751,9.739330197000529,5
stag_trigger__lower,stag_trigger,lower,30.0,19,Hybrid,36.702215508707695,35.894143710900835,30.73043611543835,38.98269910628119,34.869423876598376,38.18594394747856,32.41841721101082,5
stag_trigger__lower,stag_trigger,lower,30.0,20,Hybrid,34715.594126389646,32532.795028402565,15948.023817956422,41107.42117046004,33703.600443749456,37189.33558345727,12.223595185991144,5
stag_trigger__lower,stag_trigger,lower,30.0,21,Hybrid,43752.1014119097,46943.55938012964,32108.99406849013,61974.3725267224,40614.72803471061,56267.600858815385,22.963886338999146,5
stag_trigger__lower,stag_trigger,lower,30.0,22,Hybrid,410.3859707722045,420.0255216984674,386.5169617849188,478.2907583281235,395.4907685330581,429.44314907403214,70.82388016000914,5
stag_trigger__lower,stag_trigger,lower,30.0,23,Composition,222.86365534194647,222.86294429403196,222.85860221300527,222.86689143157173,222.86052688389415,222.8650455997422,18.706152536004083,5
stag_trigger__lower,stag_trigger,lower,30.0,24,Composition,227.0054580723354,227.33003631092623,225.79583639800512,229.7462784215913,226.19552562344688,227.90708303925248,21.17561986700457,5
stag_trigger__lower,stag_trigger,lower,30.0,25,Composition,214.2455188005415,216.18419969155974,212.5142080390292,220.9965223985555,213.16762091935647,219.99712830031604,21.46158191599534,5
stag_trigger__lower,stag_trigger,lower,30.0,26,Composition,200.15189738895788,180.21882471307163,100.37182576316582,200.26477098278335,200.09791948937985,200.20770994107124,108.81739053800992,5
stag_trigger__lower,stag_trigger,lower,30.0,27,Composition,404.02193891016987,404.01898077201514,403.337566226121,404.444023585339,403.9699272443422,404.3214478941036,108.81026524900516,5
stag_trigger__lower,stag_trigger,lower,30.0,28,Composition,4558.92193589299,4266.954859806416,3288.206900809353,4762.404048682987,4081.27783046956,4643.963583177185,67.73279383098998,5
stag_trigger__lower,stag_trigger,lower,30.0,29,Composition,16849.373636235407,13636.22721514115,7924.938632937872,17565.456471714504,8407.264966129584,17434.102368688393,52.42794571600098,5
stag_trigger__lower,stag_trigger,lower,30.0,30,Composition,27116.31475817569,25757.908992733457,11418.582659910186,38426.56525962144,21768.554488061985,30059.52779789798,101.37505574099488,5
stag_trigger__upper,stag_trigger,upper,120.0,1,Unimodal,6388965.705558855,6416415.80123007,2605739.5735163284,11363216.791245446,4472806.994967397,7251349.940862323,7.356943342994782,5
stag_trigger__upper,stag_trigger,upper,120.0,2,Unimodal,545537.6393218104,657914.6233430157,394781.4995902644,1015862.2391183354,445170.1324206946,888221.6062639734,6.427778569996008,5
stag_trigger__upper,stag_trigger,upper,120.0,3,Unimodal,6062.721988853128,14480.408266249453,1046.4079729236355,32281.91173913908,1194.2225662479912,31816.77706408344,6.431206879002275,5
stag_trigger__upper,stag_trigger,upper,120.0,4,Multimodal,72.72844076282013,59.70571898847247,4.042596731113349,76.49169266181002,70.66868076586229,74.59718402075657,7.824674310992123,5
stag_trigger__upper,stag_trigger,upper,120.0,5,Multimodal,21.302656558974377,21.27313564900544,20.94029831445528,21.46367554888775,21.272630687467316,21.38641713524248,7.469164472000557,5
stag_trigger__upper,stag_trigger,upper,120.0,6,Multimodal,35.26115027276376,35.84256906432488,34.24430210769731,38.097797975086,35.0052100910915,36.60438487498584,87.3585581239895,5
stag_trigger__upper,stag_trigger,upper,120.0,7,Multimodal,0.6852046612183358,0.5563447341398614,0.2094869866295994,0.7285405620949632,0.449454750979612,0.7090367097767967,7.739537303001271,5
stag_trigger__upper,stag_trigger,upper,120.0,8,Multimodal,313.1761167699101,307.78722513062087,288.54216880805893,325.29250316964,296.7495997594121,315.17573714608307,7.300582664000103,5
stag_trigger__upper,stag_trigger,upper,120.0,9,Multimodal,445.7936773423719,427.38308194300043,359.2726702589107,468.16161726483847,417.5140859395656,446.1733589093153,7.421629635005956,5
stag_trigger__upper,stag_trigger,upper,120.0,10,Multimodal,3247.027484891707,3240.7054289006437,3094.0232165306625,3330.9675633457155,3234.7532258974497,3296.755653837683,12.714489225996658,5
stag_trigger__upper,stag_trigger,upper,120.0,11,Multimodal,3919.740558619025,3998.588528040691,3606.488018899545,4698.915890120598,3695.947208493051,4071.850964071237,12.99246746400604,5
stag_trigger__upper,stag_trigger,upper,120.0,12,Multimodal,0.950293399379234,0.9227542215713583,0.7463450935083529,1.0200707809428875,0.885987808024538,1.0110740260017792,500.1637317880086,5
stag_trigger__upper,stag_trigger,upper,120.0,13,Multimodal,0.3642074025237889,0.3645281088455704,0.313284239350196,0.4302976819483319,0.3378128425574687,0.3770383778480664,7.389237064999179,5
stag_trigger__upper,stag_trigger,upper,120.0,14,Multimodal,0.4135520159300085,0.39741701043935784,0.314135083158817,0.5091221506575039,0.3356853286586556,0.4145904737918044,7.494361224991735,5
stag_trigger__upper,stag_trigger,upper,120.0,15,Multimodal,13.798836232657775,14.054933229463312,10.09645539480789,18.33834436981488,13.659609852693166,14.381420297342856,8.3585036220029,5
stag_trigger__upper,stag_trigger,upper,120.0,16,Multimodal,13.648995661047593,13.61487710459146,13.232164526452834,13.881282667258349,13.50680291875642,13.805139749442104,44.000775130989496,5
stag_trigger__upper,stag_trigger,upper,120.0,17,Hybrid,301288.3017905294,243817.17166547044,108472.60615842394,347334.3451212904,154097.62098103907,307892.98427606944,15.20790788999875,5
stag_trigger__upper,stag_trigger,upper,120.0,18,Hybrid,82741.36917554299,84278.96646934647,57833.62523266296,111799.62776314151,73486.84049756241,95533.36967782251,9.515991114007193,5
stag_trigger__upper,stag_trigger,upper,120.0,19,Hybrid,40.1898693032399,38.60468598934513,26.72360966522274,44.94522904951828,36.962515675151735,44.202206253592976,32.102245902991854,5
stag_trigger__upper,stag_trigger,upper,120.0,20,Hybrid,37322.40577141741,41100.14840828216,34197.51769800842,60890.26707260123,34555.12426740605,38535.42723197772,12.06291522498941,5
stag_trigger__upper,stag_trigger,upper,120.0,21,Hybrid,51824.08655515184,49042.13597420168,30450.657497669366,74177.73837503383,35385.8739350448,53372.32350810858,22.703043693996733,5
stag_trigger__upper,stag_trigger,upper,120.0,22,Hybrid,461.4370828822193,628.3973117793639,253.97086285837804,1519.242145684486,338.7806061046931,568.5558613670428,69.59214779399917,5
stag_trigger__upper,stag_trigger,upper,120.0,23,Composition,222.8621918028093,222.864023633513,222.85782695498483,222.8709153340369,222.8611028722344,222.86808120349951,18.234663859009743,5
stag_trigger__upper,stag_trigger,upper,120.0,24,Composition,227.5562949960349,229.7185110521853,226.17109994057864,234.9425033125576,226.9778937036513,232.94476330810403,20.57776205999835,5
stag_trigger__upper,stag_trigger,upper,120.0,25,Composition,220.8728087458353,218.76947346865018,214.79429343328368,221.42000175829023,215.68676667221644,221.07349673362523,20.90343431699148,5
stag_trigger__upper,stag_trigger,upper,120.0,26,Composition,200.2326951881992,180.2564114815645,100.46281493502876,200.26110286724133,200.08821122498196,200.23723319237115,106.44095288599785,5
stag_trigger__upper,stag_trigger,upper,120.0,27,Composition,405.4510665173548,405.9125707332365,404.2790924733936,408.24561720814745,405.364650343879,406.22242712340767,105.4600429909915,5
stag_trigger__upper,stag_trigger,upper,120.0,28,Composition,4643.963583177185,4388.118417043551,3288.206727375815,5556.222655774407,3799.17660651595,4653.022512374399,65.89727006299654,5
stag_trigger__upper,stag_trigger,upper,120.0,29,Composition,10356.671650798571,11471.66261726333,8172.73267374569,19312.950794748685,8518.996168661773,10996.961798361925,51.308774596007424,5
stag_trigger__upper,stag_trigger,upper,120.0,30,Composition,29687.762800607077,34733.160424479596,23050.798424324137,61144.338877628055,29259.695837138657,30523.206182700054,99.51259326399304,5
