function_id,Delta0_frac__lower,Delta0_frac__upper,baseline,c_minus__stronger_contraction,c_minus__weaker_contraction,delta0_frac__lower,delta0_frac__upper,gate_stag_scale__lower,gate_stag_scale__upper,mem_pull__lower,mem_pull__upper,mem_push__lower,mem_push__upper,s0_frac__lower,s0_frac__upper,stag_trigger__lower,stag_trigger__upper
1,5686836.620680642,7540061.646277099,8005216.044871672,7554450.838824847,3822395.01070657,3164768.4627760337,9493134.505272243,6550511.091195358,4505559.377834237,2936026.1924339994,4804517.83354958,7700392.185988564,6371615.358381411,2502291.251536529,3883319.7260393775,4418397.595748012,6388965.705558855
2,640961.3693388479,588344.13313861,543695.192255188,531405.8971736763,332483.344668051,161830.86506943655,2597917.573646908,622497.106651581,657149.9430938,549241.5001389023,692556.9658791854,978949.7190628508,941985.1534466484,1084854.6820257157,710385.7812631452,541848.6425235224,545537.6393218104
3,11455.928238803668,15199.736627869845,6234.947963815302,6159.872625241207,6512.703526992337,8882.879281335088,14061.949603128936,6786.367573026665,9205.469993025625,11764.775047745645,7989.018835820798,8412.218088059344,4709.9106153940265,13967.489977404692,18363.165216257257,6246.103047357848,6062.721988853128
4,73.55940123271512,72.8338649465893,72.84353252766431,72.62345096724749,76.60682906493929,68.5479464359031,75.11327719349993,72.18091349838198,69.5333773868461,71.03246465648567,73.10214631409269,70.95672825602503,70.32776000026399,73.05283870757626,71.82568237450448,70.93492443052241,72.72844076282013
5,21.222817286678605,21.132731228666785,21.26209710923945,21.207423658394305,21.270810770518096,20.660367304828128,21.205909838320053,21.25876557055267,21.13173114581423,21.26379850975536,21.308398629451855,21.291442319155976,21.209713340461576,21.22224559818312,21.10269044483437,21.258050943282683,21.302656558974377
6,38.93729868216633,34.346065591662295,35.91661451592063,36.74017812289878,35.097533547358125,37.56539351103288,37.5758345944397,36.10000897061684,36.34673539599624,35.28447722656483,34.26771494379636,36.69418880566877,35.004753069495,39.09494101501798,32.17165154577924,34.744818714037024,35.26115027276376
7,0.7048673718898044,0.3446858085933399,0.4340379893880026,0.4823072253976761,0.1456908102330771,0.062785981261527,0.6818333471902633,0.1912176910913103,0.6149946078717221,0.4175986880336495,0.4086806433014089,0.433930505354283,0.3295170744946745,0.3259788948371351,0.3364285581660624,0.3952631094982735,0.6852046612183358
8,299.54399902265595,315.5998893831795,285.27796389943546,285.2922558817975,287.79892011134416,304.4924377312518,293.2707883383082,288.67854311319707,285.2990029798977,319.8867330810667,254.6606458454712,285.1219212368442,337.14308257697485,299.7538555213009,278.8970271625733,285.9370588943216,313.1761167699101
9,425.7014002281401,372.9429929729965,417.51408594054624,446.3323396561973,417.5075176037724,417.0038333745658,428.415377841651,417.5199496790351,417.51891865009566,446.3196710841355,414.27441769881807,446.2944067931328,466.3952097841186,418.9165389735008,414.5367602879205,417.51408586006346,445.7936773423719
10,3715.055809391477,4088.464703832408,3247.0274970473947,3286.6582959779157,3274.9340209760194,3222.2522683308907,3386.4759940659624,3249.741568483194,3248.7820138271272,3317.929580366186,3163.293568827603,3102.700810207529,3308.599525191072,3087.237921423024,3224.2385564898814,3247.0285656428587,3247.027484891707
11,3806.6539860694047,4501.611660498346,3919.7405637303946,3706.855888226693,3658.688162422692,3575.2621930975947,3928.3712685493992,3676.333000504981,3700.8419812709744,4018.98343101812,4255.909985872029,3678.984460813006,4309.614174938462,4092.810211509485,3706.393821762269,3679.8017936018814,3919.740558619025
12,0.4657237144904229,0.7640851617309181,0.9222150072407658,0.8881127842257683,0.6067376695614257,0.9783410711736452,1.0385455754769737,0.7551098881849612,0.7291312781335364,0.7069955519652922,1.0744992348941196,0.9080190626311831,0.6618761978368184,1.116524147185601,0.5974589542875037,0.9014917084014088,0.950293399379234
13,0.3244320396602234,0.3256112647218288,0.3129456414847027,0.2985391185145545,0.2068796321416357,0.2849559276821765,0.3167051559216816,0.3327405391846696,0.3350407181392256,0.2994324374697044,0.2424668934097553,0.2900603787518321,0.2858142400079941,0.3024780467683285,0.2766600810655291,0.2824500286474176,0.3642074025237889
14,0.3400574419858913,0.3861964458415059,0.4135765114292553,0.3601218221506315,0.4088174632174741,0.3957018573507866,0.3693230878236591,0.3669332350616514,0.3471580456625815,0.2947566659354379,0.4574885871254537,0.4183411307001279,0.2963886686786736,0.3947888255706857,0.4262921476918109,0.4137406154832206,0.4135520159300085
15,16.614089043543345,18.628853565000554,15.0149737413376,14.947209613540052,14.50902776673206,9.266545396263837,18.88257622092715,14.831153452709714,14.66015826804255,15.589349747304825,16.315955474679868,9.340376386392563,16.148483767775588,13.93792481069204,14.67005765263275,12.832578980640392,13.798836232657775
16,13.676882126113467,13.673131881648487,13.500780991440251,13.6406123700865,13.5576391131342,13.492858056482874,13.93921378978598,13.495239987904595,13.499881012911146,13.652276347362204,13.513036572548344,13.513687184465198,14.08867859468114,13.56446445684469,13.598835309231845,13.500780975739872,13.648995661047593
17,132768.96418625943,175937.12219883053,165776.72086009933,193325.07748967383,175280.80402142872,200637.25310346184,200312.3123648767,142182.6713972048,250091.46372144853,200271.42635991503,146966.52624225337,265233.63793319825,220806.5508525942,164375.9204412422,159992.01499590994,198411.4874415376,301288.3017905294
18,109795.31426619065,91646.94553976432,83543.10524039005,86665.48247683932,98773.74082865796,92540.59165572377,127568.50213614428,72006.16821643992,86624.10240329424,98540.4179060474,95093.85297092352,76322.36140141852,88458.3295007587,84301.02375919279,91141.83674572648,65011.77467272602,82741.36917554299
19,34.34357484805719,35.77465366561887,37.20602639587264,37.96752006562542,34.54787478953017,30.700347162141497,45.06258855079204,34.18813962377294,38.10772344932184,36.02715790167372,34.33185525610111,30.20930480307152,38.43913763335081,32.19279253900049,35.0441891477617,36.702215508707695,40.1898693032399
20,30476.45665287679,40989.780044905376,32639.53830930045,36428.92306253234,26563.954733021623,24989.186066865444,41840.519354838005,30156.24568219383,35084.90140060574,40980.7352470267,26807.816834649817,31839.950664317512,34742.77917491831,36669.81783029548,32995.30261976827,34715.594126389646,37322.40577141741
21,39644.18872571006,45041.49631906344,42034.29300437345,56838.68834937562,44678.14056054065,38789.53317586333,60191.54018255285,50660.243720968814,52423.130711770296,54274.02979055004,40268.02746256115,50462.982825369385,44571.85696733027,43064.55956080712,34362.49131265748,43752.1014119097,51824.08655515184
22,444.78115069709565,403.2414699943465,586.8409937500978,389.2359598878347,379.30998539847815,588.4547104855374,620.8781543699647,430.0913346453126,452.48347429432624,432.18958457172266,557.0600034615709,355.2747212740901,444.3755087620407,437.0171369568525,328.5996041686621,410.3859707722045,461.4370828822193
23,222.86021439441265,222.87259591163772,222.8604853623101,222.8629100488206,222.87109308855904,222.85387090560744,222.9247119411725,222.86322563213207,222.86171983646815,222.86505619577383,222.86066630104503,222.86905737079405,222.85695369857692,222.87048841189696,222.86387886670585,222.86365534194647,222.8621918028093
24,240.61421985826885,224.83878910884823,227.0557783303884,229.39740320070177,227.2143837261765,227.3591866619336,225.92213899608717,228.00625945318825,227.59024420051264,230.9916797028636,227.16831750542497,228.0880990159526,228.2926762344532,228.19672088919515,226.6811108402621,227.0054580723354,227.5562949960349
25,222.8453952625532,211.42590979996655,214.87765154479803,218.56161756952588,220.39361915545305,212.8977518609968,223.71713205273727,218.58963245285983,218.4264189257019,218.64365948623615,218.39517057046575,216.8401709256559,221.6755802151997,217.53480157210743,215.03539403716425,214.2455188005415,220.8728087458353
26,200.18316603970425,200.12144950599213,200.18822353673067,200.18276082580724,200.18694760508836,200.1132368467684,200.15383140919903,200.1319538946318,200.1677570863817,200.2224086062511,200.10121529866228,200.18597626038536,200.21476409257863,200.1769406602998,200.0942302828712,200.15189738895788,200.2326951881992
27,404.6488450812499,405.3917365034026,404.22263314816337,404.5822273040462,404.0708610589363,403.30343812975207,409.2535040256416,404.1911269366092,405.14605342217146,407.30853372387264,403.1695528786304,404.0804244941824,404.2656398343147,403.9696983732565,404.4975462169814,404.02193891016987,405.4510665173548
28,5057.075686776726,3737.172960816617,4431.6793241839705,4649.282795598496,4642.014640448584,4419.762469626443,4710.668514557194,4531.3030276146665,4440.081537935082,4653.022512374399,4643.963583177185,4524.54031234208,4645.900151115338,4186.900346631363,4098.76979922184,4558.92193589299,4643.963583177185
29,9360.132436241136,15811.77449585172,12879.23867523476,21367.17551876994,18520.299207547403,6426.72768697299,43851.00108447736,16660.040737593583,8990.298235212505,12714.320445898073,10409.757927151782,19518.616124357428,16475.800527245883,16022.68800120982,14299.167827160272,16849.373636235407,10356.671650798571
30,26299.776707911093,40200.852924546,28341.90282563953,30304.29751649617,28313.86110904757,22488.538392340164,59446.52430778922,27353.521262025384,26348.475551348,33344.613863231185,22385.30359232181,31236.303988825093,28419.50169952056,30565.25480398159,28343.964848817617,27116.31475817569,29687.762800607077
