case_id,parameter,level,parameter_value,function_id,baseline_median_error,perturbation_median_error,paired_difference_perturbation_minus_baseline
Delta0_frac__lower,Delta0_frac,lower,0.025,1,8005216.044871672,5686836.620680642,-2318379.4241910297
Delta0_frac__lower,Delta0_frac,lower,0.025,2,543695.192255188,640961.3693388479,97266.17708365992
Delta0_frac__lower,Delta0_frac,lower,0.025,3,6234.947963815302,11455.928238803668,5220.980274988367
Delta0_frac__lower,Delta0_frac,lower,0.025,4,72.84353252766431,73.55940123271512,0.7158687050508092
Delta0_frac__lower,Delta0_frac,lower,0.025,5,21.26209710923945,21.222817286678605,-0.03927982256084306
Delta0_frac__lower,Delta0_frac,lower,0.025,6,35.91661451592063,38.93729868216633,3.020684166245701
Delta0_frac__lower,Delta0_frac,lower,0.025,7,0.4340379893880026,0.7048673718898044,0.27082938250180183
Delta0_frac__lower,Delta0_frac,lower,0.025,8,285.27796389943546,299.54399902265595,14.26603512322049
Delta0_frac__lower,Delta0_frac,lower,0.025,9,417.51408594054624,425.7014002281401,8.187314287593836
Delta0_frac__lower,Delta0_frac,lower,0.025,10,3247.0274970473947,3715.055809391477,468.0283123440822
Delta0_frac__lower,Delta0_frac,lower,0.025,11,3919.7405637303946,3806.6539860694047,-113.08657766098986
Delta0_frac__lower,Delta0_frac,lower,0.025,12,0.9222150072407658,0.4657237144904229,-0.4564912927503429
Delta0_frac__lower,Delta0_frac,lower,0.025,13,0.3129456414847027,0.3244320396602234,0.011486398175520662
Delta0_frac__lower,Delta0_frac,lower,0.025,14,0.4135765114292553,0.3400574419858913,-0.073519069443364
Delta0_frac__lower,Delta0_frac,lower,0.025,15,15.0149737413376,16.614089043543345,1.5991153022057443
Delta0_frac__lower,Delta0_frac,lower,0.025,16,13.500780991440251,13.676882126113467,0.17610113467321575
Delta0_frac__lower,Delta0_frac,lower,0.025,17,165776.72086009933,132768.96418625943,-33007.756673839904
Delta0_frac__lower,Delta0_frac,lower,0.025,18,83543.10524039005,109795.31426619065,26252.209025800592
Delta0_frac__lower,Delta0_frac,lower,0.025,19,37.20602639587264,34.34357484805719,-2.8624515478154535
Delta0_frac__lower,Delta0_frac,lower,0.025,20,32639.53830930045,30476.45665287679,-2163.0816564236593
Delta0_frac__lower,Delta0_frac,lower,0.025,21,42034.29300437345,39644.18872571006,-2390.1042786633916
Delta0_frac__lower,Delta0_frac,lower,0.025,22,586.8409937500978,444.78115069709565,-142.05984305300217
Delta0_frac__lower,Delta0_frac,lower,0.025,23,222.8604853623101,222.86021439441265,-0.0002709678974497365
Delta0_frac__lower,Delta0_frac,lower,0.025,24,227.0557783303884,240.61421985826885,13.558441527880461
Delta0_frac__lower,Delta0_frac,lower,0.025,25,214.87765154479803,222.8453952625532,7.967743717755184
Delta0_frac__lower,Delta0_frac,lower,0.025,26,200.18822353673067,200.18316603970425,-0.005057497026427882
Delta0_frac__lower,Delta0_frac,lower,0.025,27,404.22263314816337,404.6488450812499,0.4262119330865062
Delta0_frac__lower,Delta0_frac,lower,0.025,28,4431.6793241839705,5057.075686776726,625.3963625927554
Delta0_frac__lower,Delta0_frac,lower,0.025,29,12879.23867523476,9360.132436241136,-3519.1062389936233
Delta0_frac__lower,Delta0_frac,lower,0.025,30,28341.90282563953,26299.776707911093,-2042.126117728436
Delta0_frac__upper,Delta0_frac,upper,0.1,1,8005216.044871672,7540061.646277099,-465154.39859457314
Delta0_frac__upper,Delta0_frac,upper,0.1,2,543695.192255188,588344.13313861,44648.94088342204
Delta0_frac__upper,Delta0_frac,upper,0.1,3,6234.947963815302,15199.736627869845,8964.788664054544
Delta0_frac__upper,Delta0_frac,upper,0.1,4,72.84353252766431,72.8338649465893,-0.009667581075007092
Delta0_frac__upper,Delta0_frac,upper,0.1,5,21.26209710923945,21.132731228666785,-0.12936588057266363
Delta0_frac__upper,Delta0_frac,upper,0.1,6,35.91661451592063,34.346065591662295,-1.5705489242583326
Delta0_frac__upper,Delta0_frac,upper,0.1,7,0.4340379893880026,0.3446858085933399,-0.08935218079466267
Delta0_frac__upper,Delta0_frac,upper,0.1,8,285.27796389943546,315.5998893831795,30.321925483744053
Delta0_frac__upper,Delta0_frac,upper,0.1,9,417.51408594054624,372.9429929729965,-44.57109296754976
Delta0_frac__upper,Delta0_frac,upper,0.1,10,3247.0274970473947,4088.464703832408,841.4372067850131
Delta0_frac__upper,Delta0_frac,upper,0.1,11,3919.7405637303946,4501.611660498346,581.8710967679517
Delta0_frac__upper,Delta0_frac,upper,0.1,12,0.9222150072407658,0.7640851617309181,-0.15812984550984766
Delta0_frac__upper,Delta0_frac,upper,0.1,13,0.3129456414847027,0.3256112647218288,0.012665623237126056
Delta0_frac__upper,Delta0_frac,upper,0.1,14,0.4135765114292553,0.3861964458415059,-0.027380065587749358
Delta0_frac__upper,Delta0_frac,upper,0.1,15,15.0149737413376,18.628853565000554,3.6138798236629537
Delta0_frac__upper,Delta0_frac,upper,0.1,16,13.500780991440251,13.673131881648487,0.1723508902082358
Delta0_frac__upper,Delta0_frac,upper,0.1,17,165776.72086009933,175937.12219883053,10160.4013387312
Delta0_frac__upper,Delta0_frac,upper,0.1,18,83543.10524039005,91646.94553976432,8103.840299374264
Delta0_frac__upper,Delta0_frac,upper,0.1,19,37.20602639587264,35.77465366561887,-1.43137273025377
Delta0_frac__upper,Delta0_frac,upper,0.1,20,32639.53830930045,40989.780044905376,8350.241735604926
Delta0_frac__upper,Delta0_frac,upper,0.1,21,42034.29300437345,45041.49631906344,3007.203314689985
Delta0_frac__upper,Delta0_frac,upper,0.1,22,586.8409937500978,403.2414699943465,-183.5995237557513
Delta0_frac__upper,Delta0_frac,upper,0.1,23,222.8604853623101,222.87259591163772,0.012110549327616127
Delta0_frac__upper,Delta0_frac,upper,0.1,24,227.0557783303884,224.83878910884823,-2.2169892215401603
Delta0_frac__upper,Delta0_frac,upper,0.1,25,214.87765154479803,211.42590979996655,-3.45174174483148
Delta0_frac__upper,Delta0_frac,upper,0.1,26,200.18822353673067,200.12144950599213,-0.06677403073854293
Delta0_frac__upper,Delta0_frac,upper,0.1,27,404.22263314816337,405.3917365034026,1.1691033552392582
Delta0_frac__upper,Delta0_frac,upper,0.1,28,4431.6793241839705,3737.172960816617,-694.5063633673535
Delta0_frac__upper,Delta0_frac,upper,0.1,29,12879.23867523476,15811.77449585172,2932.5358206169603
Delta0_frac__upper,Delta0_frac,upper,0.1,30,28341.90282563953,40200.852924546,11858.950098906473
c_minus__stronger_contraction,c_minus,stronger_contraction,0.5856620185738528,1,8005216.044871672,7554450.838824847,-450765.2060468253
c_minus__stronger_contraction,c_minus,stronger_contraction,0.5856620185738528,2,543695.192255188,531405.8971736763,-12289.295081511722
c_minus__stronger_contraction,c_minus,stronger_contraction,0.5856620185738528,3,6234.947963815302,6159.872625241207,-75.07533857409453
c_minus__stronger_contraction,c_minus,stronger_contraction,0.5856620185738528,4,72.84353252766431,72.62345096724749,-0.2200815604168156
c_minus__stronger_contraction,c_minus,stronger_contraction,0.5856620185738528,5,21.26209710923945,21.207423658394305,-0.054673450845143634
c_minus__stronger_contraction,c_minus,stronger_contraction,0.5856620185738528,6,35.91661451592063,36.74017812289878,0.8235636069781549
c_minus__stronger_contraction,c_minus,stronger_contraction,0.5856620185738528,7,0.4340379893880026,0.4823072253976761,0.04826923600967353
c_minus__stronger_contraction,c_minus,stronger_contraction,0.5856620185738528,8,285.27796389943546,285.2922558817975,0.014291982362010458
c_minus__stronger_contraction,c_minus,stronger_contraction,0.5856620185738528,9,417.51408594054624,446.3323396561973,28.818253715651053
c_minus__stronger_contraction,c_minus,stronger_contraction,0.5856620185738528,10,3247.0274970473947,3286.6582959779157,39.630798930520996
c_minus__stronger_contraction,c_minus,stronger_contraction,0.5856620185738528,11,3919.7405637303946,3706.855888226693,-212.8846755037016
c_minus__stronger_contraction,c_minus,stronger_contraction,0.5856620185738528,12,0.9222150072407658,0.8881127842257683,-0.034102223014997435
c_minus__stronger_contraction,c_minus,stronger_contraction,0.5856620185738528,13,0.3129456414847027,0.2985391185145545,-0.014406522970148217
c_minus__stronger_contraction,c_minus,stronger_contraction,0.5856620185738528,14,0.4135765114292553,0.3601218221506315,-0.05345468927862379
c_minus__stronger_contraction,c_minus,stronger_contraction,0.5856620185738528,15,15.0149737413376,14.947209613540052,-0.06776412779754892
c_minus__stronger_contraction,c_minus,stronger_contraction,0.5856620185738528,16,13.500780991440251,13.6406123700865,0.13983137864624773
c_minus__stronger_contraction,c_minus,stronger_contraction,0.5856620185738528,17,165776.72086009933,193325.07748967383,27548.356629574497
c_minus__stronger_contraction,c_minus,stronger_contraction,0.5856620185738528,18,83543.10524039005,86665.48247683932,3122.3772364492615
c_minus__stronger_contraction,c_minus,stronger_contraction,0.5856620185738528,19,37.20602639587264,37.96752006562542,0.761493669752781
c_minus__stronger_contraction,c_minus,stronger_contraction,0.5856620185738528,20,32639.53830930045,36428.92306253234,3789.3847532318905
c_minus__stronger_contraction,c_minus,stronger_contraction,0.5856620185738528,21,42034.29300437345,56838.68834937562,14804.395345002165
c_minus__stronger_contraction,c_minus,stronger_contraction,0.5856620185738528,22,586.8409937500978,389.2359598878347,-197.6050338622631
c_minus__stronger_contraction,c_minus,stronger_contraction,0.5856620185738528,23,222.8604853623101,222.8629100488206,0.0024246865104942117
c_minus__stronger_contraction,c_minus,stronger_contraction,0.5856620185738528,24,227.0557783303884,229.39740320070177,2.3416248703133817
c_minus__stronger_contraction,c_minus,stronger_contraction,0.5856620185738528,25,214.87765154479803,218.56161756952588,3.6839660247278516
c_minus__stronger_contraction,c_minus,stronger_contraction,0.5856620185738528,26,200.18822353673067,200.18276082580724,-0.005462710923438863
c_minus__stronger_contraction,c_minus,stronger_contraction,0.5856620185738528,27,404.22263314816337,404.5822273040462,0.3595941558828599
c_minus__stronger_contraction,c_minus,stronger_contraction,0.5856620185738528,28,4431.6793241839705,4649.282795598496,217.6034714145253
c_minus__stronger_contraction,c_minus,stronger_contraction,0.5856620185738528,29,12879.23867523476,21367.17551876994,8487.936843535179
c_minus__stronger_contraction,c_minus,stronger_contraction,0.5856620185738528,30,28341.90282563953,30304.29751649617,1962.3946908566431
c_minus__weaker_contraction,c_minus,weaker_contraction,0.8366600265340756,1,8005216.044871672,3822395.01070657,-4182821.034165102
c_minus__weaker_contraction,c_minus,weaker_contraction,0.8366600265340756,2,543695.192255188,332483.344668051,-211211.84758713702
c_minus__weaker_contraction,c_minus,weaker_contraction,0.8366600265340756,3,6234.947963815302,6512.703526992337,277.7555631770356
c_minus__weaker_contraction,c_minus,weaker_contraction,0.8366600265340756,4,72.84353252766431,76.60682906493929,3.7632965372749823
c_minus__weaker_contraction,c_minus,weaker_contraction,0.8366600265340756,5,21.26209710923945,21.270810770518096,0.008713661278648033
c_minus__weaker_contraction,c_minus,weaker_contraction,0.8366600265340756,6,35.91661451592063,35.097533547358125,-0.8190809685625027
c_minus__weaker_contraction,c_minus,weaker_contraction,0.8366600265340756,7,0.4340379893880026,0.1456908102330771,-0.28834717915492547
c_minus__weaker_contraction,c_minus,weaker_contraction,0.8366600265340756,8,285.27796389943546,287.79892011134416,2.520956211908697
c_minus__weaker_contraction,c_minus,weaker_contraction,0.8366600265340756,9,417.51408594054624,417.5075176037724,-0.006568336773852934
c_minus__weaker_contraction,c_minus,weaker_contraction,0.8366600265340756,10,3247.0274970473947,3274.9340209760194,27.906523928624665
c_minus__weaker_contraction,c_minus,weaker_contraction,0.8366600265340756,11,3919.7405637303946,3658.688162422692,-261.05240130770244
c_minus__weaker_contraction,c_minus,weaker_contraction,0.8366600265340756,12,0.9222150072407658,0.6067376695614257,-0.31547733767934005
c_minus__weaker_contraction,c_minus,weaker_contraction,0.8366600265340756,13,0.3129456414847027,0.2068796321416357,-0.10606600934306701
c_minus__weaker_contraction,c_minus,weaker_contraction,0.8366600265340756,14,0.4135765114292553,0.4088174632174741,-0.004759048211781192
c_minus__weaker_contraction,c_minus,weaker_contraction,0.8366600265340756,15,15.0149737413376,14.50902776673206,-0.5059459746055399
c_minus__weaker_contraction,c_minus,weaker_contraction,0.8366600265340756,16,13.500780991440251,13.5576391131342,0.056858121693949215
c_minus__weaker_contraction,c_minus,weaker_contraction,0.8366600265340756,17,165776.72086009933,175280.80402142872,9504.083161329385
c_minus__weaker_contraction,c_minus,weaker_contraction,0.8366600265340756,18,83543.10524039005,98773.74082865796,15230.635588267905
c_minus__weaker_contraction,c_minus,weaker_contraction,0.8366600265340756,19,37.20602639587264,34.54787478953017,-2.6581516063424715
c_minus__weaker_contraction,c_minus,weaker_contraction,0.8366600265340756,20,32639.53830930045,26563.954733021623,-6075.5835762788265
c_minus__weaker_contraction,c_minus,weaker_contraction,0.8366600265340756,21,42034.29300437345,44678.14056054065,2643.847556167195
c_minus__weaker_contraction,c_minus,weaker_contraction,0.8366600265340756,22,586.8409937500978,379.30998539847815,-207.53100835161968
c_minus__weaker_contraction,c_minus,weaker_contraction,0.8366600265340756,23,222.8604853623101,222.87109308855904,0.010607726248935023
c_minus__weaker_contraction,c_minus,weaker_contraction,0.8366600265340756,24,227.0557783303884,227.2143837261765,0.15860539578810062
c_minus__weaker_contraction,c_minus,weaker_contraction,0.8366600265340756,25,214.87765154479803,220.39361915545305,5.515967610655025
c_minus__weaker_contraction,c_minus,weaker_contraction,0.8366600265340756,26,200.18822353673067,200.18694760508836,-0.0012759316423114342
c_minus__weaker_contraction,c_minus,weaker_contraction,0.8366600265340756,27,404.22263314816337,404.0708610589363,-0.15177208922705177
c_minus__weaker_contraction,c_minus,weaker_contraction,0.8366600265340756,28,4431.6793241839705,4642.014640448584,210.33531626461354
c_minus__weaker_contraction,c_minus,weaker_contraction,0.8366600265340756,29,12879.23867523476,18520.299207547403,5641.060532312644
c_minus__weaker_contraction,c_minus,weaker_contraction,0.8366600265340756,30,28341.90282563953,28313.86110904757,-28.041716591957083
delta0_frac__lower,delta0_frac,lower,0.0025,1,8005216.044871672,3164768.4627760337,-4840447.582095638
delta0_frac__lower,delta0_frac,lower,0.0025,2,543695.192255188,161830.86506943655,-381864.32718575146
delta0_frac__lower,delta0_frac,lower,0.0025,3,6234.947963815302,8882.879281335088,2647.9313175197867
delta0_frac__lower,delta0_frac,lower,0.0025,4,72.84353252766431,68.5479464359031,-4.2955860917612085
delta0_frac__lower,delta0_frac,lower,0.0025,5,21.26209710923945,20.660367304828128,-0.6017298044113204
delta0_frac__lower,delta0_frac,lower,0.0025,6,35.91661451592063,37.56539351103288,1.6487789951122522
delta0_frac__lower,delta0_frac,lower,0.0025,7,0.4340379893880026,0.062785981261527,-0.3712520081264756
delta0_frac__lower,delta0_frac,lower,0.0025,8,285.27796389943546,304.4924377312518,19.21447383181635
delta0_frac__lower,delta0_frac,lower,0.0025,9,417.51408594054624,417.0038333745658,-0.5102525659804655
delta0_frac__lower,delta0_frac,lower,0.0025,10,3247.0274970473947,3222.2522683308907,-24.77522871650399
delta0_frac__lower,delta0_frac,lower,0.0025,11,3919.7405637303946,3575.2621930975947,-344.47837063279985
delta0_frac__lower,delta0_frac,lower,0.0025,12,0.9222150072407658,0.9783410711736452,0.056126063932879444
delta0_frac__lower,delta0_frac,lower,0.0025,13,0.3129456414847027,0.2849559276821765,-0.02798971380252624
delta0_frac__lower,delta0_frac,lower,0.0025,14,0.4135765114292553,0.3957018573507866,-0.017874654078468666
delta0_frac__lower,delta0_frac,lower,0.0025,15,15.0149737413376,9.266545396263837,-5.748428345073764
delta0_frac__lower,delta0_frac,lower,0.0025,16,13.500780991440251,13.492858056482874,-0.007922934957377947
delta0_frac__lower,delta0_frac,lower,0.0025,17,165776.72086009933,200637.25310346184,34860.53224336251
delta0_frac__lower,delta0_frac,lower,0.0025,18,83543.10524039005,92540.59165572377,8997.486415333711
delta0_frac__lower,delta0_frac,lower,0.0025,19,37.20602639587264,30.700347162141497,-6.5056792337311435
delta0_frac__lower,delta0_frac,lower,0.0025,20,32639.53830930045,24989.186066865444,-7650.352242435005
delta0_frac__lower,delta0_frac,lower,0.0025,21,42034.29300437345,38789.53317586333,-3244.7598285101194
delta0_frac__lower,delta0_frac,lower,0.0025,22,586.8409937500978,588.4547104855374,1.6137167354395388
delta0_frac__lower,delta0_frac,lower,0.0025,23,222.8604853623101,222.85387090560744,-0.006614456702664029
delta0_frac__lower,delta0_frac,lower,0.0025,24,227.0557783303884,227.3591866619336,0.3034083315451994
delta0_frac__lower,delta0_frac,lower,0.0025,25,214.87765154479803,212.8977518609968,-1.9798996838012215
delta0_frac__lower,delta0_frac,lower,0.0025,26,200.18822353673067,200.1132368467684,-0.0749866899622873
delta0_frac__lower,delta0_frac,lower,0.0025,27,404.22263314816337,403.30343812975207,-0.9191950184113011
delta0_frac__lower,delta0_frac,lower,0.0025,28,4431.6793241839705,4419.762469626443,-11.916854557527586
delta0_frac__lower,delta0_frac,lower,0.0025,29,12879.23867523476,6426.72768697299,-6452.510988261769
delta0_frac__lower,delta0_frac,lower,0.0025,30,28341.90282563953,22488.538392340164,-5853.3644332993645
delta0_frac__upper,delta0_frac,upper,0.01,1,8005216.044871672,9493134.505272243,1487918.460400571
delta0_frac__upper,delta0_frac,upper,0.01,2,543695.192255188,2597917.573646908,2054222.3813917201
delta0_frac__upper,delta0_frac,upper,0.01,3,6234.947963815302,14061.949603128936,7827.001639313635
delta0_frac__upper,delta0_frac,upper,0.01,4,72.84353252766431,75.11327719349993,2.269744665835617
delta0_frac__upper,delta0_frac,upper,0.01,5,21.26209710923945,21.205909838320053,-0.056187270919394905
delta0_frac__upper,delta0_frac,upper,0.01,6,35.91661451592063,37.5758345944397,1.6592200785190698
delta0_frac__upper,delta0_frac,upper,0.01,7,0.4340379893880026,0.6818333471902633,0.24779535780226075
delta0_frac__upper,delta0_frac,upper,0.01,8,285.27796389943546,293.2707883383082,7.992824438872731
delta0_frac__upper,delta0_frac,upper,0.01,9,417.51408594054624,428.415377841651,10.901291901104742
delta0_frac__upper,delta0_frac,upper,0.01,10,3247.0274970473947,3386.4759940659624,139.44849701856765
delta0_frac__upper,delta0_frac,upper,0.01,11,3919.7405637303946,3928.3712685493992,8.630704819004677
delta0_frac__upper,delta0_frac,upper,0.01,12,0.9222150072407658,1.0385455754769737,0.11633056823620791
delta0_frac__upper,delta0_frac,upper,0.01,13,0.3129456414847027,0.3167051559216816,0.0037595144369788613
delta0_frac__upper,delta0_frac,upper,0.01,14,0.4135765114292553,0.3693230878236591,-0.0442534236055962
delta0_frac__upper,delta0_frac,upper,0.01,15,15.0149737413376,18.88257622092715,3.8676024795895483
delta0_frac__upper,delta0_frac,upper,0.01,16,13.500780991440251,13.93921378978598,0.4384327983457279
delta0_frac__upper,delta0_frac,upper,0.01,17,165776.72086009933,200312.3123648767,34535.591504777374
delta0_frac__upper,delta0_frac,upper,0.01,18,83543.10524039005,127568.50213614428,44025.396895754224
delta0_frac__upper,delta0_frac,upper,0.01,19,37.20602639587264,45.06258855079204,7.856562154919402
delta0_frac__upper,delta0_frac,upper,0.01,20,32639.53830930045,41840.519354838005,9200.981045537555
delta0_frac__upper,delta0_frac,upper,0.01,21,42034.29300437345,60191.54018255285,18157.2471781794
delta0_frac__upper,delta0_frac,upper,0.01,22,586.8409937500978,620.8781543699647,34.03716061986688
delta0_frac__upper,delta0_frac,upper,0.01,23,222.8604853623101,222.9247119411725,0.0642265788623888
delta0_frac__upper,delta0_frac,upper,0.01,24,227.0557783303884,225.92213899608717,-1.1336393343012219
delta0_frac__upper,delta0_frac,upper,0.01,25,214.87765154479803,223.71713205273727,8.839480507939243
delta0_frac__upper,delta0_frac,upper,0.01,26,200.18822353673067,200.15383140919903,-0.03439212753164611
delta0_frac__upper,delta0_frac,upper,0.01,27,404.22263314816337,409.2535040256416,5.030870877478208
delta0_frac__upper,delta0_frac,upper,0.01,28,4431.6793241839705,4710.668514557194,278.9891903732232
delta0_frac__upper,delta0_frac,upper,0.01,29,12879.23867523476,43851.00108447736,30971.762409242598
delta0_frac__upper,delta0_frac,upper,0.01,30,28341.90282563953,59446.52430778922,31104.621482149694
gate_stag_scale__lower,gate_stag_scale,lower,40.0,1,8005216.044871672,6550511.091195358,-1454704.953676314
gate_stag_scale__lower,gate_stag_scale,lower,40.0,2,543695.192255188,622497.106651581,78801.914396393
gate_stag_scale__lower,gate_stag_scale,lower,40.0,3,6234.947963815302,6786.367573026665,551.4196092113634
gate_stag_scale__lower,gate_stag_scale,lower,40.0,4,72.84353252766431,72.18091349838198,-0.6626190292823253
gate_stag_scale__lower,gate_stag_scale,lower,40.0,5,21.26209710923945,21.25876557055267,-0.0033315386867798225
gate_stag_scale__lower,gate_stag_scale,lower,40.0,6,35.91661451592063,36.10000897061684,0.18339445469621296
gate_stag_scale__lower,gate_stag_scale,lower,40.0,7,0.4340379893880026,0.1912176910913103,-0.2428202982966923
gate_stag_scale__lower,gate_stag_scale,lower,40.0,8,285.27796389943546,288.67854311319707,3.4005792137616027
gate_stag_scale__lower,gate_stag_scale,lower,40.0,9,417.51408594054624,417.5199496790351,0.005863738488869785
gate_stag_scale__lower,gate_stag_scale,lower,40.0,10,3247.0274970473947,3249.741568483194,2.7140714357992692
gate_stag_scale__lower,gate_stag_scale,lower,40.0,11,3919.7405637303946,3676.333000504981,-243.40756322541347
gate_stag_scale__lower,gate_stag_scale,lower,40.0,12,0.9222150072407658,0.7551098881849612,-0.1671051190558046
gate_stag_scale__lower,gate_stag_scale,lower,40.0,13,0.3129456414847027,0.3327405391846696,0.019794897699966896
gate_stag_scale__lower,gate_stag_scale,lower,40.0,14,0.4135765114292553,0.3669332350616514,-0.0466432763676039
gate_stag_scale__lower,gate_stag_scale,lower,40.0,15,15.0149737413376,14.831153452709714,-0.1838202886278868
gate_stag_scale__lower,gate_stag_scale,lower,40.0,16,13.500780991440251,13.495239987904595,-0.00554100353565623
gate_stag_scale__lower,gate_stag_scale,lower,40.0,17,165776.72086009933,142182.6713972048,-23594.04946289453
gate_stag_scale__lower,gate_stag_scale,lower,40.0,18,83543.10524039005,72006.16821643992,-11536.93702395013
gate_stag_scale__lower,gate_stag_scale,lower,40.0,19,37.20602639587264,34.18813962377294,-3.0178867720997005
gate_stag_scale__lower,gate_stag_scale,lower,40.0,20,32639.53830930045,30156.24568219383,-2483.292627106621
gate_stag_scale__lower,gate_stag_scale,lower,40.0,21,42034.29300437345,50660.243720968814,8625.950716595362
gate_stag_scale__lower,gate_stag_scale,lower,40.0,22,586.8409937500978,430.0913346453126,-156.74965910478522
gate_stag_scale__lower,gate_stag_scale,lower,40.0,23,222.8604853623101,222.86322563213207,0.002740269821970287
gate_stag_scale__lower,gate_stag_scale,lower,40.0,24,227.0557783303884,228.00625945318825,0.9504811227998573
gate_stag_scale__lower,gate_stag_scale,lower,40.0,25,214.87765154479803,218.58963245285983,3.711980908061804
gate_stag_scale__lower,gate_stag_scale,lower,40.0,26,200.18822353673067,200.1319538946318,-0.056269642098868644
gate_stag_scale__lower,gate_stag_scale,lower,40.0,27,404.22263314816337,404.1911269366092,-0.03150621155418776
gate_stag_scale__lower,gate_stag_scale,lower,40.0,28,4431.6793241839705,4531.3030276146665,99.62370343069597
gate_stag_scale__lower,gate_stag_scale,lower,40.0,29,12879.23867523476,16660.040737593583,3780.8020623588236
gate_stag_scale__lower,gate_stag_scale,lower,40.0,30,28341.90282563953,27353.521262025384,-988.3815636141444
gate_stag_scale__upper,gate_stag_scale,upper,160.0,1,8005216.044871672,4505559.377834237,-3499656.667037435
gate_stag_scale__upper,gate_stag_scale,upper,160.0,2,543695.192255188,657149.9430938,113454.75083861197
gate_stag_scale__upper,gate_stag_scale,upper,160.0,3,6234.947963815302,9205.469993025625,2970.522029210323
gate_stag_scale__upper,gate_stag_scale,upper,160.0,4,72.84353252766431,69.5333773868461,-3.3101551408182104
gate_stag_scale__upper,gate_stag_scale,upper,160.0,5,21.26209710923945,21.13173114581423,-0.1303659634252199
gate_stag_scale__upper,gate_stag_scale,upper,160.0,6,35.91661451592063,36.34673539599624,0.4301208800756129
gate_stag_scale__upper,gate_stag_scale,upper,160.0,7,0.4340379893880026,0.6149946078717221,0.18095661848371952
gate_stag_scale__upper,gate_stag_scale,upper,160.0,8,285.27796389943546,285.2990029798977,0.021039080462230686
gate_stag_scale__upper,gate_stag_scale,upper,160.0,9,417.51408594054624,417.51891865009566,0.004832709549418723
gate_stag_scale__upper,gate_stag_scale,upper,160.0,10,3247.0274970473947,3248.7820138271272,1.754516779732512
gate_stag_scale__upper,gate_stag_scale,upper,160.0,11,3919.7405637303946,3700.8419812709744,-218.89858245942014
gate_stag_scale__upper,gate_stag_scale,upper,160.0,12,0.9222150072407658,0.7291312781335364,-0.19308372910722937
gate_stag_scale__upper,gate_stag_scale,upper,160.0,13,0.3129456414847027,0.3350407181392256,0.02209507665452287
gate_stag_scale__upper,gate_stag_scale,upper,160.0,14,0.4135765114292553,0.3471580456625815,-0.06641846576667376
gate_stag_scale__upper,gate_stag_scale,upper,160.0,15,15.0149737413376,14.66015826804255,-0.3548154732950497
gate_stag_scale__upper,gate_stag_scale,upper,160.0,16,13.500780991440251,13.499881012911146,-0.0008999785291052831
gate_stag_scale__upper,gate_stag_scale,upper,160.0,17,165776.72086009933,250091.46372144853,84314.7428613492
gate_stag_scale__upper,gate_stag_scale,upper,160.0,18,83543.10524039005,86624.10240329424,3080.997162904183
gate_stag_scale__upper,gate_stag_scale,upper,160.0,19,37.20602639587264,38.10772344932184,0.9016970534491975
gate_stag_scale__upper,gate_stag_scale,upper,160.0,20,32639.53830930045,35084.90140060574,2445.363091305291
gate_stag_scale__upper,gate_stag_scale,upper,160.0,21,42034.29300437345,52423.130711770296,10388.837707396844
gate_stag_scale__upper,gate_stag_scale,upper,160.0,22,586.8409937500978,452.48347429432624,-134.35751945577158
gate_stag_scale__upper,gate_stag_scale,upper,160.0,23,222.8604853623101,222.86171983646815,0.0012344741580534446
gate_stag_scale__upper,gate_stag_scale,upper,160.0,24,227.0557783303884,227.59024420051264,0.5344658701242508
gate_stag_scale__upper,gate_stag_scale,upper,160.0,25,214.87765154479803,218.4264189257019,3.5487673809038824
gate_stag_scale__upper,gate_stag_scale,upper,160.0,26,200.18822353673067,200.1677570863817,-0.02046645034897665
gate_stag_scale__upper,gate_stag_scale,upper,160.0,27,404.22263314816337,405.14605342217146,0.9234202740080946
gate_stag_scale__upper,gate_stag_scale,upper,160.0,28,4431.6793241839705,4440.081537935082,8.402213751111958
gate_stag_scale__upper,gate_stag_scale,upper,160.0,29,12879.23867523476,8990.298235212505,-3888.940440022254
gate_stag_scale__upper,gate_stag_scale,upper,160.0,30,28341.90282563953,26348.475551348,-1993.4272742915273
mem_pull__lower,mem_pull,lower,0.175,1,8005216.044871672,2936026.1924339994,-5069189.852437673
mem_pull__lower,mem_pull,lower,0.175,2,543695.192255188,549241.5001389023,5546.307883714326
mem_pull__lower,mem_pull,lower,0.175,3,6234.947963815302,11764.775047745645,5529.827083930343
mem_pull__lower,mem_pull,lower,0.175,4,72.84353252766431,71.03246465648567,-1.8110678711786363
mem_pull__lower,mem_pull,lower,0.175,5,21.26209710923945,21.26379850975536,0.00170140051591261
mem_pull__lower,mem_pull,lower,0.175,6,35.91661451592063,35.28447722656483,-0.6321372893557964
mem_pull__lower,mem_pull,lower,0.175,7,0.4340379893880026,0.4175986880336495,-0.016439301354353064
mem_pull__lower,mem_pull,lower,0.175,8,285.27796389943546,319.8867330810667,34.60876918163126
mem_pull__lower,mem_pull,lower,0.175,9,417.51408594054624,446.3196710841355,28.80558514358927
mem_pull__lower,mem_pull,lower,0.175,10,3247.0274970473947,3317.929580366186,70.90208331879148
mem_pull__lower,mem_pull,lower,0.175,11,3919.7405637303946,4018.98343101812,99.2428672877254
mem_pull__lower,mem_pull,lower,0.175,12,0.9222150072407658,0.7069955519652922,-0.2152194552754736
mem_pull__lower,mem_pull,lower,0.175,13,0.3129456414847027,0.2994324374697044,-0.013513204014998337
mem_pull__lower,mem_pull,lower,0.175,14,0.4135765114292553,0.2947566659354379,-0.11881984549381736
mem_pull__lower,mem_pull,lower,0.175,15,15.0149737413376,15.589349747304825,0.574376005967224
mem_pull__lower,mem_pull,lower,0.175,16,13.500780991440251,13.652276347362204,0.15149535592195207
mem_pull__lower,mem_pull,lower,0.175,17,165776.72086009933,200271.42635991503,34494.7054998157
mem_pull__lower,mem_pull,lower,0.175,18,83543.10524039005,98540.4179060474,14997.312665657344
mem_pull__lower,mem_pull,lower,0.175,19,37.20602639587264,36.02715790167372,-1.1788684941989231
mem_pull__lower,mem_pull,lower,0.175,20,32639.53830930045,40980.7352470267,8341.19693772625
mem_pull__lower,mem_pull,lower,0.175,21,42034.29300437345,54274.02979055004,12239.736786176589
mem_pull__lower,mem_pull,lower,0.175,22,586.8409937500978,432.18958457172266,-154.65140917837516
mem_pull__lower,mem_pull,lower,0.175,23,222.8604853623101,222.86505619577383,0.0045708334637311054
mem_pull__lower,mem_pull,lower,0.175,24,227.0557783303884,230.9916797028636,3.9359013724752003
mem_pull__lower,mem_pull,lower,0.175,25,214.87765154479803,218.64365948623615,3.7660079414381187
mem_pull__lower,mem_pull,lower,0.175,26,200.18822353673067,200.2224086062511,0.034185069520418665
mem_pull__lower,mem_pull,lower,0.175,27,404.22263314816337,407.30853372387264,3.0859005757092746
mem_pull__lower,mem_pull,lower,0.175,28,4431.6793241839705,4653.022512374399,221.34318819042892
mem_pull__lower,mem_pull,lower,0.175,29,12879.23867523476,12714.320445898073,-164.91822933668664
mem_pull__lower,mem_pull,lower,0.175,30,28341.90282563953,33344.613863231185,5002.711037591656
mem_pull__upper,mem_pull,upper,0.525,1,8005216.044871672,4804517.83354958,-3200698.2113220925
mem_pull__upper,mem_pull,upper,0.525,2,543695.192255188,692556.9658791854,148861.77362399735
mem_pull__upper,mem_pull,upper,0.525,3,6234.947963815302,7989.018835820798,1754.0708720054963
mem_pull__upper,mem_pull,upper,0.525,4,72.84353252766431,73.10214631409269,0.2586137864283842
mem_pull__upper,mem_pull,upper,0.525,5,21.26209710923945,21.308398629451855,0.04630152021240619
mem_pull__upper,mem_pull,upper,0.525,6,35.91661451592063,34.26771494379636,-1.6488995721242645
mem_pull__upper,mem_pull,upper,0.525,7,0.4340379893880026,0.4086806433014089,-0.02535734608659368
mem_pull__upper,mem_pull,upper,0.525,8,285.27796389943546,254.6606458454712,-30.617318053964254
mem_pull__upper,mem_pull,upper,0.525,9,417.51408594054624,414.27441769881807,-3.239668241728168
mem_pull__upper,mem_pull,upper,0.525,10,3247.0274970473947,3163.293568827603,-83.73392821979178
mem_pull__upper,mem_pull,upper,0.525,11,3919.7405637303946,4255.909985872029,336.16942214163464
mem_pull__upper,mem_pull,upper,0.525,12,0.9222150072407658,1.0744992348941196,0.1522842276533538
mem_pull__upper,mem_pull,upper,0.525,13,0.3129456414847027,0.2424668934097553,-0.07047874807494742
mem_pull__upper,mem_pull,upper,0.525,14,0.4135765114292553,0.4574885871254537,0.04391207569619843
mem_pull__upper,mem_pull,upper,0.525,15,15.0149737413376,16.315955474679868,1.300981733342267
mem_pull__upper,mem_pull,upper,0.525,16,13.500780991440251,13.513036572548344,0.012255581108092883
mem_pull__upper,mem_pull,upper,0.525,17,165776.72086009933,146966.52624225337,-18810.194617845962
mem_pull__upper,mem_pull,upper,0.525,18,83543.10524039005,95093.85297092352,11550.747730533461
mem_pull__upper,mem_pull,upper,0.525,19,37.20602639587264,34.33185525610111,-2.8741711397715335
mem_pull__upper,mem_pull,upper,0.525,20,32639.53830930045,26807.816834649817,-5831.721474650632
mem_pull__upper,mem_pull,upper,0.525,21,42034.29300437345,40268.02746256115,-1766.2655418123031
mem_pull__upper,mem_pull,upper,0.525,22,586.8409937500978,557.0600034615709,-29.780990288526937
mem_pull__upper,mem_pull,upper,0.525,23,222.8604853623101,222.86066630104503,0.00018093873492830426
mem_pull__upper,mem_pull,upper,0.525,24,227.0557783303884,227.16831750542497,0.11253917503657362
mem_pull__upper,mem_pull,upper,0.525,25,214.87765154479803,218.39517057046575,3.517519025667724
mem_pull__upper,mem_pull,upper,0.525,26,200.18822353673067,200.10121529866228,-0.08700823806839253
mem_pull__upper,mem_pull,upper,0.525,27,404.22263314816337,403.1695528786304,-1.053080269532984
mem_pull__upper,mem_pull,upper,0.525,28,4431.6793241839705,4643.963583177185,212.28425899321428
mem_pull__upper,mem_pull,upper,0.525,29,12879.23867523476,10409.757927151782,-2469.480748082977
mem_pull__upper,mem_pull,upper,0.525,30,28341.90282563953,22385.30359232181,-5956.59923331772
mem_push__lower,mem_push,lower,0.125,1,8005216.044871672,7700392.185988564,-304823.858883108
mem_push__lower,mem_push,lower,0.125,2,543695.192255188,978949.7190628508,435254.5268076628
mem_push__lower,mem_push,lower,0.125,3,6234.947963815302,8412.218088059344,2177.2701242440426
mem_push__lower,mem_push,lower,0.125,4,72.84353252766431,70.95672825602503,-1.8868042716392779
mem_push__lower,mem_push,lower,0.125,5,21.26209710923945,21.291442319155976,0.029345209916527892
mem_push__lower,mem_push,lower,0.125,6,35.91661451592063,36.69418880566877,0.777574289748145
mem_push__lower,mem_push,lower,0.125,7,0.4340379893880026,0.433930505354283,-0.00010748403371957371
mem_push__lower,mem_push,lower,0.125,8,285.27796389943546,285.1219212368442,-0.15604266259128963
mem_push__lower,mem_push,lower,0.125,9,417.51408594054624,446.2944067931328,28.780320852586556
mem_push__lower,mem_push,lower,0.125,10,3247.0274970473947,3102.700810207529,-144.32668683986594
mem_push__lower,mem_push,lower,0.125,11,3919.7405637303946,3678.984460813006,-240.7561029173885
mem_push__lower,mem_push,lower,0.125,12,0.9222150072407658,0.9080190626311831,-0.014195944609582622
mem_push__lower,mem_push,lower,0.125,13,0.3129456414847027,0.2900603787518321,-0.022885262732870615
mem_push__lower,mem_push,lower,0.125,14,0.4135765114292553,0.4183411307001279,0.004764619270872628
mem_push__lower,mem_push,lower,0.125,15,15.0149737413376,9.340376386392563,-5.674597354945037
mem_push__lower,mem_push,lower,0.125,16,13.500780991440251,13.513687184465198,0.012906193024946333
mem_push__lower,mem_push,lower,0.125,17,165776.72086009933,265233.63793319825,99456.91707309891
mem_push__lower,mem_push,lower,0.125,18,83543.10524039005,76322.36140141852,-7220.743838971539
mem_push__lower,mem_push,lower,0.125,19,37.20602639587264,30.20930480307152,-6.996721592801119
mem_push__lower,mem_push,lower,0.125,20,32639.53830930045,31839.950664317512,-799.5876449829375
mem_push__lower,mem_push,lower,0.125,21,42034.29300437345,50462.982825369385,8428.689820995933
mem_push__lower,mem_push,lower,0.125,22,586.8409937500978,355.2747212740901,-231.56627247600773
mem_push__lower,mem_push,lower,0.125,23,222.8604853623101,222.86905737079405,0.008572008483952231
mem_push__lower,mem_push,lower,0.125,24,227.0557783303884,228.0880990159526,1.0323206855642013
mem_push__lower,mem_push,lower,0.125,25,214.87765154479803,216.8401709256559,1.9625193808578842
mem_push__lower,mem_push,lower,0.125,26,200.18822353673067,200.18597626038536,-0.0022472763453151856
mem_push__lower,mem_push,lower,0.125,27,404.22263314816337,404.0804244941824,-0.1422086539809584
mem_push__lower,mem_push,lower,0.125,28,4431.6793241839705,4524.54031234208,92.86098815810965
mem_push__lower,mem_push,lower,0.125,29,12879.23867523476,19518.616124357428,6639.377449122669
mem_push__lower,mem_push,lower,0.125,30,28341.90282563953,31236.303988825093,2894.4011631855647
mem_push__upper,mem_push,upper,0.375,1,8005216.044871672,6371615.358381411,-1633600.686490261
mem_push__upper,mem_push,upper,0.375,2,543695.192255188,941985.1534466484,398289.9611914604
mem_push__upper,mem_push,upper,0.375,3,6234.947963815302,4709.9106153940265,-1525.037348421275
mem_push__upper,mem_push,upper,0.375,4,72.84353252766431,70.32776000026399,-2.5157725274003155
mem_push__upper,mem_push,upper,0.375,5,21.26209710923945,21.209713340461576,-0.05238376877787232
mem_push__upper,mem_push,upper,0.375,6,35.91661451592063,35.004753069495,-0.9118614464256254
mem_push__upper,mem_push,upper,0.375,7,0.4340379893880026,0.3295170744946745,-0.1045209148933281
mem_push__upper,mem_push,upper,0.375,8,285.27796389943546,337.14308257697485,51.865118677539385
mem_push__upper,mem_push,upper,0.375,9,417.51408594054624,466.3952097841186,48.88112384357237
mem_push__upper,mem_push,upper,0.375,10,3247.0274970473947,3308.599525191072,61.57202814367747
mem_push__upper,mem_push,upper,0.375,11,3919.7405637303946,4309.614174938462,389.8736112080678
mem_push__upper,mem_push,upper,0.375,12,0.9222150072407658,0.6618761978368184,-0.2603388094039474
mem_push__upper,mem_push,upper,0.375,13,0.3129456414847027,0.2858142400079941,-0.027131401476708616
mem_push__upper,mem_push,upper,0.375,14,0.4135765114292553,0.2963886686786736,-0.1171878427505817
mem_push__upper,mem_push,upper,0.375,15,15.0149737413376,16.148483767775588,1.1335100264379872
mem_push__upper,mem_push,upper,0.375,16,13.500780991440251,14.08867859468114,0.5878976032408882
mem_push__upper,mem_push,upper,0.375,17,165776.72086009933,220806.5508525942,55029.829992494866
mem_push__upper,mem_push,upper,0.375,18,83543.10524039005,88458.3295007587,4915.224260368646
mem_push__upper,mem_push,upper,0.375,19,37.20602639587264,38.43913763335081,1.2331112374781696
mem_push__upper,mem_push,upper,0.375,20,32639.53830930045,34742.77917491831,2103.2408656178595
mem_push__upper,mem_push,upper,0.375,21,42034.29300437345,44571.85696733027,2537.5639629568177
mem_push__upper,mem_push,upper,0.375,22,586.8409937500978,444.3755087620407,-142.46548498805714
mem_push__upper,mem_push,upper,0.375,23,222.8604853623101,222.85695369857692,-0.003531663733184587
mem_push__upper,mem_push,upper,0.375,24,227.0557783303884,228.2926762344532,1.2368979040648185
mem_push__upper,mem_push,upper,0.375,25,214.87765154479803,221.6755802151997,6.79792867040166
mem_push__upper,mem_push,upper,0.375,26,200.18822353673067,200.21476409257863,0.026540555847958558
mem_push__upper,mem_push,upper,0.375,27,404.22263314816337,404.2656398343147,0.04300668615132963
mem_push__upper,mem_push,upper,0.375,28,4431.6793241839705,4645.900151115338,214.2208269313678
mem_push__upper,mem_push,upper,0.375,29,12879.23867523476,16475.800527245883,3596.561852011124
mem_push__upper,mem_push,upper,0.375,30,28341.90282563953,28419.50169952056,77.59887388103016
s0_frac__lower,s0_frac,lower,0.01,1,8005216.044871672,2502291.251536529,-5502924.7933351435
s0_frac__lower,s0_frac,lower,0.01,2,543695.192255188,1084854.6820257157,541159.4897705277
s0_frac__lower,s0_frac,lower,0.01,3,6234.947963815302,13967.489977404692,7732.54201358939
s0_frac__lower,s0_frac,lower,0.01,4,72.84353252766431,73.05283870757626,0.20930617991194822
s0_frac__lower,s0_frac,lower,0.01,5,21.26209710923945,21.22224559818312,-0.03985151105632667
s0_frac__lower,s0_frac,lower,0.01,6,35.91661451592063,39.09494101501798,3.178326499097352
s0_frac__lower,s0_frac,lower,0.01,7,0.4340379893880026,0.3259788948371351,-0.10805909455086748
s0_frac__lower,s0_frac,lower,0.01,8,285.27796389943546,299.7538555213009,14.475891621865458
s0_frac__lower,s0_frac,lower,0.01,9,417.51408594054624,418.9165389735008,1.4024530329545541
s0_frac__lower,s0_frac,lower,0.01,10,3247.0274970473947,3087.237921423024,-159.78957562437063
s0_frac__lower,s0_frac,lower,0.01,11,3919.7405637303946,4092.810211509485,173.06964777909025
s0_frac__lower,s0_frac,lower,0.01,12,0.9222150072407658,1.116524147185601,0.19430913994483512
s0_frac__lower,s0_frac,lower,0.01,13,0.3129456414847027,0.3024780467683285,-0.010467594716374207
s0_frac__lower,s0_frac,lower,0.01,14,0.4135765114292553,0.3947888255706857,-0.018787685858569603
s0_frac__lower,s0_frac,lower,0.01,15,15.0149737413376,13.93792481069204,-1.0770489306455602
s0_frac__lower,s0_frac,lower,0.01,16,13.500780991440251,13.56446445684469,0.06368346540443781
s0_frac__lower,s0_frac,lower,0.01,17,165776.72086009933,164375.9204412422,-1400.8004188571358
s0_frac__lower,s0_frac,lower,0.01,18,83543.10524039005,84301.02375919279,757.9185188027332
s0_frac__lower,s0_frac,lower,0.01,19,37.20602639587264,32.19279253900049,-5.013233856872148
s0_frac__lower,s0_frac,lower,0.01,20,32639.53830930045,36669.81783029548,4030.2795209950273
s0_frac__lower,s0_frac,lower,0.01,21,42034.29300437345,43064.55956080712,1030.2665564336712
s0_frac__lower,s0_frac,lower,0.01,22,586.8409937500978,437.0171369568525,-149.82385679324534
s0_frac__lower,s0_frac,lower,0.01,23,222.8604853623101,222.87048841189696,0.010003049586856605
s0_frac__lower,s0_frac,lower,0.01,24,227.0557783303884,228.19672088919515,1.1409425588067563
s0_frac__lower,s0_frac,lower,0.01,25,214.87765154479803,217.53480157210743,2.657150027309399
s0_frac__lower,s0_frac,lower,0.01,26,200.18822353673067,200.1769406602998,-0.011282876430868782
s0_frac__lower,s0_frac,lower,0.01,27,404.22263314816337,403.9696983732565,-0.252934774906862
s0_frac__lower,s0_frac,lower,0.01,28,4431.6793241839705,4186.900346631363,-244.7789775526071
s0_frac__lower,s0_frac,lower,0.01,29,12879.23867523476,16022.68800120982,3143.4493259750616
s0_frac__lower,s0_frac,lower,0.01,30,28341.90282563953,30565.25480398159,2223.3519783420597
s0_frac__upper,s0_frac,upper,0.04,1,8005216.044871672,3883319.7260393775,-4121896.3188322945
s0_frac__upper,s0_frac,upper,0.04,2,543695.192255188,710385.7812631452,166690.58900795714
s0_frac__upper,s0_frac,upper,0.04,3,6234.947963815302,18363.165216257257,12128.217252441955
s0_frac__upper,s0_frac,upper,0.04,4,72.84353252766431,71.82568237450448,-1.0178501531598272
s0_frac__upper,s0_frac,upper,0.04,5,21.26209710923945,21.10269044483437,-0.1594066644050791
s0_frac__upper,s0_frac,upper,0.04,6,35.91661451592063,32.17165154577924,-3.744962970141387
s0_frac__upper,s0_frac,upper,0.04,7,0.4340379893880026,0.3364285581660624,-0.09760943122194021
s0_frac__upper,s0_frac,upper,0.04,8,285.27796389943546,278.8970271625733,-6.380936736862168
s0_frac__upper,s0_frac,upper,0.04,9,417.51408594054624,414.5367602879205,-2.977325652625723
s0_frac__upper,s0_frac,upper,0.04,10,3247.0274970473947,3224.2385564898814,-22.788940557513342
s0_frac__upper,s0_frac,upper,0.04,11,3919.7405637303946,3706.393821762269,-213.34674196812557
s0_frac__upper,s0_frac,upper,0.04,12,0.9222150072407658,0.5974589542875037,-0.32475605295326204
s0_frac__upper,s0_frac,upper,0.04,13,0.3129456414847027,0.2766600810655291,-0.036285560419173635
s0_frac__upper,s0_frac,upper,0.04,14,0.4135765114292553,0.4262921476918109,0.012715636262555619
s0_frac__upper,s0_frac,upper,0.04,15,15.0149737413376,14.67005765263275,-0.344916088704851
s0_frac__upper,s0_frac,upper,0.04,16,13.500780991440251,13.598835309231845,0.09805431779159335
s0_frac__upper,s0_frac,upper,0.04,17,165776.72086009933,159992.01499590994,-5784.705864189396
s0_frac__upper,s0_frac,upper,0.04,18,83543.10524039005,91141.83674572648,7598.731505336429
s0_frac__upper,s0_frac,upper,0.04,19,37.20602639587264,35.0441891477617,-2.161837248110942
s0_frac__upper,s0_frac,upper,0.04,20,32639.53830930045,32995.30261976827,355.7643104678209
s0_frac__upper,s0_frac,upper,0.04,21,42034.29300437345,34362.49131265748,-7671.801691715969
s0_frac__upper,s0_frac,upper,0.04,22,586.8409937500978,328.5996041686621,-258.2413895814357
s0_frac__upper,s0_frac,upper,0.04,23,222.8604853623101,222.86387886670585,0.0033935043957455946
s0_frac__upper,s0_frac,upper,0.04,24,227.0557783303884,226.6811108402621,-0.374667490126285
s0_frac__upper,s0_frac,upper,0.04,25,214.87765154479803,215.03539403716425,0.15774249236622495
s0_frac__upper,s0_frac,upper,0.04,26,200.18822353673067,200.0942302828712,-0.09399325385948032
s0_frac__upper,s0_frac,upper,0.04,27,404.22263314816337,404.4975462169814,0.274913068818023
s0_frac__upper,s0_frac,upper,0.04,28,4431.6793241839705,4098.76979922184,-332.9095249621305
s0_frac__upper,s0_frac,upper,0.04,29,12879.23867523476,14299.167827160272,1419.929151925513
s0_frac__upper,s0_frac,upper,0.04,30,28341.90282563953,28343.964848817617,2.062023178088566
stag_trigger__lower,stag_trigger,lower,30.0,1,8005216.044871672,4418397.595748012,-3586818.44912366
stag_trigger__lower,stag_trigger,lower,30.0,2,543695.192255188,541848.6425235224,-1846.5497316656401
stag_trigger__lower,stag_trigger,lower,30.0,3,6234.947963815302,6246.103047357848,11.155083542545981
stag_trigger__lower,stag_trigger,lower,30.0,4,72.84353252766431,70.93492443052241,-1.9086080971418937
stag_trigger__lower,stag_trigger,lower,30.0,5,21.26209710923945,21.258050943282683,-0.004046165956765435
stag_trigger__lower,stag_trigger,lower,30.0,6,35.91661451592063,34.744818714037024,-1.1717958018836043
stag_trigger__lower,stag_trigger,lower,30.0,7,0.4340379893880026,0.3952631094982735,-0.03877487988972911
stag_trigger__lower,stag_trigger,lower,30.0,8,285.27796389943546,285.9370588943216,0.659094994886118
stag_trigger__lower,stag_trigger,lower,30.0,9,417.51408594054624,417.51408586006346,-8.048277777561452e-08
stag_trigger__lower,stag_trigger,lower,30.0,10,3247.0274970473947,3247.0285656428587,0.0010685954639484407
stag_trigger__lower,stag_trigger,lower,30.0,11,3919.7405637303946,3679.8017936018814,-239.93877012851317
stag_trigger__lower,stag_trigger,lower,30.0,12,0.9222150072407658,0.9014917084014088,-0.020723298839356974
stag_trigger__lower,stag_trigger,lower,30.0,13,0.3129456414847027,0.2824500286474176,-0.030495612837285135
stag_trigger__lower,stag_trigger,lower,30.0,14,0.4135765114292553,0.4137406154832206,0.00016410405396533045
stag_trigger__lower,stag_trigger,lower,30.0,15,15.0149737413376,12.832578980640392,-2.1823947606972087
stag_trigger__lower,stag_trigger,lower,30.0,16,13.500780991440251,13.500780975739872,-1.5700379663030617e-08
stag_trigger__lower,stag_trigger,lower,30.0,17,165776.72086009933,198411.4874415376,32634.766581438278
stag_trigger__lower,stag_trigger,lower,30.0,18,83543.10524039005,65011.77467272602,-18531.330567664038
stag_trigger__lower,stag_trigger,lower,30.0,19,37.20602639587264,36.702215508707695,-0.5038108871649456
stag_trigger__lower,stag_trigger,lower,30.0,20,32639.53830930045,34715.594126389646,2076.0558170891964
stag_trigger__lower,stag_trigger,lower,30.0,21,42034.29300437345,43752.1014119097,1717.8084075362494
stag_trigger__lower,stag_trigger,lower,30.0,22,586.8409937500978,410.3859707722045,-176.45502297789335
stag_trigger__lower,stag_trigger,lower,30.0,23,222.8604853623101,222.86365534194647,0.0031699796363682253
stag_trigger__lower,stag_trigger,lower,30.0,24,227.0557783303884,227.0054580723354,-0.05032025805300577
stag_trigger__lower,stag_trigger,lower,30.0,25,214.87765154479803,214.2455188005415,-0.6321327442565234
stag_trigger__lower,stag_trigger,lower,30.0,26,200.18822353673067,200.15189738895788,-0.03632614777279741
stag_trigger__lower,stag_trigger,lower,30.0,27,404.22263314816337,404.02193891016987,-0.2006942379935026
stag_trigger__lower,stag_trigger,lower,30.0,28,4431.6793241839705,4558.92193589299,127.24261170901991
stag_trigger__lower,stag_trigger,lower,30.0,29,12879.23867523476,16849.373636235407,3970.1349610006473
stag_trigger__lower,stag_trigger,lower,30.0,30,28341.90282563953,27116.31475817569,-1225.5880674638393
stag_trigger__upper,stag_trigger,upper,120.0,1,8005216.044871672,6388965.705558855,-1616250.339312817
stag_trigger__upper,stag_trigger,upper,120.0,2,543695.192255188,545537.6393218104,1842.447066622437
stag_trigger__upper,stag_trigger,upper,120.0,3,6234.947963815302,6062.721988853128,-172.2259749621735
stag_trigger__upper,stag_trigger,upper,120.0,4,72.84353252766431,72.72844076282013,-0.11509176484418049
stag_trigger__upper,stag_trigger,upper,120.0,5,21.26209710923945,21.302656558974377,0.04055944973492842
stag_trigger__upper,stag_trigger,upper,120.0,6,35.91661451592063,35.26115027276376,-0.6554642431568709
stag_trigger__upper,stag_trigger,upper,120.0,7,0.4340379893880026,0.6852046612183358,0.2511666718303332
stag_trigger__upper,stag_trigger,upper,120.0,8,285.27796389943546,313.1761167699101,27.898152870474632
stag_trigger__upper,stag_trigger,upper,120.0,9,417.51408594054624,445.7936773423719,28.279591401825655
stag_trigger__upper,stag_trigger,upper,120.0,10,3247.0274970473947,3247.027484891707,-1.2155687727499753e-05
stag_trigger__upper,stag_trigger,upper,120.0,11,3919.7405637303946,3919.740558619025,-5.111369773658225e-06
stag_trigger__upper,stag_trigger,upper,120.0,12,0.9222150072407658,0.950293399379234,0.02807839213846819
stag_trigger__upper,stag_trigger,upper,120.0,13,0.3129456414847027,0.3642074025237889,0.051261761039086196
stag_trigger__upper,stag_trigger,upper,120.0,14,0.4135765114292553,0.4135520159300085,-2.4495499246768304e-05
stag_trigger__upper,stag_trigger,upper,120.0,15,15.0149737413376,13.798836232657775,-1.2161375086798252
stag_trigger__upper,stag_trigger,upper,120.0,16,13.500780991440251,13.648995661047593,0.14821466960734142
stag_trigger__upper,stag_trigger,upper,120.0,17,165776.72086009933,301288.3017905294,135511.58093043006
stag_trigger__upper,stag_trigger,upper,120.0,18,83543.10524039005,82741.36917554299,-801.736064847064
stag_trigger__upper,stag_trigger,upper,120.0,19,37.20602639587264,40.1898693032399,2.9838429073672614
stag_trigger__upper,stag_trigger,upper,120.0,20,32639.53830930045,37322.40577141741,4682.867462116963
stag_trigger__upper,stag_trigger,upper,120.0,21,42034.29300437345,51824.08655515184,9789.793550778384
stag_trigger__upper,stag_trigger,upper,120.0,22,586.8409937500978,461.4370828822193,-125.40391086787855
stag_trigger__upper,stag_trigger,upper,120.0,23,222.8604853623101,222.8621918028093,0.0017064404991913307
stag_trigger__upper,stag_trigger,upper,120.0,24,227.0557783303884,227.5562949960349,0.5005166656465008
stag_trigger__upper,stag_trigger,upper,120.0,25,214.87765154479803,220.8728087458353,5.995157201037273
stag_trigger__upper,stag_trigger,upper,120.0,26,200.18822353673067,200.2326951881992,0.04447165146851262
stag_trigger__upper,stag_trigger,upper,120.0,27,404.22263314816337,405.4510665173548,1.228433369191407
stag_trigger__upper,stag_trigger,upper,120.0,28,4431.6793241839705,4643.963583177185,212.28425899321428
stag_trigger__upper,stag_trigger,upper,120.0,29,12879.23867523476,10356.671650798571,-2522.567024436188
stag_trigger__upper,stag_trigger,upper,120.0,30,28341.90282563953,29687.762800607077,1345.8599749675486
