suite,version,dimension,records,functions,instances,error_mean,error_median,error_std,fe_used_mean,fe_used_median,n_accept_mean,n_accept_median,n_reloc_mean,n_reloc_median,wall_time_mean,wall_time_median
COCO-BBOB,V0,2,1800,24,15,4456.77538745609,19.864553307629265,122861.00007448891,2000.0,2000.0,10.61,4.0,0.0,0.0,0.01127379731666219,0.0110880109996287
COCO-BBOB,V0,5,1800,24,15,7057.703660922229,44.570391010210514,73455.47473797317,5000.0,5000.0,20.61888888888889,15.0,0.0,0.0,0.03617644186053536,0.0355980994991114
COCO-BBOB,V0,10,1800,24,15,5562.299242297436,65.42768608567658,25931.47260453597,10000.0,10000.0,37.40277777777778,36.0,0.0,0.0,0.10346011199111162,0.1014536775010128
COCO-BBOB,V0,20,1800,24,15,8516.151274673464,118.46653224771742,37886.32397326795,20000.0,20000.0,65.14,70.0,0.0,0.0,0.3310390267733419,0.3241171595000196
COCO-BBOB,V0,40,1800,24,15,13169.371397193236,199.30222060933713,53590.07196497863,40000.0,40000.0,99.28666666666666,117.0,0.0,0.0,1.14682887583721,1.122524317499483
COCO-BBOB,V1,2,1800,24,15,59.05990637590989,7.793544799899365,214.49626404234436,2000.0,2000.0,17.607222222222223,11.0,0.0,0.0,0.011329872255568616,0.0111540295010854
COCO-BBOB,V1,5,1800,24,15,313.6710893761869,20.302727501190944,1720.7615593496466,5000.0,5000.0,34.47888888888889,23.0,0.0,0.0,0.03619725255110901,0.03568355999959745
COCO-BBOB,V1,10,1800,24,15,553.7510007204164,34.78100307006213,2065.9118178659014,10000.0,10000.0,46.279444444444444,33.0,0.0,0.0,0.10313583753334059,0.1012611589994776
COCO-BBOB,V1,20,1800,24,15,1453.3086932605745,54.14875733361334,4566.296507282957,20000.0,20000.0,69.28444444444445,46.0,0.0,0.0,0.33069104593333276,0.32364638750004815
COCO-BBOB,V1,40,1800,24,15,2781.0870501034324,71.4756360695206,7403.873913219738,40000.0,40000.0,84.23833333333333,56.0,0.0,0.0,1.1464382116555276,1.122221185501985
COCO-BBOB,V2,2,1800,24,15,69.11189743920869,7.256141733034511,369.65287947439776,2000.0,2000.0,13.332222222222223,10.0,0.0,0.0,0.011324929489998442,0.011151777500344899
COCO-BBOB,V2,5,1800,24,15,972.4423499784813,21.682484802096248,14591.62588804352,5000.0,5000.0,26.394444444444446,22.0,0.0,0.0,0.036238164024989555,0.035762792499554
COCO-BBOB,V2,10,1800,24,15,1450.208652413785,36.910545802634026,8841.69700712911,10000.0,10000.0,34.91444444444444,33.0,0.0,0.0,0.10341646844946703,0.1014677345001473
COCO-BBOB,V2,20,1800,24,15,4250.09308038005,62.69607974901872,23393.354640838897,20000.0,20000.0,46.27,44.5,0.0,0.0,0.3318561106444193,0.3243473140009882
COCO-BBOB,V2,40,1800,24,15,9021.15187939987,115.26781878419101,36638.56469643788,40000.0,40000.0,52.055,53.0,0.0,0.0,1.1504601633527778,1.1270921014984197
COCO-BBOB,V3,2,1800,24,15,49.41758910543844,4.060223198345483,211.65436733861503,2000.0,2000.0,65.41111111111111,71.5,0.0,0.0,0.01447181752000582,0.01422313049897635
COCO-BBOB,V3,5,1800,24,15,200.28018649373996,14.587217266485368,1039.9054161836373,5000.0,5000.0,131.15222222222224,147.0,0.0,0.0,0.0415001714861288,0.041018861500560846
COCO-BBOB,V3,10,1800,24,15,404.08695473127915,33.22658486470257,1192.7318753617594,10000.0,10000.0,159.48388888888888,163.0,0.0,0.0,0.11043044983780415,0.10853608549950874
COCO-BBOB,V3,20,1800,24,15,1111.9892126957116,52.8374805018222,3094.473137550848,20000.0,20000.0,180.8761111111111,180.5,0.0,0.0,0.33968398771498365,0.33262304100026086
COCO-BBOB,V3,40,1800,24,15,2302.2623783126555,64.28829330817894,5333.774950146956,40000.0,40000.0,188.285,182.0,0.0,0.0,1.155734100371113,1.1303245720009727
COCO-BBOB,V4,2,1800,24,15,32.81329435151487,4.596645618981931,140.70151347574696,2000.0,2000.0,29.83888888888889,32.0,0.2388888888888889,0.0,0.013117740897229498,0.012932020998960049
COCO-BBOB,V4,5,1800,24,15,278.9291085038509,13.577130144913436,1942.2185590269044,5000.0,5000.0,68.32,86.0,0.3883333333333333,0.0,0.03938097779889475,0.03884454550006915
COCO-BBOB,V4,10,1800,24,15,619.578003391435,24.474707847506913,3571.511961492066,10000.0,10000.0,92.85833333333333,110.0,0.5466666666666666,0.0,0.10774788693052764,0.10572476500055919
COCO-BBOB,V4,20,1800,24,15,2154.136716967195,35.85477455398953,12694.141882446094,20000.0,20000.0,111.26666666666667,122.0,0.7677777777777778,0.0,0.33679276636280014,0.3297484160011663
COCO-BBOB,V4,40,1800,24,15,5003.4170842286885,40.008598888469294,21953.82679545797,40000.0,40000.0,120.86166666666666,131.0,0.9338888888888889,1.0,1.1546012585855776,1.1320770190013718
