suite,version,category,D,runs,functions,error_mean,error_median,error_std,n_accept_mean,n_reloc_mean,wall_time_mean
CEC2014,V0,Composition,30,80,8,3732812.9821101525,1077.8053154291224,7532205.350311048,131.5375,0.0,63.203127697438504
CEC2014,V0,Hybrid,30,60,6,13650866.186998116,1403117.6499677822,22787899.076906517,87.55,0.0,27.570386671584128
CEC2014,V0,Multimodal,30,130,13,1194.9682988017198,55.488964368560005,2454.096727849713,57.49230769230769,0.0,56.28613191248486
CEC2014,V0,Unimodal,30,30,3,52656578.119638406,10470701.441011706,67230981.50093746,110.7,0.0,6.885466536866928
CEC2014,V1,Composition,30,80,8,368931.75528434926,1028.2142469776559,1111266.192283952,241.4875,0.0,63.421154843324985
CEC2014,V1,Hybrid,30,60,6,126864.08710183129,82520.58185265456,150262.21518399724,166.7,0.0,27.565536162950593
CEC2014,V1,Multimodal,30,130,13,1121.8751950416067,46.189482561721206,2299.949943734987,37.93076923076923,0.0,56.095963236384314
CEC2014,V1,Unimodal,30,30,3,5201881.711136556,2258202.8125147866,5896338.158720451,214.06666666666666,0.0,6.831337908932619
CEC2014,V2,Composition,30,80,8,3669884.257780242,925.0938808256244,8073281.55797295,93.375,0.0,63.26750899191175
CEC2014,V2,Hybrid,30,60,6,1523373.952639082,162802.48310174362,2613168.224301857,61.85,0.0,27.51908827885151
CEC2014,V2,Multimodal,30,130,13,1256.9044806538077,29.82573243553543,2646.9615267831186,33.15384615384615,0.0,56.20379538845328
CEC2014,V2,Unimodal,30,30,3,32037057.727307037,4038952.1193315345,43893371.19388245,88.5,0.0,6.884189002867303
CEC2014,V3,Composition,30,80,8,274810.6205999542,1026.3546512122882,887619.1416388896,281.3625,0.0,63.436780200262
CEC2014,V3,Hybrid,30,60,6,120108.10713562652,68625.05480575077,143302.77924813042,217.53333333333333,0.0,27.721884736884384
CEC2014,V3,Multimodal,30,130,13,1119.9726831543019,41.54670982589812,2299.2300680707212,104.71538461538462,0.0,56.376535771862166
CEC2014,V3,Unimodal,30,30,3,3824630.0729690115,2062211.427882705,4161755.229553197,509.3666666666667,0.0,6.968111020634387
CEC2014,V4,Composition,30,80,8,6336.790262644509,316.80335713937757,10900.630234636958,1225.9875,10.15,63.43609239414891
CEC2014,V4,Hybrid,30,60,6,54700.19537102125,37318.66195960688,66784.33657219564,1317.55,7.85,27.5220545612831
CEC2014,V4,Multimodal,30,130,13,615.8368963763402,21.099320084055535,1288.0216916738646,678.5846153846154,16.676923076923078,56.20467390293063
CEC2014,V4,Unimodal,30,30,3,2263899.0282451366,656565.1591947125,3090977.3804077343,1619.5,3.2,6.927357255499616
