suite,version,function_id,function,category,D,runs,error_mean,error_median,error_std,error_min,error_max,fe_used_mean,fe_used_median,n_accept_mean,n_accept_median,n_reloc_mean,n_reloc_median,wall_time_mean,wall_time_median
CEC2014,V0,1,F1,Unimodal,30,10,145622157.66331863,149861962.19621748,10796805.87703977,125334424.21876064,157755464.80407307,300000.0,300000.0,163.0,157.5,0.0,0.0,7.440030783099791,7.434136526997463
CEC2014,V0,2,F2,Unimodal,30,10,10364714.016603043,10470701.441011706,1809968.781471043,7917073.174700228,14284795.881761236,300000.0,300000.0,141.1,137.5,0.0,0.0,6.6175852082007625,6.618213746503898
CEC2014,V0,3,F3,Unimodal,30,10,1982862.6789935317,2132246.0330252266,1118353.89753053,297045.3616125484,3377400.574198827,300000.0,300000.0,28.0,27.0,0.0,0.0,6.59878361930023,6.53387385050155
CEC2014,V0,4,F4,Multimodal,30,10,187.77625591661877,189.3644760704293,55.3921899236883,117.5066993443412,274.1059896360598,300000.0,300000.0,151.0,148.5,0.0,0.0,7.687064131498483,7.742433442497713
CEC2014,V0,5,F5,Multimodal,30,10,21.57076858626964,21.541376593018242,0.14683540230257447,21.400576366455425,21.81362208550661,300000.0,300000.0,1.6,1.5,0.0,0.0,7.5520190909010125,7.5178271400036465
CEC2014,V0,6,F6,Multimodal,30,10,54.28885461615927,55.488964368560005,4.981914907306583,44.31846051273942,60.572621265484486,300000.0,300000.0,4.7,5.0,0.0,0.0,90.4706572410003,90.42659214400192
CEC2014,V0,7,F7,Multimodal,30,10,1.0993469844790753,1.0957201040384348,0.017204774327976707,1.080025695314248,1.1241859580115945,300000.0,300000.0,151.4,150.0,0.0,0.0,7.5779479505996274,7.558907505499519
CEC2014,V0,8,F8,Multimodal,30,10,583.9365756058094,556.1438087365062,97.94326720496808,480.2480487002736,803.3278726461358,300000.0,300000.0,8.8,9.0,0.0,0.0,7.22933120590169,7.253862807003315
CEC2014,V0,9,F9,Multimodal,30,10,954.6240203564099,953.2984654931147,249.3469993933043,642.3102054769734,1367.1915108467197,300000.0,300000.0,9.7,9.5,0.0,0.0,7.402665730800072,7.402345251499355
CEC2014,V0,10,F10,Multimodal,30,10,6565.075343860082,6239.191640549033,1008.3191814544184,5277.638374587282,8732.181067132351,300000.0,300000.0,10.0,9.0,0.0,0.0,12.558383936200698,12.522733752000931
CEC2014,V0,11,F11,Multimodal,30,10,7028.175133307808,7582.656863133515,1279.1325173575972,4829.130739025231,8665.686394787264,300000.0,300000.0,9.6,9.0,0.0,0.0,12.746885583200491,12.706909723001445
CEC2014,V0,12,F12,Multimodal,30,10,8.318752087788335,8.826380811448075,3.7413393903185734,3.144908134768912,14.774490934280038,300000.0,300000.0,3.7,2.5,0.0,0.0,509.8403331901012,508.77022793650036
CEC2014,V0,13,F13,Multimodal,30,10,1.0627535959418537,1.0903811251006346,0.15508680161319438,0.8185447481509982,1.3424510397287577,300000.0,300000.0,102.4,102.5,0.0,0.0,7.460789708800439,7.466117535994272
CEC2014,V0,14,F14,Multimodal,30,10,2.301481353108329,2.390054541636346,0.9490532433981573,0.8690834304902637,3.418416880683253,300000.0,300000.0,142.8,140.0,0.0,0.0,7.3799130615982,7.336730859497038
CEC2014,V0,15,F15,Multimodal,30,10,111.70111629014704,111.56800926861854,25.477140586803124,79.13251765080486,157.1181549146172,300000.0,300000.0,149.7,149.0,0.0,0.0,8.53569564250065,8.560825863496575
CEC2014,V0,16,F16,Multimodal,30,10,14.657481861736892,14.692143883272024,0.36612758351230135,13.972314948196528,15.116147305120876,300000.0,300000.0,2.0,1.5,0.0,0.0,45.27802838920034,45.29084013049578
CEC2014,V0,17,F17,Hybrid,30,10,30748424.688293893,32835711.401277903,7993183.004606115,14573760.398633027,41015109.81822332,300000.0,300000.0,106.2,104.5,0.0,0.0,15.651847636500316,15.657275187004416
CEC2014,V0,18,F18,Hybrid,30,10,1441673.929763511,1403117.6499677822,618915.8846619054,446181.2559298871,2638734.512630197,300000.0,300000.0,65.4,66.5,0.0,0.0,9.637271894802689,9.658101834502304
CEC2014,V0,19,F19,Hybrid,30,10,34756.16977638654,6666.994603133282,41741.15265497959,175.09342784680348,93391.22846031736,300000.0,300000.0,71.7,67.0,0.0,0.0,32.93522086540033,32.98178835500585
CEC2014,V0,20,F20,Hybrid,30,10,4019648.69722618,4769198.200898586,2072474.875988048,243821.74657822165,6929113.909594734,300000.0,300000.0,119.8,118.5,0.0,0.0,12.353550371999154,12.41710993200104
CEC2014,V0,21,F21,Hybrid,30,10,45656335.8894149,56271368.919135705,34511840.62758944,187113.08260030503,93755132.90523198,300000.0,300000.0,90.5,84.0,0.0,0.0,23.224474863101204,23.17028806700546
CEC2014,V0,22,F22,Hybrid,30,10,4357.747513817533,4337.2959461029695,1107.2996794860528,2580.8478132549826,5993.760369107276,300000.0,300000.0,71.7,73.5,0.0,0.0,71.61995439770108,71.57484807299625
CEC2014,V0,23,F23,Composition,30,10,247.50205928440374,244.17398352217606,13.519972361632071,239.44786333923184,285.0117239444148,300000.0,300000.0,182.7,175.0,0.0,0.0,18.5648588622018,18.409296685000303
CEC2014,V0,24,F24,Composition,30,10,876.2660431852853,990.8713486787808,330.7681270306354,289.4029374109273,1193.2879255290686,300000.0,300000.0,51.2,26.5,0.0,0.0,21.15098588400142,21.306502531500882
CEC2014,V0,25,F25,Composition,30,10,393.53474162545285,393.69718423589666,36.653567759001426,326.7115034481326,453.5571234626887,300000.0,300000.0,66.4,62.5,0.0,0.0,21.54350669450214,21.506237379500817
CEC2014,V0,26,F26,Composition,30,10,209.0446850396682,209.11210856832963,0.7275925694352565,207.77082626767333,210.2773478236168,300000.0,300000.0,107.1,104.5,0.0,0.0,110.41594693720253,110.21353408050345
CEC2014,V0,27,F27,Composition,30,10,1580.451583155987,1962.7158717506904,772.716756101117,464.1453366719438,2400.0918316713,300000.0,300000.0,85.4,61.0,0.0,0.0,109.46817276240036,109.44345659400278
CEC2014,V0,28,F28,Composition,30,10,7820.107292349858,7657.832203723436,1181.794240683032,5784.1007235541565,10194.730354932346,300000.0,300000.0,24.8,26.0,0.0,0.0,67.70677713990153,67.71595512649947
CEC2014,V0,29,F29,Composition,30,10,15919128.89288566,10542345.34702573,9361292.160716705,6421405.261841373,32266489.609389316,300000.0,300000.0,323.7,286.5,0.0,0.0,53.56638622119935,53.602868298497924
CEC2014,V0,30,F30,Composition,30,10,13932248.057590913,10870011.636087447,6080386.573839977,9101646.039377872,26897237.829410736,300000.0,300000.0,211.0,216.5,0.0,0.0,103.2083870780989,103.24680316849845
CEC2014,V1,1,F1,Unimodal,30,10,13215003.990487482,13249215.556497503,1216458.7000210695,11268883.675848488,14962118.010195788,300000.0,300000.0,491.7,494.5,0.0,0.0,7.449819598001341,7.409416707501805
CEC2014,V1,2,F2,Unimodal,30,10,2353499.5393061806,2258202.8125147866,740802.1176020062,1231228.3626752328,3800080.052508568,300000.0,300000.0,52.5,53.0,0.0,0.0,6.525570577797771,6.480784236995532
CEC2014,V1,3,F3,Unimodal,30,10,37141.603616007604,39617.48377384244,9252.460163493666,21430.05010277395,49852.66785750138,300000.0,300000.0,98.0,98.5,0.0,0.0,6.518623550998745,6.53132192349949
CEC2014,V1,4,F4,Multimodal,30,10,150.33274162720488,165.48047020625967,51.82524755502199,79.30920900494345,198.325441833906,300000.0,300000.0,165.8,158.0,0.0,0.0,7.9077248080007845,7.960921660000167
CEC2014,V1,5,F5,Multimodal,30,10,21.27925678401,21.307383812290652,0.15721769774391436,20.986546034358756,21.475876295608717,300000.0,300000.0,4.2,4.5,0.0,0.0,7.586605579698516,7.5580490049978835
CEC2014,V1,6,F6,Multimodal,30,10,52.28356214366504,53.81273439951673,5.228564475266551,41.71562039741639,58.47909659600168,300000.0,300000.0,14.4,13.5,0.0,0.0,90.29880650379855,89.72930910899959
CEC2014,V1,7,F7,Multimodal,30,10,0.9832710120713954,1.0041909696155926,0.06598773821147942,0.8661895943816944,1.0625881192870563,300000.0,300000.0,52.4,51.0,0.0,0.0,7.58887882620038,7.585257377500966
CEC2014,V1,8,F8,Multimodal,30,10,581.6251412359637,554.2633048241083,97.32890208920858,477.48575247092526,798.8999278379283,300000.0,300000.0,11.9,11.5,0.0,0.0,7.200660786699882,7.215684742499434
CEC2014,V1,9,F9,Multimodal,30,10,946.7372152481918,946.8686864612614,247.58126271581708,639.3845645987822,1362.5860983684938,300000.0,300000.0,15.8,16.0,0.0,0.0,7.4160116720995575,7.441908602995682
CEC2014,V1,10,F10,Multimodal,30,10,6452.546677796732,6114.65760378956,1055.191949783468,5179.210458423935,8760.70915247258,300000.0,300000.0,15.2,16.0,0.0,0.0,12.590599043699331,12.51943487400058
CEC2014,V1,11,F11,Multimodal,30,10,6313.370250635349,6383.8528983032265,927.812615640173,4586.328057219497,7581.046852174884,300000.0,300000.0,22.5,20.0,0.0,0.0,12.833730123400164,12.85052844600068
CEC2014,V1,12,F12,Multimodal,30,10,2.6155939326145927,2.6256866326830277,1.1511306163711998,1.0693514603774474,5.090300343446415,300000.0,300000.0,15.9,17.0,0.0,0.0,507.255220417797,507.2655203479953
CEC2014,V1,13,F13,Multimodal,30,10,0.4629793687237907,0.46187615397366244,0.07919447056096401,0.340106192320718,0.6281583806010076,300000.0,300000.0,51.3,51.0,0.0,0.0,7.421077694398991,7.440153185496456
CEC2014,V1,14,F14,Multimodal,30,10,0.6181701436369167,0.6164736886647688,0.08366455950083056,0.5156480125911003,0.8111021634877034,300000.0,300000.0,52.6,53.5,0.0,0.0,7.435080073298013,7.43368090599688
CEC2014,V1,15,F15,Multimodal,30,10,47.24772680370754,48.90698182238816,9.019822647429317,30.71486462422172,60.44087412361296,300000.0,300000.0,58.5,59.0,0.0,0.0,8.549720967104076,8.494565944005444
CEC2014,V1,16,F16,Multimodal,30,10,14.274948809015608,14.294024628310808,0.3044370095331253,13.869372491478998,14.729801087136138,300000.0,300000.0,12.6,13.0,0.0,0.0,45.16340557680087,45.24759933000314
CEC2014,V1,17,F17,Hybrid,30,10,372036.65066718636,325545.3603623242,177745.9429261479,172267.05636600257,640013.1236224987,300000.0,300000.0,295.5,280.0,0.0,0.0,15.595393414898718,15.653431455997634
CEC2014,V1,18,F18,Hybrid,30,10,166153.78636563465,164097.77943451062,23928.90219526419,126986.62155383202,199185.99639123605,300000.0,300000.0,39.4,39.0,0.0,0.0,9.542529658698186,9.56943299449631
CEC2014,V1,19,F19,Hybrid,30,10,55.3294079949131,54.39483309202501,8.631320483718943,44.872599251524434,75.75379329794987,300000.0,300000.0,53.4,54.0,0.0,0.0,32.730995986799826,32.7327399354981
CEC2014,V1,20,F20,Hybrid,30,10,61841.24111198151,58833.641087931785,12620.749273761336,45459.62826350461,84881.01822705488,300000.0,300000.0,249.7,257.0,0.0,0.0,12.330651430903526,12.34274810950592
CEC2014,V1,21,F21,Hybrid,30,10,159796.46978999232,128724.73164447969,76805.1500816637,72691.63998411589,264550.0039439088,300000.0,300000.0,212.0,209.5,0.0,0.0,23.355424916402264,23.38445781449991
CEC2014,V1,22,F22,Hybrid,30,10,1301.045268197919,1193.2496803946856,387.25150963426387,832.2546170397654,2124.0330156997825,300000.0,300000.0,150.2,147.0,0.0,0.0,71.83822157000104,72.02186530250037
CEC2014,V1,23,F23,Composition,30,10,222.98176352442516,222.9183454477436,0.08811555556595584,222.91084767262876,223.1009935921165,300000.0,300000.0,368.8,358.5,0.0,0.0,18.916884349501924,18.78233004950016
CEC2014,V1,24,F24,Composition,30,10,779.1528764731406,891.2698821244035,378.52038468152165,257.33461716936654,1186.9336711665464,300000.0,300000.0,64.2,63.5,0.0,0.0,21.371900870700482,21.369350974498957
CEC2014,V1,25,F25,Composition,30,10,369.49929927478166,370.6877903324871,37.36353156924909,311.09888638542634,430.89948700369496,300000.0,300000.0,88.0,81.5,0.0,0.0,21.685845049098134,21.610624922497664
CEC2014,V1,26,F26,Composition,30,10,160.39037787574853,200.04776256182754,51.463083893095394,100.524599653696,200.55067210231573,300000.0,300000.0,451.8,484.5,0.0,0.0,110.16520504029904,110.0114212884946
CEC2014,V1,27,F27,Composition,30,10,1227.0940835396443,1527.02342229134,575.1761970706854,402.6635868225985,1809.3484180560872,300000.0,300000.0,143.3,55.0,0.0,0.0,110.0833890246984,109.93150408600923
CEC2014,V1,28,F28,Composition,30,10,7054.885433717138,7323.491161177051,1120.1337076191421,4945.93942100557,8563.586689485208,300000.0,300000.0,53.2,43.0,0.0,0.0,67.51052057070046,67.35146024349524
CEC2014,V1,29,F29,Composition,30,10,24951.04702432965,24091.792479762873,8014.887129388834,10937.345324280392,38561.61190343095,300000.0,300000.0,359.4,355.5,0.0,0.0,53.33405563680135,53.42948780999723
CEC2014,V1,30,F30,Composition,30,10,2916688.9914160594,3857679.5156341135,1611378.143286517,1069966.6870041604,4908811.067872855,300000.0,300000.0,403.2,414.0,0.0,0.0,104.30143820480006,103.66456902149366
CEC2014,V2,1,F1,Unimodal,30,10,85804941.37798691,69639584.68280208,32999146.863582995,48815827.2572937,136374421.8690438,300000.0,300000.0,110.7,125.0,0.0,0.0,7.545067073901737,7.634790254000109
CEC2014,V2,2,F2,Unimodal,30,10,10270452.399506036,4038952.1193315345,15574897.48742811,2144709.7786931098,50290105.733896784,300000.0,300000.0,62.0,62.0,0.0,0.0,6.556449678898934,6.523049325998727
CEC2014,V2,3,F3,Unimodal,30,10,35779.40442817722,34525.86289095799,7733.505955655614,27981.613412303308,48614.66632202428,300000.0,300000.0,92.8,99.0,0.0,0.0,6.551050255801238,6.5624731605021225
CEC2014,V2,4,F4,Multimodal,30,10,157.33213243547488,169.21828012821084,58.658841466221425,78.54756966739694,220.3478333446161,300000.0,300000.0,126.4,116.5,0.0,0.0,7.827288640198094,7.796727958499105
CEC2014,V2,5,F5,Multimodal,30,10,21.345465459686885,21.313696356254695,0.09231056133626309,21.23301994731446,21.475876295608717,300000.0,300000.0,4.0,4.0,0.0,0.0,7.595556271899113,7.593893844499689
CEC2014,V2,6,F6,Multimodal,30,10,50.48286524352318,51.744095624902116,5.6116884758915395,39.40309071876629,59.67551695969996,300000.0,300000.0,13.0,13.0,0.0,0.0,90.66632672479973,90.1089727810031
CEC2014,V2,7,F7,Multimodal,30,10,1.0232003439912547,1.0236244816708222,0.0070477282759507836,1.0097923854158353,1.0341645913521234,300000.0,300000.0,62.4,61.5,0.0,0.0,7.621929615098634,7.6114616349987045
CEC2014,V2,8,F8,Multimodal,30,10,592.2516696209063,585.338925871012,101.19414676435666,477.48575247092526,798.8999278379283,300000.0,300000.0,10.0,9.0,0.0,0.0,7.103323969999474,7.110672490500292
CEC2014,V2,9,F9,Multimodal,30,10,997.2534445565994,1012.9617268068351,280.77557672778823,639.3976106592006,1431.9055599826352,300000.0,300000.0,11.2,10.0,0.0,0.0,7.342526572899805,7.36994537549981
CEC2014,V2,10,F10,Multimodal,30,10,6374.084408585242,5981.710301193303,1135.4762135411834,5184.078275556468,8760.70915247258,300000.0,300000.0,16.0,14.5,0.0,0.0,12.609915910401469,12.557983206501376
CEC2014,V2,11,F11,Multimodal,30,10,8080.463497363351,8225.908766123845,1625.3046706323153,4104.881699162883,9942.144520527414,300000.0,300000.0,7.9,7.5,0.0,0.0,12.789643392100697,12.75443196299966
CEC2014,V2,12,F12,Multimodal,30,10,4.023817160090061,4.026363201214508,1.3630296371185606,1.449782936115298,6.173454909804832,300000.0,300000.0,11.3,11.5,0.0,0.0,508.67743159159943,508.09311899050226
CEC2014,V2,13,F13,Multimodal,30,10,0.7730181765037514,0.7899578045947919,0.1877468928873904,0.4217425494869076,1.0237949288218715,300000.0,300000.0,42.6,44.0,0.0,0.0,7.472562548299902,7.478812733992527
CEC2014,V2,14,F14,Multimodal,30,10,2.1084390164344766,2.2880868777706382,0.6571242366771533,0.9704325031057124,3.006578323075246,300000.0,300000.0,47.5,47.0,0.0,0.0,7.481170272898453,7.462676516006468
CEC2014,V2,15,F15,Multimodal,30,10,44.18420714786423,29.82573243553543,32.668761724792695,23.40915498883237,128.68732013999102,300000.0,300000.0,74.0,74.5,0.0,0.0,8.494533157898696,8.481189070502296
CEC2014,V2,16,F16,Multimodal,30,10,14.432083389829108,14.444405634714371,0.2837531759615165,14.034115766644844,14.92666430923896,300000.0,300000.0,4.7,5.0,0.0,0.0,44.96713138179912,45.11548692949873
CEC2014,V2,17,F17,Hybrid,30,10,5414516.032768505,5567861.484227482,2109329.6005074093,1524275.4704996098,8110118.614109182,300000.0,300000.0,59.6,60.0,0.0,0.0,15.556276723700284,15.529993664502399
CEC2014,V2,18,F18,Hybrid,30,10,700491.6461498328,167135.24506913993,1277676.9691822182,149618.67335461578,4113986.122541303,300000.0,300000.0,40.1,39.5,0.0,0.0,9.599950414801423,9.653002161998302
CEC2014,V2,19,F19,Hybrid,30,10,2911.7563015861347,1090.466416325642,4145.045062923524,62.30966435200162,12309.868948668598,300000.0,300000.0,43.3,43.0,0.0,0.0,32.869008132199816,33.04550920350448
CEC2014,V2,20,F20,Hybrid,30,10,202435.464337314,199132.49874283024,61311.25444902624,137234.74929850746,320276.6748885338,300000.0,300000.0,88.3,97.5,0.0,0.0,12.289161136600887,12.344893311012129
CEC2014,V2,21,F21,Hybrid,30,10,2817059.115649549,1957910.8248373964,3488327.545846656,85551.73806245509,12036250.499671794,300000.0,300000.0,73.3,68.0,0.0,0.0,23.216236190803464,23.173604767500365
CEC2014,V2,22,F22,Hybrid,30,10,2829.700627706109,2738.4127211282876,884.9055303772224,1736.183589465778,4512.452973515286,300000.0,300000.0,66.5,61.0,0.0,0.0,71.5838970750032,71.586109677497
CEC2014,V2,23,F23,Composition,30,10,222.92680618493878,222.92228262262736,0.016740919763031107,222.90102730551732,222.95677801176407,300000.0,300000.0,234.9,229.0,0.0,0.0,18.600625457598653,18.60696969400306
CEC2014,V2,24,F24,Composition,30,10,719.1144637270938,697.6727668381891,301.9098012785771,255.0692321147089,1119.8750639784762,300000.0,300000.0,43.5,40.5,0.0,0.0,21.423869718202333,21.3431765360001
CEC2014,V2,25,F25,Composition,30,10,308.71696264281934,285.75604064729646,80.98311501443008,224.26688060260176,470.63961286635686,300000.0,300000.0,59.7,61.5,0.0,0.0,21.574327428398828,21.77433917450253
CEC2014,V2,26,F26,Composition,30,10,195.91713369830313,206.3860325147948,33.47469593084682,100.95063396978958,210.066227108126,300000.0,300000.0,69.6,58.0,0.0,0.0,110.10073503129824,110.11204295749485
CEC2014,V2,27,F27,Composition,30,10,1070.0348764539133,1233.2027831410364,405.57446305011035,452.616495229358,1562.6175414781464,300000.0,300000.0,53.0,50.0,0.0,0.0,110.45408762809821,110.3267723914978
CEC2014,V2,28,F28,Composition,30,10,5731.882680044834,5864.418054797916,1211.9106869563043,3869.610095980916,7316.104135475627,300000.0,300000.0,35.0,35.5,0.0,0.0,67.75427281429874,67.47088132300269
CEC2014,V2,29,F29,Composition,30,10,13832842.455755074,8859023.371084534,13114379.60219305,1670410.366175365,39642943.636078864,300000.0,300000.0,122.9,121.0,0.0,0.0,52.89274452389945,52.87458818250161
CEC2014,V2,30,F30,Composition,30,10,15517983.013564114,14365900.97008922,6298676.804417602,8236356.21955849,28412746.37591192,300000.0,300000.0,128.4,110.5,0.0,0.0,103.3394093334995,103.56927769150207
CEC2014,V3,1,F1,Unimodal,30,10,9310980.605804827,9376466.303057928,1636730.190826376,6301352.079268366,11794160.758816332,300000.0,300000.0,800.5,824.0,0.0,0.0,7.604905441201845,7.664787998503016
CEC2014,V3,2,F2,Unimodal,30,10,2130160.304200128,2062211.427882705,721062.3759092669,1017296.5559369244,3170956.647968749,300000.0,300000.0,254.3,259.0,0.0,0.0,6.661844019300043,6.708551260999229
CEC2014,V3,3,F3,Unimodal,30,10,32749.30890208062,33703.59921160899,6183.938470106304,22502.340251899142,40640.49305433537,300000.0,300000.0,473.3,467.0,0.0,0.0,6.637583601401275,6.626640832000703
CEC2014,V3,4,F4,Multimodal,30,10,137.95274093778622,146.19370026892915,54.108127751182515,78.5657884151114,199.9814653572728,300000.0,300000.0,264.4,215.0,0.0,0.0,7.891352964199177,7.902852398001414
CEC2014,V3,5,F5,Multimodal,30,10,21.301159129452902,21.410154539419352,0.21711383302019438,20.79783347549119,21.482799119390503,300000.0,300000.0,28.3,3.5,0.0,0.0,7.62801884530054,7.649684959000297
CEC2014,V3,6,F6,Multimodal,30,10,51.92392352182151,53.73451744319135,4.930645697777898,40.861329090522304,55.95478855646365,300000.0,300000.0,23.0,23.0,0.0,0.0,90.14337232440012,90.04921101000218
CEC2014,V3,7,F7,Multimodal,30,10,0.9757608177892735,0.9881860777263114,0.05665491771053422,0.849785990680175,1.0250034523543263,300000.0,300000.0,182.3,183.0,0.0,0.0,7.640865194900835,7.673353305501223
CEC2014,V3,8,F8,Multimodal,30,10,581.1173417135824,553.566870603441,97.53292876800805,477.48145015681575,798.7010107580143,300000.0,300000.0,128.3,112.0,0.0,0.0,7.278835271499702,7.264895210500981
CEC2014,V3,9,F9,Multimodal,30,10,946.0825077831336,946.0550100132083,247.45287453117524,638.498367724314,1360.86817041329,300000.0,300000.0,104.9,66.0,0.0,0.0,7.398485513398919,7.40681119799774
CEC2014,V3,10,F10,Multimodal,30,10,6438.921875195719,6094.679274028189,1048.0936623543193,5165.8008754418415,8729.18266674177,300000.0,300000.0,104.0,37.0,0.0,0.0,12.619800668199606,12.59914067849968
CEC2014,V3,11,F11,Multimodal,30,10,6318.994013886426,6368.410889262457,942.8684307189312,4576.422455502601,7612.907675418279,300000.0,300000.0,153.4,114.0,0.0,0.0,12.859362307700213,12.838273491495784
CEC2014,V3,12,F12,Multimodal,30,10,2.729837237787751,2.4052923811777873,1.4066955044101925,1.0125694286946327,5.434161215084941,300000.0,300000.0,40.0,23.0,0.0,0.0,510.3529389457981,507.16905556649726
CEC2014,V3,13,F13,Multimodal,30,10,0.3947243164056544,0.35823733802521923,0.09876892634103657,0.2983549141740695,0.6279593212846066,300000.0,300000.0,54.1,52.5,0.0,0.0,7.54438214230031,7.519849016003718
CEC2014,V3,14,F14,Multimodal,30,10,0.4598928925969858,0.4078603672734289,0.11904076227545932,0.3690875068070909,0.7406292738335196,300000.0,300000.0,57.9,58.0,0.0,0.0,7.547376169204654,7.515775986001245
CEC2014,V3,15,F15,Multimodal,30,10,44.51989909133174,42.30441880516264,10.466083695330111,30.277240189889653,67.17772878303094,300000.0,300000.0,60.2,59.5,0.0,0.0,8.712916958304413,8.72537257100339
CEC2014,V3,16,F16,Multimodal,30,10,14.271204482092548,14.279731480366877,0.30768655200942874,13.839522565268226,14.732523149774806,300000.0,300000.0,160.5,142.5,0.0,0.0,45.277257729001576,45.44174663400918
CEC2014,V3,17,F17,Hybrid,30,10,367421.9544212021,372032.93777060043,145352.0099886496,203175.8335158524,620971.9358853855,300000.0,300000.0,295.7,251.0,0.0,0.0,15.631645594001748,15.619157417000679
CEC2014,V3,18,F18,Hybrid,30,10,146769.04520240278,143345.90912008204,17684.39122220275,129262.85223622764,190584.54574591477,300000.0,300000.0,131.3,109.5,0.0,0.0,9.704958392301341,9.702953367501323
CEC2014,V3,19,F19,Hybrid,30,10,59.70794721073844,52.337617010120425,18.20745123517848,48.70920365743132,109.71465221333732,300000.0,300000.0,61.5,61.0,0.0,0.0,33.01345595160092,32.93701582400536
CEC2014,V3,20,F20,Hybrid,30,10,61287.811681296196,59661.97790255277,10625.234693968441,44113.0807364855,78063.78405046163,300000.0,300000.0,358.9,357.5,0.0,0.0,12.299819930395461,12.360005329494015
CEC2014,V3,21,F21,Hybrid,30,10,142943.49275535025,120161.0245996997,91795.5047469776,59557.13279240945,319044.20302934234,300000.0,300000.0,351.9,360.0,0.0,0.0,23.4784569332056,23.462917435004783
CEC2014,V3,22,F22,Hybrid,30,10,2166.630806297045,1884.9658529792105,1147.1253193636333,982.1253636229794,4569.8940673592,300000.0,300000.0,105.9,105.5,0.0,0.0,72.20297161980125,71.92163214000175
CEC2014,V3,23,F23,Composition,30,10,222.97155255028534,222.99736180547484,0.06103359266856009,222.87328478827385,223.03306432464436,300000.0,300000.0,400.8,425.5,0.0,0.0,18.95947896440048,18.997979494008177
CEC2014,V3,24,F24,Composition,30,10,778.2615629255719,890.6073539291951,377.98257353220237,257.2882414459036,1182.8455523775428,300000.0,300000.0,186.0,155.5,0.0,0.0,21.179619845397248,21.066804674490413
CEC2014,V3,25,F25,Composition,30,10,365.7995687793268,362.04643659161457,34.966697728617824,314.5641883564049,430.5760154072423,300000.0,300000.0,188.4,186.5,0.0,0.0,21.28049614670017,21.30854991650267
CEC2014,V3,26,F26,Composition,30,10,160.39419858736807,200.2815442566009,51.63423435321695,100.34858448926524,200.53285571243032,300000.0,300000.0,358.4,353.5,0.0,0.0,110.53967364400015,110.4846730299978
CEC2014,V3,27,F27,Composition,30,10,1232.1878841124694,1554.208306929405,576.3288194619349,403.2176203552776,1739.0587673408436,300000.0,300000.0,119.1,66.0,0.0,0.0,110.24313489670166,110.24413573851052
CEC2014,V3,28,F28,Composition,30,10,6994.497197130379,7315.542707754004,1073.6341432912857,5229.845543480096,8494.516365612166,300000.0,300000.0,141.3,145.5,0.0,0.0,67.64841685709834,67.64311332049692
CEC2014,V3,29,F29,Composition,30,10,12864.788934132597,11117.015409332444,6310.886896291691,5610.722927023333,22976.97537191595,300000.0,300000.0,306.1,292.5,0.0,0.0,53.497436019298036,53.42222096348996
CEC2014,V3,30,F30,Composition,30,10,2175866.063901416,1057741.8005629613,1525223.1050878358,956716.8920213368,4075140.5811773073,300000.0,300000.0,550.8,480.5,0.0,0.0,104.14598522849992,103.93475350849621
CEC2014,V4,1,F1,Unimodal,30,10,5990839.354396284,5489779.251044421,2652154.767303346,2364325.602610498,10107240.805521982,300000.0,300000.0,1684.3,1673.0,3.2,3.5,7.526376384698961,7.515785414496349
CEC2014,V4,2,F2,Unimodal,30,10,790025.8808545931,656565.1591947125,513899.36968813464,389833.807471934,2079983.7329221368,300000.0,300000.0,1560.0,1568.0,3.3,3.5,6.740993194999464,6.795133364998037
CEC2014,V4,3,F3,Unimodal,30,10,10831.849484533672,7766.256257749899,10311.587473955287,1043.581702961047,30949.974838552032,300000.0,300000.0,1614.2,1619.0,3.1,3.0,6.514702186800423,6.537170971500018
CEC2014,V4,4,F4,Multimodal,30,10,65.41945205401262,72.11724569210438,21.038972327470837,6.156067737038086,77.93423435922273,300000.0,300000.0,1402.0,1405.0,7.7,8.0,7.870544648700161,7.799430691502494
CEC2014,V4,5,F5,Multimodal,30,10,21.136725485794102,21.16360947747137,0.17731784322462346,20.85413733610721,21.386419403171654,300000.0,300000.0,193.0,122.5,14.8,18.5,7.653233921800711,7.639595007003663
CEC2014,V4,6,F6,Multimodal,30,10,35.273516601476544,35.832376971757924,1.9126710188878568,30.636102225777563,37.16298269386516,300000.0,300000.0,462.7,461.5,19.5,19.5,90.61291202649954,91.07267445349862
CEC2014,V4,7,F7,Multimodal,30,10,0.47287271678394516,0.44638280469376923,0.22154342107443978,0.1917093716413092,0.7612455262709545,300000.0,300000.0,1172.9,1170.0,10.2,10.0,7.5797325186002125,7.609656445998553
CEC2014,V4,8,F8,Multimodal,30,10,281.90593560201614,283.29900264176536,19.857119174221012,239.301699816926,307.2195179818134,300000.0,300000.0,700.5,742.0,18.8,19.0,7.256036990900611,7.265190006502962
CEC2014,V4,9,F9,Multimodal,30,10,381.6360577737419,357.56030433544606,64.58067453553217,309.695823107842,478.0413455553792,300000.0,300000.0,697.1,699.0,18.5,20.0,7.394469567700435,7.374739647500974
CEC2014,V4,10,F10,Multimodal,30,10,3374.9457930542385,3442.259552405505,307.76386495183414,2706.3676408375395,3710.051241279505,300000.0,300000.0,468.6,451.0,17.9,20.0,12.58538179459938,12.58871739749884
CEC2014,V4,11,F11,Multimodal,30,10,3816.010379861766,3818.8938192783244,253.84286996150038,3371.159865451984,4105.352938792754,300000.0,300000.0,586.3,530.0,18.4,20.0,12.936718775799818,12.986322739998286
CEC2014,V4,12,F12,Multimodal,30,10,0.9866645207365081,0.961446632895445,0.24761841051148376,0.5883764297466314,1.560509838597227,300000.0,300000.0,258.1,257.5,20.0,20.0,507.75205907440034,505.5540261319984
CEC2014,V4,13,F13,Multimodal,30,10,0.3232694429678986,0.328644196820278,0.044106497361648234,0.2527776008350884,0.388860749621017,300000.0,300000.0,857.0,855.0,17.7,18.0,7.554239259599126,7.597623534995364
CEC2014,V4,14,F14,Multimodal,30,10,0.38337450153744607,0.3929035854433778,0.06332353781663193,0.2955077309782155,0.5091221506575039,300000.0,300000.0,856.2,856.5,18.3,18.0,7.489648074998695,7.500480476497614
CEC2014,V4,15,F15,Multimodal,30,10,13.895956530228613,14.34780810303721,2.6482631695997036,7.322175630911488,16.43286552435484,300000.0,300000.0,873.7,901.5,15.1,15.5,8.613463798700831,8.649647901002027
CEC2014,V4,16,F16,Multimodal,30,10,13.489654747123314,13.45026398026323,0.20534766995609766,13.232164532151046,13.88128267614843,300000.0,300000.0,293.5,233.0,19.9,20.0,45.36232028579834,45.418561431499256
CEC2014,V4,17,F17,Hybrid,30,10,169792.85435715027,145463.2947431096,79051.50953519596,85856.28483546614,290434.9806951489,300000.0,300000.0,1509.7,1516.0,6.2,6.0,15.599772237299476,15.657872662501177
CEC2014,V4,18,F18,Hybrid,30,10,80304.1790266791,79411.33047562651,13318.76095300293,57833.62214495761,98858.07010895852,300000.0,300000.0,1394.4,1381.0,6.4,6.5,9.616857858998992,9.62832707149937
CEC2014,V4,19,F19,Hybrid,30,10,34.55364741409867,32.91172509264811,3.531764248404954,30.959935565925434,42.00206666092368,300000.0,300000.0,850.1,827.5,15.0,15.0,32.95534132420289,32.924088389503595
CEC2014,V4,20,F20,Hybrid,30,10,33185.958993978296,32745.23893221039,8545.14902482145,16015.10720856422,48731.70899443265,300000.0,300000.0,1494.3,1474.0,5.4,6.0,12.239579347400285,12.204006318497704
CEC2014,V4,21,F21,Hybrid,30,10,44281.966214453496,44490.76015689892,9243.137167502962,31473.19598867235,56036.440067682895,300000.0,300000.0,1597.3,1580.5,3.7,4.0,23.05621026819863,23.12942993800243
CEC2014,V4,22,F22,Hybrid,30,10,601.6599864522107,562.0898102836254,355.65943453253334,207.51848948138783,1519.242145684486,300000.0,300000.0,1059.5,1158.0,10.4,11.5,71.66456633159832,71.3106088594941
CEC2014,V4,23,F23,Composition,30,10,222.86211379709053,222.86092092010813,0.005585649942930591,222.85682653980484,222.8769733348836,300000.0,300000.0,1351.2,1332.5,6.9,7.0,18.597054555499927,18.615186659997562
CEC2014,V4,24,F24,Composition,30,10,228.21555427436616,227.8651745550901,2.0379407828969205,225.8466020592873,231.02037669597397,300000.0,300000.0,1050.6,1038.5,13.4,14.0,21.303336474398385,21.289541848003864
CEC2014,V4,25,F25,Composition,30,10,216.32495465693455,214.34681413847647,5.546632949459748,208.40190194587055,225.356394031352,300000.0,300000.0,1205.8,1167.0,10.4,11.0,21.519071010599145,21.526925573496555
CEC2014,V4,26,F26,Composition,30,10,140.37489871923532,100.60123139324696,51.4832040285304,100.36157764287918,200.30573315891613,300000.0,300000.0,1437.2,1391.5,7.1,8.0,110.19931942409748,110.28502574800223
CEC2014,V4,27,F27,Composition,30,10,404.4298624550171,404.2098183136493,1.1992971773201717,402.5863375827812,406.9292773262992,300000.0,300000.0,1129.3,1146.5,10.4,10.0,110.51813255620073,110.37286920099724
CEC2014,V4,28,F28,Composition,30,10,4557.074276245452,4706.383026906675,631.6057143318554,3288.2067296164105,5407.658205471038,300000.0,300000.0,797.2,741.0,17.1,19.5,67.75197801409813,67.93172302049788
CEC2014,V4,29,F29,Composition,30,10,14985.4564639716,13077.941741390645,6381.342693271773,5744.302500359016,23584.71319225458,300000.0,300000.0,1391.7,1374.0,8.2,8.0,53.394417602998146,53.39319516049727
CEC2014,V4,30,F30,Composition,30,10,29939.583977036382,28352.352651817764,9480.662261411277,17550.848507386447,52793.68272859678,300000.0,300000.0,1444.9,1444.0,7.7,7.5,104.20542951529933,104.33575168299285
