function_id,dimension,n_reference_points,reference_design,q25,q75,IQR,scale_floor,noise_scale_Sf
1,30,128,unscrambled_Halton,12174682027.660362,31485723895.78563,19311041868.125267,0.019351272676758607,19311041868.125267
2,30,128,unscrambled_Halton,235597536633.4083,317977908985.20526,82380372351.79697,0.27479495627478623,82380372351.79697
3,30,128,unscrambled_Halton,886759143.4516792,8699388166.742132,7812629023.290453,0.003841904518312005,7812629023.290453
4,30,128,unscrambled_Halton,97944.2526648195,193817.9094439221,95873.6567791026,1.4001388256046108e-07,95873.6567791026
8,30,128,unscrambled_Halton,1442.0523269762516,1586.4954206017992,144.4430936255476,1.5056766136814423e-09,144.4430936255476
12,30,128,unscrambled_Halton,1212.583278783841,1218.6945187419349,6.111239958093847,1.2150316081617748e-09,6.111239958093847
17,30,128,unscrambled_Halton,3565206736.2221084,18335964090.394295,14770757354.172186,0.009127688983143667,14770757354.172186
20,30,128,unscrambled_Halton,8.95322578795756e+17,1.7955628895862997e+19,1.7060306317067241e+19,6467252.2365844725,1.7060306317067241e+19
22,30,128,unscrambled_Halton,6.598878910246581e+16,4.0463248771640294e+18,3.9803360880615634e+18,642957.9177673563,3.9803360880615634e+18
23,30,128,unscrambled_Halton,6020.06937956101,11698.725604860521,5678.656225299512,8.637237963800253e-09,5678.656225299512
26,30,128,unscrambled_Halton,3714.40221643332,5426.257113874643,1711.8548974413234,4.4734117259667854e-09,1711.8548974413234
30,30,128,unscrambled_Halton,3.268730931720995e+16,1.0800590862274248e+18,1.0473717769102148e+18,229938.4110628954,1.0473717769102148e+18
